Id,Value,Date
Sistema,0.74846,2003-01-01
Sistema,0.74711,2003-01-02
Sistema,0.74247,2003-01-03
Sistema,0.73896,2003-01-04
Sistema,0.73593,2003-01-05
Sistema,0.73309,2003-01-06
Sistema,0.72925,2003-01-07
Sistema,0.72542,2003-01-08
Sistema,0.72162,2003-01-09
Sistema,0.71752,2003-01-10
Sistema,0.71361,2003-01-11
Sistema,0.70998,2003-01-12
Sistema,0.70549,2003-01-13
Sistema,0.70133,2003-01-14
Sistema,0.69699,2003-01-15
Sistema,0.69242,2003-01-16
Sistema,0.68779,2003-01-17
Sistema,0.68404,2003-01-18
Sistema,0.68126,2003-01-19
Sistema,0.67803,2003-01-20
Sistema,0.67384,2003-01-21
Sistema,0.66929,2003-01-22
Sistema,0.66473,2003-01-23
Sistema,0.66018,2003-01-24
Sistema,0.65511,2003-01-25
Sistema,0.65182,2003-01-26
Sistema,0.64741,2003-01-27
Sistema,0.64308,2003-01-28
Sistema,0.6382,2003-01-29
Sistema,0.63366,2003-01-30
Sistema,0.62896,2003-01-31
Sistema,0.62401,2003-02-01
Sistema,0.62123,2003-02-02
Sistema,0.61655,2003-02-03
Sistema,0.61182,2003-02-04
Sistema,0.60694,2003-02-05
Sistema,0.60355,2003-02-06
Sistema,0.59925,2003-02-07
Sistema,0.59741,2003-02-08
Sistema,0.59489,2003-02-09
Sistema,0.59187,2003-02-10
Sistema,0.58795,2003-02-11
Sistema,0.58287,2003-02-12
Sistema,0.57869,2003-02-13
Sistema,0.5749,2003-02-14
Sistema,0.5715,2003-02-15
Sistema,0.56819,2003-02-16
Sistema,0.56475,2003-02-17
Sistema,0.56108,2003-02-18
Sistema,0.55618,2003-02-19
Sistema,0.5511,2003-02-20
Sistema,0.54561,2003-02-21
Sistema,0.54019,2003-02-22
Sistema,0.53597,2003-02-23
Sistema,0.53081,2003-02-24
Sistema,0.52586,2003-02-25
Sistema,0.52315,2003-02-26
Sistema,0.51889,2003-02-27
Sistema,0.51483,2003-02-28
Sistema,0.51126,2003-03-01
Sistema,0.50819,2003-03-02
Sistema,0.50424,2003-03-03
Sistema,0.49941,2003-03-04
Sistema,0.49463,2003-03-05
Sistema,0.48942,2003-03-06
Sistema,0.48456,2003-03-07
Sistema,0.47984,2003-03-08
Sistema,0.47542,2003-03-09
Sistema,0.47041,2003-03-10
Sistema,0.46533,2003-03-11
Sistema,0.45957,2003-03-12
Sistema,0.45502,2003-03-13
Sistema,0.451,2003-03-14
Sistema,0.44758,2003-03-15
Sistema,0.44493,2003-03-16
Sistema,0.44218,2003-03-17
Sistema,0.44032,2003-03-18
Sistema,0.43882,2003-03-19
Sistema,0.43671,2003-03-20
Sistema,0.43565,2003-03-21
Sistema,0.43477,2003-03-22
Sistema,0.43422,2003-03-23
Sistema,0.43325,2003-03-24
Sistema,0.43035,2003-03-25
Sistema,0.42879,2003-03-26
Sistema,0.42748,2003-03-27
Sistema,0.42787,2003-03-28
Sistema,0.43011,2003-03-29
Sistema,0.43058,2003-03-30
Sistema,0.42801,2003-03-31
Sistema,0.42579,2003-04-01
Sistema,0.42249,2003-04-02
Sistema,0.41831,2003-04-03
Sistema,0.41723,2003-04-04
Sistema,0.41539,2003-04-05
Sistema,0.41448,2003-04-06
Sistema,0.41069,2003-04-07
Sistema,0.40635,2003-04-08
Sistema,0.40228,2003-04-09
Sistema,0.39924,2003-04-10
Sistema,0.3964,2003-04-11
Sistema,0.39804,2003-04-12
Sistema,0.40205,2003-04-13
Sistema,0.40966,2003-04-14
Sistema,0.41873,2003-04-15
Sistema,0.42253,2003-04-16
Sistema,0.42507,2003-04-17
Sistema,0.42719,2003-04-18
Sistema,0.4299,2003-04-19
Sistema,0.43161,2003-04-20
Sistema,0.43366,2003-04-21
Sistema,0.43622,2003-04-22
Sistema,0.44108,2003-04-23
Sistema,0.43988,2003-04-24
Sistema,0.44158,2003-04-25
Sistema,0.44248,2003-04-26
Sistema,0.44913,2003-04-27
Sistema,0.45079,2003-04-28
Sistema,0.45237,2003-04-29
Sistema,0.45155,2003-04-30
Sistema,0.45289,2003-05-01
Sistema,0.45118,2003-05-02
Sistema,0.45048,2003-05-03
Sistema,0.45141,2003-05-04
Sistema,0.4509,2003-05-05
Sistema,0.44997,2003-05-06
Sistema,0.45067,2003-05-07
Sistema,0.4512,2003-05-08
Sistema,0.45554,2003-05-09
Sistema,0.45878,2003-05-10
Sistema,0.46378,2003-05-11
Sistema,0.46945,2003-05-12
Sistema,0.48021,2003-05-13
Sistema,0.48589,2003-05-14
Sistema,0.49098,2003-05-15
Sistema,0.49567,2003-05-16
Sistema,0.50093,2003-05-17
Sistema,0.51849,2003-05-18
Sistema,0.52766,2003-05-19
Sistema,0.53265,2003-05-20
Sistema,0.53622,2003-05-21
Sistema,0.53959,2003-05-22
Sistema,0.54197,2003-05-23
Sistema,0.54638,2003-05-24
Sistema,0.55382,2003-05-25
Sistema,0.55678,2003-05-26
Sistema,0.55786,2003-05-27
Sistema,0.55829,2003-05-28
Sistema,0.55919,2003-05-29
Sistema,0.56334,2003-05-30
Sistema,0.56521,2003-05-31
Sistema,0.56666,2003-06-01
Sistema,0.56896,2003-06-02
Sistema,0.57029,2003-06-03
Sistema,0.57057,2003-06-04
Sistema,0.57124,2003-06-05
Sistema,0.57275,2003-06-06
Sistema,0.57669,2003-06-07
Sistema,0.57779,2003-06-08
Sistema,0.57732,2003-06-09
Sistema,0.57559,2003-06-10
Sistema,0.57865,2003-06-11
Sistema,0.58049,2003-06-12
Sistema,0.58636,2003-06-13
Sistema,0.5913,2003-06-14
Sistema,0.59852,2003-06-15
Sistema,0.60059,2003-06-16
Sistema,0.60403,2003-06-17
Sistema,0.61112,2003-06-18
Sistema,0.61696,2003-06-19
Sistema,0.62048,2003-06-20
Sistema,0.6264,2003-06-21
Sistema,0.63355,2003-06-22
Sistema,0.63729,2003-06-23
Sistema,0.64127,2003-06-24
Sistema,0.64623,2003-06-25
Sistema,0.64719,2003-06-26
Sistema,0.64946,2003-06-27
Sistema,0.65057,2003-06-28
Sistema,0.65357,2003-06-29
Sistema,0.65628,2003-06-30
Sistema,0.65872,2003-07-01
Sistema,0.65852,2003-07-02
Sistema,0.65723,2003-07-03
Sistema,0.65666,2003-07-04
Sistema,0.65717,2003-07-05
Sistema,0.65883,2003-07-06
Sistema,0.65856,2003-07-07
Sistema,0.65825,2003-07-08
Sistema,0.66002,2003-07-09
Sistema,0.65996,2003-07-10
Sistema,0.66469,2003-07-11
Sistema,0.66713,2003-07-12
Sistema,0.67209,2003-07-13
Sistema,0.6738,2003-07-14
Sistema,0.6731,2003-07-15
Sistema,0.6724,2003-07-16
Sistema,0.67478,2003-07-17
Sistema,0.67593,2003-07-18
Sistema,0.67581,2003-07-19
Sistema,0.67672,2003-07-20
Sistema,0.67808,2003-07-21
Sistema,0.68139,2003-07-22
Sistema,0.68376,2003-07-23
Sistema,0.68528,2003-07-24
Sistema,0.68772,2003-07-25
Sistema,0.6924,2003-07-26
Sistema,0.6992,2003-07-27
Sistema,0.70148,2003-07-28
Sistema,0.70164,2003-07-29
Sistema,0.70561,2003-07-30
Sistema,0.71146,2003-07-31
Sistema,0.71616,2003-08-01
Sistema,0.72059,2003-08-02
Sistema,0.72972,2003-08-03
Sistema,0.73132,2003-08-04
Sistema,0.73118,2003-08-05
Sistema,0.73006,2003-08-06
Sistema,0.72991,2003-08-07
Sistema,0.72995,2003-08-08
Sistema,0.7294,2003-08-09
Sistema,0.72886,2003-08-10
Sistema,0.73063,2003-08-11
Sistema,0.72808,2003-08-12
Sistema,0.72802,2003-08-13
Sistema,0.72842,2003-08-14
Sistema,0.72866,2003-08-15
Sistema,0.72766,2003-08-16
Sistema,0.72872,2003-08-17
Sistema,0.72837,2003-08-18
Sistema,0.72768,2003-08-19
Sistema,0.72873,2003-08-20
Sistema,0.72833,2003-08-21
Sistema,0.72895,2003-08-22
Sistema,0.72954,2003-08-23
Sistema,0.73028,2003-08-24
Sistema,0.72822,2003-08-25
Sistema,0.73026,2003-08-26
Sistema,0.73558,2003-08-27
Sistema,0.73849,2003-08-28
Sistema,0.74107,2003-08-29
Sistema,0.74117,2003-08-30
Sistema,0.74078,2003-08-31
Sistema,0.73906,2003-09-01
Sistema,0.73858,2003-09-02
Sistema,0.73656,2003-09-03
Sistema,0.74141,2003-09-04
Sistema,0.73598,2003-09-05
Sistema,0.73806,2003-09-06
Sistema,0.74024,2003-09-07
Sistema,0.74106,2003-09-08
Sistema,0.74218,2003-09-09
Sistema,0.74344,2003-09-10
Sistema,0.74785,2003-09-11
Sistema,0.74849,2003-09-12
Sistema,0.74905,2003-09-13
Sistema,0.74908,2003-09-14
Sistema,0.74753,2003-09-15
Sistema,0.74571,2003-09-16
Sistema,0.74517,2003-09-17
Sistema,0.74508,2003-09-18
Sistema,0.74375,2003-09-19
Sistema,0.745,2003-09-20
Sistema,0.74539,2003-09-21
Sistema,0.74473,2003-09-22
Sistema,0.74415,2003-09-23
Sistema,0.74408,2003-09-24
Sistema,0.7442,2003-09-25
Sistema,0.74437,2003-09-26
Sistema,0.74607,2003-09-27
Sistema,0.74821,2003-09-28
Sistema,0.74801,2003-09-29
Sistema,0.74959,2003-09-30
Sistema,0.75102,2003-10-01
Sistema,0.75065,2003-10-02
Sistema,0.74963,2003-10-03
Sistema,0.74955,2003-10-04
Sistema,0.75156,2003-10-05
Sistema,0.75156,2003-10-06
Sistema,0.75098,2003-10-07
Sistema,0.75089,2003-10-08
Sistema,0.7532,2003-10-09
Sistema,0.75613,2003-10-10
Sistema,0.76104,2003-10-11
Sistema,0.76124,2003-10-12
Sistema,0.76319,2003-10-13
Sistema,0.76558,2003-10-14
Sistema,0.76822,2003-10-15
Sistema,0.77099,2003-10-16
Sistema,0.77167,2003-10-17
Sistema,0.77092,2003-10-18
Sistema,0.77192,2003-10-19
Sistema,0.7767,2003-10-20
Sistema,0.78224,2003-10-21
Sistema,0.78347,2003-10-22
Sistema,0.78247,2003-10-23
Sistema,0.78288,2003-10-24
Sistema,0.78414,2003-10-25
Sistema,0.78509,2003-10-26
Sistema,0.78562,2003-10-27
Sistema,0.78751,2003-10-28
Sistema,0.79127,2003-10-29
Sistema,0.79678,2003-10-30
Sistema,0.80107,2003-10-31
Sistema,0.80435,2003-11-01
Sistema,0.80743,2003-11-02
Sistema,0.8088,2003-11-03
Sistema,0.80869,2003-11-04
Sistema,0.80679,2003-11-05
Sistema,0.80654,2003-11-06
Sistema,0.80621,2003-11-07
Sistema,0.80785,2003-11-08
Sistema,0.80885,2003-11-09
Sistema,0.80976,2003-11-10
Sistema,0.81236,2003-11-11
Sistema,0.81349,2003-11-12
Sistema,0.81349,2003-11-13
Sistema,0.81383,2003-11-14
Sistema,0.81724,2003-11-15
Sistema,0.81808,2003-11-16
Sistema,0.81772,2003-11-17
Sistema,0.81642,2003-11-18
Sistema,0.81447,2003-11-19
Sistema,0.81403,2003-11-20
Sistema,0.81324,2003-11-21
Sistema,0.81571,2003-11-22
Sistema,0.81758,2003-11-23
Sistema,0.81998,2003-11-24
Sistema,0.82078,2003-11-25
Sistema,0.82148,2003-11-26
Sistema,0.82083,2003-11-27
Sistema,0.82094,2003-11-28
Sistema,0.82293,2003-11-29
Sistema,0.82503,2003-11-30
Sistema,0.83005,2003-12-01
Sistema,0.83408,2003-12-02
Sistema,0.83828,2003-12-03
Sistema,0.83978,2003-12-04
Sistema,0.84156,2003-12-05
Sistema,0.84381,2003-12-06
Sistema,0.84436,2003-12-07
Sistema,0.84489,2003-12-08
Sistema,0.84371,2003-12-09
Sistema,0.84158,2003-12-10
Sistema,0.83953,2003-12-11
Sistema,0.83683,2003-12-12
Sistema,0.83479,2003-12-13
Sistema,0.83395,2003-12-14
Sistema,0.83205,2003-12-15
Sistema,0.82835,2003-12-16
Sistema,0.82525,2003-12-17
Sistema,0.82257,2003-12-18
Sistema,0.81238,2003-12-19
Sistema,0.81093,2003-12-20
Sistema,0.81026,2003-12-21
Sistema,0.80879,2003-12-22
Sistema,0.80598,2003-12-23
Sistema,0.80379,2003-12-24
Sistema,0.80364,2003-12-25
Sistema,0.80154,2003-12-26
Sistema,0.80123,2003-12-27
Sistema,0.8021,2003-12-28
Sistema,0.79981,2003-12-29
Sistema,0.79722,2003-12-30
Sistema,0.79442,2003-12-31
Sistema,0.79883,2004-01-01
Sistema,0.78998,2004-01-02
Sistema,0.78673,2004-01-03
Sistema,0.7842,2004-01-04
Sistema,0.78157,2004-01-05
Sistema,0.77879,2004-01-06
Sistema,0.77726,2004-01-07
Sistema,0.77579,2004-01-08
Sistema,0.7747,2004-01-09
Sistema,0.77552,2004-01-10
Sistema,0.77539,2004-01-11
Sistema,0.77451,2004-01-12
Sistema,0.77178,2004-01-13
Sistema,0.76844,2004-01-14
Sistema,0.76485,2004-01-15
Sistema,0.76158,2004-01-16
Sistema,0.7597,2004-01-17
Sistema,0.75764,2004-01-18
Sistema,0.75405,2004-01-19
Sistema,0.75055,2004-01-20
Sistema,0.74678,2004-01-21
Sistema,0.74349,2004-01-22
Sistema,0.74002,2004-01-23
Sistema,0.73316,2004-01-24
Sistema,0.73016,2004-01-25
Sistema,0.7256,2004-01-26
Sistema,0.72211,2004-01-27
Sistema,0.71762,2004-01-28
Sistema,0.71281,2004-01-29
Sistema,0.7077,2004-01-30
Sistema,0.70302,2004-01-31
Sistema,0.69859,2004-02-01
Sistema,0.69366,2004-02-02
Sistema,0.68814,2004-02-03
Sistema,0.68278,2004-02-04
Sistema,0.6774,2004-02-05
Sistema,0.6709,2004-02-06
Sistema,0.66606,2004-02-07
Sistema,0.66157,2004-02-08
Sistema,0.65621,2004-02-09
Sistema,0.65063,2004-02-10
Sistema,0.64495,2004-02-11
Sistema,0.63985,2004-02-12
Sistema,0.6359,2004-02-13
Sistema,0.63096,2004-02-14
Sistema,0.62677,2004-02-15
Sistema,0.62118,2004-02-16
Sistema,0.61513,2004-02-17
Sistema,0.60974,2004-02-18
Sistema,0.60603,2004-02-19
Sistema,0.6019,2004-02-20
Sistema,0.59821,2004-02-21
Sistema,0.59679,2004-02-22
Sistema,0.59399,2004-02-23
Sistema,0.59377,2004-02-24
Sistema,0.59223,2004-02-25
Sistema,0.59003,2004-02-26
Sistema,0.58711,2004-02-27
Sistema,0.58564,2004-02-28
Sistema,0.58455,2004-02-29
Sistema,0.58651,2004-03-01
Sistema,0.58594,2004-03-02
Sistema,0.5842,2004-03-03
Sistema,0.58067,2004-03-04
Sistema,0.5758,2004-03-05
Sistema,0.57303,2004-03-06
Sistema,0.57064,2004-03-07
Sistema,0.56614,2004-03-08
Sistema,0.56217,2004-03-09
Sistema,0.5583,2004-03-10
Sistema,0.55855,2004-03-11
Sistema,0.55731,2004-03-12
Sistema,0.55496,2004-03-13
Sistema,0.55397,2004-03-14
Sistema,0.55275,2004-03-15
Sistema,0.54879,2004-03-16
Sistema,0.5445,2004-03-17
Sistema,0.53916,2004-03-18
Sistema,0.53383,2004-03-19
Sistema,0.52936,2004-03-20
Sistema,0.5261,2004-03-21
Sistema,0.52256,2004-03-22
Sistema,0.51796,2004-03-23
Sistema,0.51536,2004-03-24
Sistema,0.51355,2004-03-25
Sistema,0.51174,2004-03-26
Sistema,0.51197,2004-03-27
Sistema,0.51332,2004-03-28
Sistema,0.51103,2004-03-29
Sistema,0.50629,2004-03-30
Sistema,0.50367,2004-03-31
Sistema,0.50156,2004-04-01
Sistema,0.49985,2004-04-02
Sistema,0.50275,2004-04-03
Sistema,0.5039,2004-04-04
Sistema,0.50282,2004-04-05
Sistema,0.498,2004-04-06
Sistema,0.49341,2004-04-07
Sistema,0.49176,2004-04-08
Sistema,0.48984,2004-04-09
Sistema,0.48846,2004-04-10
Sistema,0.48706,2004-04-11
Sistema,0.48408,2004-04-12
Sistema,0.48189,2004-04-13
Sistema,0.48051,2004-04-14
Sistema,0.48166,2004-04-15
Sistema,0.48199,2004-04-16
Sistema,0.48199,2004-04-17
Sistema,0.4823,2004-04-18
Sistema,0.4824,2004-04-19
Sistema,0.48305,2004-04-20
Sistema,0.48456,2004-04-21
Sistema,0.48519,2004-04-22
Sistema,0.49204,2004-04-23
Sistema,0.49556,2004-04-24
Sistema,0.49996,2004-04-25
Sistema,0.50217,2004-04-26
Sistema,0.50434,2004-04-27
Sistema,0.50793,2004-04-28
Sistema,0.50719,2004-04-29
Sistema,0.50785,2004-04-30
Sistema,0.50946,2004-05-01
Sistema,0.51289,2004-05-02
Sistema,0.51549,2004-05-03
Sistema,0.51827,2004-05-04
Sistema,0.52091,2004-05-05
Sistema,0.52488,2004-05-06
Sistema,0.52728,2004-05-07
Sistema,0.5308,2004-05-08
Sistema,0.5467,2004-05-09
Sistema,0.55521,2004-05-10
Sistema,0.55783,2004-05-11
Sistema,0.56037,2004-05-12
Sistema,0.56264,2004-05-13
Sistema,0.56715,2004-05-14
Sistema,0.56796,2004-05-15
Sistema,0.57107,2004-05-16
Sistema,0.57564,2004-05-17
Sistema,0.57857,2004-05-18
Sistema,0.5851,2004-05-19
Sistema,0.59694,2004-05-20
Sistema,0.60063,2004-05-21
Sistema,0.60465,2004-05-22
Sistema,0.60874,2004-05-23
Sistema,0.61294,2004-05-24
Sistema,0.61364,2004-05-25
Sistema,0.61668,2004-05-26
Sistema,0.6203,2004-05-27
Sistema,0.62241,2004-05-28
Sistema,0.62737,2004-05-29
Sistema,0.6325,2004-05-30
Sistema,0.63535,2004-05-31
Sistema,0.64086,2004-06-01
Sistema,0.647,2004-06-02
Sistema,0.65676,2004-06-03
Sistema,0.67092,2004-06-04
Sistema,0.68414,2004-06-05
Sistema,0.70031,2004-06-06
Sistema,0.70724,2004-06-07
Sistema,0.71068,2004-06-08
Sistema,0.71798,2004-06-09
Sistema,0.72,2004-06-10
Sistema,0.72044,2004-06-11
Sistema,0.72593,2004-06-12
Sistema,0.73103,2004-06-13
Sistema,0.73401,2004-06-14
Sistema,0.74046,2004-06-15
Sistema,0.74942,2004-06-16
Sistema,0.75126,2004-06-17
Sistema,0.75232,2004-06-18
Sistema,0.75376,2004-06-19
Sistema,0.75424,2004-06-20
Sistema,0.75523,2004-06-21
Sistema,0.75412,2004-06-22
Sistema,0.75386,2004-06-23
Sistema,0.757,2004-06-24
Sistema,0.75448,2004-06-25
Sistema,0.75408,2004-06-26
Sistema,0.75344,2004-06-27
Sistema,0.75796,2004-06-28
Sistema,0.75761,2004-06-29
Sistema,0.75724,2004-06-30
Sistema,0.7573,2004-07-01
Sistema,0.75759,2004-07-02
Sistema,0.75698,2004-07-03
Sistema,0.76132,2004-07-04
Sistema,0.76482,2004-07-05
Sistema,0.76374,2004-07-06
Sistema,0.76466,2004-07-07
Sistema,0.76418,2004-07-08
Sistema,0.76498,2004-07-09
Sistema,0.76637,2004-07-10
Sistema,0.76846,2004-07-11
Sistema,0.77173,2004-07-12
Sistema,0.77655,2004-07-13
Sistema,0.78568,2004-07-14
Sistema,0.78734,2004-07-15
Sistema,0.79218,2004-07-16
Sistema,0.79158,2004-07-17
Sistema,0.79121,2004-07-18
Sistema,0.79406,2004-07-19
Sistema,0.79501,2004-07-20
Sistema,0.79827,2004-07-21
Sistema,0.80397,2004-07-22
Sistema,0.80261,2004-07-23
Sistema,0.80459,2004-07-24
Sistema,0.80549,2004-07-25
Sistema,0.80532,2004-07-26
Sistema,0.80862,2004-07-27
Sistema,0.81196,2004-07-28
Sistema,0.81356,2004-07-29
Sistema,0.81243,2004-07-30
Sistema,0.81532,2004-07-31
Sistema,0.81499,2004-08-01
Sistema,0.81383,2004-08-02
Sistema,0.81242,2004-08-03
Sistema,0.81561,2004-08-04
Sistema,0.81326,2004-08-05
Sistema,0.81459,2004-08-06
Sistema,0.8143,2004-08-07
Sistema,0.81474,2004-08-08
Sistema,0.81425,2004-08-09
Sistema,0.81313,2004-08-10
Sistema,0.81167,2004-08-11
Sistema,0.81163,2004-08-12
Sistema,0.81044,2004-08-13
Sistema,0.80963,2004-08-14
Sistema,0.80975,2004-08-15
Sistema,0.80929,2004-08-16
Sistema,0.80729,2004-08-17
Sistema,0.80915,2004-08-18
Sistema,0.80738,2004-08-19
Sistema,0.81025,2004-08-20
Sistema,0.81169,2004-08-21
Sistema,0.81189,2004-08-22
Sistema,0.80864,2004-08-23
Sistema,0.80903,2004-08-24
Sistema,0.81131,2004-08-25
Sistema,0.81204,2004-08-26
Sistema,0.81225,2004-08-27
Sistema,0.81231,2004-08-28
Sistema,0.81237,2004-08-29
Sistema,0.81169,2004-08-30
Sistema,0.81401,2004-08-31
Sistema,0.81613,2004-09-01
Sistema,0.81504,2004-09-02
Sistema,0.81392,2004-09-03
Sistema,0.81539,2004-09-04
Sistema,0.82287,2004-09-05
Sistema,0.82382,2004-09-06
Sistema,0.82326,2004-09-07
Sistema,0.82405,2004-09-08
Sistema,0.82479,2004-09-09
Sistema,0.82713,2004-09-10
Sistema,0.83058,2004-09-11
Sistema,0.83264,2004-09-12
Sistema,0.83194,2004-09-13
Sistema,0.83213,2004-09-14
Sistema,0.83217,2004-09-15
Sistema,0.83173,2004-09-16
Sistema,0.83138,2004-09-17
Sistema,0.83157,2004-09-18
Sistema,0.83187,2004-09-19
Sistema,0.83195,2004-09-20
Sistema,0.83175,2004-09-21
Sistema,0.83026,2004-09-22
Sistema,0.82832,2004-09-23
Sistema,0.82769,2004-09-24
Sistema,0.82807,2004-09-25
Sistema,0.83063,2004-09-26
Sistema,0.83348,2004-09-27
Sistema,0.83506,2004-09-28
Sistema,0.83537,2004-09-29
Sistema,0.8357,2004-09-30
Sistema,0.83818,2004-10-01
Sistema,0.83787,2004-10-02
Sistema,0.83745,2004-10-03
Sistema,0.83776,2004-10-04
Sistema,0.83719,2004-10-05
Sistema,0.83793,2004-10-06
Sistema,0.83846,2004-10-07
Sistema,0.83806,2004-10-08
Sistema,0.8375,2004-10-09
Sistema,0.83688,2004-10-10
Sistema,0.83576,2004-10-11
Sistema,0.83458,2004-10-12
Sistema,0.83324,2004-10-13
Sistema,0.83139,2004-10-14
Sistema,0.82811,2004-10-15
Sistema,0.82608,2004-10-16
Sistema,0.82732,2004-10-17
Sistema,0.83118,2004-10-18
Sistema,0.83145,2004-10-19
Sistema,0.83262,2004-10-20
Sistema,0.83409,2004-10-21
Sistema,0.83332,2004-10-22
Sistema,0.83571,2004-10-23
Sistema,0.83771,2004-10-24
Sistema,0.84294,2004-10-25
Sistema,0.84247,2004-10-26
Sistema,0.84341,2004-10-27
Sistema,0.84481,2004-10-28
Sistema,0.84663,2004-10-29
Sistema,0.84882,2004-10-30
Sistema,0.85251,2004-10-31
Sistema,0.85285,2004-11-01
Sistema,0.85344,2004-11-02
Sistema,0.85331,2004-11-03
Sistema,0.8525,2004-11-04
Sistema,0.85214,2004-11-05
Sistema,0.85365,2004-11-06
Sistema,0.85701,2004-11-07
Sistema,0.85928,2004-11-08
Sistema,0.85918,2004-11-09
Sistema,0.85932,2004-11-10
Sistema,0.85753,2004-11-11
Sistema,0.85566,2004-11-12
Sistema,0.85544,2004-11-13
Sistema,0.86031,2004-11-14
Sistema,0.86482,2004-11-15
Sistema,0.86589,2004-11-16
Sistema,0.86825,2004-11-17
Sistema,0.87114,2004-11-18
Sistema,0.87707,2004-11-19
Sistema,0.88019,2004-11-20
Sistema,0.88018,2004-11-21
Sistema,0.87844,2004-11-22
Sistema,0.87616,2004-11-23
Sistema,0.87408,2004-11-24
Sistema,0.87275,2004-11-25
Sistema,0.87222,2004-11-26
Sistema,0.87117,2004-11-27
Sistema,0.86983,2004-11-28
Sistema,0.86807,2004-11-29
Sistema,0.86603,2004-11-30
Sistema,0.86568,2004-12-01
Sistema,0.8657,2004-12-02
Sistema,0.86433,2004-12-03
Sistema,0.86271,2004-12-04
Sistema,0.86112,2004-12-05
Sistema,0.8583,2004-12-06
Sistema,0.85765,2004-12-07
Sistema,0.85759,2004-12-08
Sistema,0.85554,2004-12-09
Sistema,0.85311,2004-12-10
Sistema,0.85166,2004-12-11
Sistema,0.8514,2004-12-12
Sistema,0.8496,2004-12-13
Sistema,0.84724,2004-12-14
Sistema,0.84692,2004-12-15
Sistema,0.84595,2004-12-16
Sistema,0.84457,2004-12-17
Sistema,0.84381,2004-12-18
Sistema,0.84258,2004-12-19
Sistema,0.84015,2004-12-20
Sistema,0.8375,2004-12-21
Sistema,0.83441,2004-12-22
Sistema,0.83109,2004-12-23
Sistema,0.8284,2004-12-24
Sistema,0.82733,2004-12-25
Sistema,0.82642,2004-12-26
Sistema,0.82379,2004-12-27
Sistema,0.82096,2004-12-28
Sistema,0.81837,2004-12-29
Sistema,0.81551,2004-12-30
Sistema,0.81306,2004-12-31
Sistema,0.81087,2005-01-01
Sistema,0.8088,2005-01-02
Sistema,0.80541,2005-01-03
Sistema,0.80187,2005-01-04
Sistema,0.79828,2005-01-05
Sistema,0.79545,2005-01-06
Sistema,0.79242,2005-01-07
Sistema,0.78988,2005-01-08
Sistema,0.78852,2005-01-09
Sistema,0.78773,2005-01-10
Sistema,0.78535,2005-01-11
Sistema,0.78311,2005-01-12
Sistema,0.77955,2005-01-13
Sistema,0.77575,2005-01-14
Sistema,0.77414,2005-01-15
Sistema,0.77275,2005-01-16
Sistema,0.77014,2005-01-17
Sistema,0.76673,2005-01-18
Sistema,0.7637,2005-01-19
Sistema,0.7616,2005-01-20
Sistema,0.75859,2005-01-21
Sistema,0.75549,2005-01-22
Sistema,0.75278,2005-01-23
Sistema,0.74936,2005-01-24
Sistema,0.74608,2005-01-25
Sistema,0.74233,2005-01-26
Sistema,0.73783,2005-01-27
Sistema,0.7343,2005-01-28
Sistema,0.7317,2005-01-29
Sistema,0.72981,2005-01-30
Sistema,0.72514,2005-01-31
Sistema,0.72074,2005-02-01
Sistema,0.71655,2005-02-02
Sistema,0.71338,2005-02-03
Sistema,0.70925,2005-02-04
Sistema,0.70697,2005-02-05
Sistema,0.70508,2005-02-06
Sistema,0.70148,2005-02-07
Sistema,0.69884,2005-02-08
Sistema,0.69612,2005-02-09
Sistema,0.69361,2005-02-10
Sistema,0.69204,2005-02-11
Sistema,0.69583,2005-02-12
Sistema,0.69545,2005-02-13
Sistema,0.6911,2005-02-14
Sistema,0.68736,2005-02-15
Sistema,0.6831,2005-02-16
Sistema,0.67905,2005-02-17
Sistema,0.67525,2005-02-18
Sistema,0.67046,2005-02-19
Sistema,0.66719,2005-02-20
Sistema,0.66281,2005-02-21
Sistema,0.65768,2005-02-22
Sistema,0.65275,2005-02-23
Sistema,0.64811,2005-02-24
Sistema,0.64324,2005-02-25
Sistema,0.63409,2005-02-26
Sistema,0.63096,2005-02-27
Sistema,0.62674,2005-02-28
Sistema,0.62272,2005-03-01
Sistema,0.61806,2005-03-02
Sistema,0.61408,2005-03-03
Sistema,0.61161,2005-03-04
Sistema,0.60877,2005-03-05
Sistema,0.60678,2005-03-06
Sistema,0.60308,2005-03-07
Sistema,0.59812,2005-03-08
Sistema,0.594,2005-03-09
Sistema,0.58996,2005-03-10
Sistema,0.58502,2005-03-11
Sistema,0.57945,2005-03-12
Sistema,0.57556,2005-03-13
Sistema,0.56962,2005-03-14
Sistema,0.56367,2005-03-15
Sistema,0.55734,2005-03-16
Sistema,0.55155,2005-03-17
Sistema,0.54672,2005-03-18
Sistema,0.54302,2005-03-19
Sistema,0.54157,2005-03-20
Sistema,0.53884,2005-03-21
Sistema,0.53402,2005-03-22
Sistema,0.52947,2005-03-23
Sistema,0.53016,2005-03-24
Sistema,0.52831,2005-03-25
Sistema,0.52552,2005-03-26
Sistema,0.52422,2005-03-27
Sistema,0.51923,2005-03-28
Sistema,0.51499,2005-03-29
Sistema,0.51015,2005-03-30
Sistema,0.50577,2005-03-31
Sistema,0.50201,2005-04-01
Sistema,0.49905,2005-04-02
Sistema,0.49922,2005-04-03
Sistema,0.4964,2005-04-04
Sistema,0.49404,2005-04-05
Sistema,0.4934,2005-04-06
Sistema,0.49221,2005-04-07
Sistema,0.49269,2005-04-08
Sistema,0.49581,2005-04-09
Sistema,0.49589,2005-04-10
Sistema,0.49406,2005-04-11
Sistema,0.48802,2005-04-12
Sistema,0.48567,2005-04-13
Sistema,0.4835,2005-04-14
Sistema,0.48741,2005-04-15
Sistema,0.48575,2005-04-16
Sistema,0.48964,2005-04-17
Sistema,0.48743,2005-04-18
Sistema,0.48427,2005-04-19
Sistema,0.4831,2005-04-20
Sistema,0.48182,2005-04-21
Sistema,0.48377,2005-04-22
Sistema,0.48585,2005-04-23
Sistema,0.4889,2005-04-24
Sistema,0.49072,2005-04-25
Sistema,0.49246,2005-04-26
Sistema,0.4888,2005-04-27
Sistema,0.48739,2005-04-28
Sistema,0.48533,2005-04-29
Sistema,0.48311,2005-04-30
Sistema,0.48344,2005-05-01
Sistema,0.48405,2005-05-02
Sistema,0.48411,2005-05-03
Sistema,0.48673,2005-05-04
Sistema,0.48754,2005-05-05
Sistema,0.48989,2005-05-06
Sistema,0.49212,2005-05-07
Sistema,0.4971,2005-05-08
Sistema,0.49995,2005-05-09
Sistema,0.50146,2005-05-10
Sistema,0.50233,2005-05-11
Sistema,0.50673,2005-05-12
Sistema,0.50791,2005-05-13
Sistema,0.51763,2005-05-14
Sistema,0.52253,2005-05-15
Sistema,0.52756,2005-05-16
Sistema,0.53539,2005-05-17
Sistema,0.53907,2005-05-18
Sistema,0.54308,2005-05-19
Sistema,0.54343,2005-05-20
Sistema,0.54389,2005-05-21
Sistema,0.54718,2005-05-22
Sistema,0.5566,2005-05-23
Sistema,0.55919,2005-05-24
Sistema,0.5596,2005-05-25
Sistema,0.55996,2005-05-26
Sistema,0.56385,2005-05-27
Sistema,0.56551,2005-05-28
Sistema,0.56728,2005-05-29
Sistema,0.56868,2005-05-30
Sistema,0.57171,2005-05-31
Sistema,0.57665,2005-06-01
Sistema,0.58188,2005-06-02
Sistema,0.58545,2005-06-03
Sistema,0.58746,2005-06-04
Sistema,0.59696,2005-06-05
Sistema,0.6077,2005-06-06
Sistema,0.61896,2005-06-07
Sistema,0.62334,2005-06-08
Sistema,0.62786,2005-06-09
Sistema,0.62905,2005-06-10
Sistema,0.63395,2005-06-11
Sistema,0.63852,2005-06-12
Sistema,0.63885,2005-06-13
Sistema,0.6389,2005-06-14
Sistema,0.64262,2005-06-15
Sistema,0.64281,2005-06-16
Sistema,0.64238,2005-06-17
Sistema,0.64122,2005-06-18
Sistema,0.64078,2005-06-19
Sistema,0.63906,2005-06-20
Sistema,0.63721,2005-06-21
Sistema,0.6355,2005-06-22
Sistema,0.63416,2005-06-23
Sistema,0.63424,2005-06-24
Sistema,0.63376,2005-06-25
Sistema,0.63338,2005-06-26
Sistema,0.63151,2005-06-27
Sistema,0.62959,2005-06-28
Sistema,0.63289,2005-06-29
Sistema,0.6338,2005-06-30
Sistema,0.63328,2005-07-01
Sistema,0.6319,2005-07-02
Sistema,0.63273,2005-07-03
Sistema,0.63194,2005-07-04
Sistema,0.63193,2005-07-05
Sistema,0.6319,2005-07-06
Sistema,0.63188,2005-07-07
Sistema,0.62975,2005-07-08
Sistema,0.62868,2005-07-09
Sistema,0.62694,2005-07-10
Sistema,0.62339,2005-07-11
Sistema,0.62034,2005-07-12
Sistema,0.61738,2005-07-13
Sistema,0.61626,2005-07-14
Sistema,0.61618,2005-07-15
Sistema,0.61517,2005-07-16
Sistema,0.61577,2005-07-17
Sistema,0.61738,2005-07-18
Sistema,0.62061,2005-07-19
Sistema,0.6229,2005-07-20
Sistema,0.62341,2005-07-21
Sistema,0.6236,2005-07-22
Sistema,0.6241,2005-07-23
Sistema,0.62573,2005-07-24
Sistema,0.62479,2005-07-25
Sistema,0.62325,2005-07-26
Sistema,0.62335,2005-07-27
Sistema,0.62457,2005-07-28
Sistema,0.62493,2005-07-29
Sistema,0.62522,2005-07-30
Sistema,0.62634,2005-07-31
Sistema,0.63006,2005-08-01
Sistema,0.63048,2005-08-02
Sistema,0.63133,2005-08-03
Sistema,0.63391,2005-08-04
Sistema,0.63488,2005-08-05
Sistema,0.63431,2005-08-06
Sistema,0.63418,2005-08-07
Sistema,0.63376,2005-08-08
Sistema,0.63411,2005-08-09
Sistema,0.63351,2005-08-10
Sistema,0.63242,2005-08-11
Sistema,0.63061,2005-08-12
Sistema,0.62898,2005-08-13
Sistema,0.62891,2005-08-14
Sistema,0.63068,2005-08-15
Sistema,0.63135,2005-08-16
Sistema,0.6338,2005-08-17
Sistema,0.63592,2005-08-18
Sistema,0.63853,2005-08-19
Sistema,0.63999,2005-08-20
Sistema,0.64303,2005-08-21
Sistema,0.64556,2005-08-22
Sistema,0.64653,2005-08-23
Sistema,0.64993,2005-08-24
Sistema,0.65193,2005-08-25
Sistema,0.65143,2005-08-26
Sistema,0.65211,2005-08-27
Sistema,0.65433,2005-08-28
Sistema,0.65359,2005-08-29
Sistema,0.65275,2005-08-30
Sistema,0.65281,2005-08-31
Sistema,0.65424,2005-09-01
Sistema,0.65553,2005-09-02
Sistema,0.65834,2005-09-03
Sistema,0.65982,2005-09-04
Sistema,0.65924,2005-09-05
Sistema,0.66078,2005-09-06
Sistema,0.66628,2005-09-07
Sistema,0.66585,2005-09-08
Sistema,0.66457,2005-09-09
Sistema,0.66382,2005-09-10
Sistema,0.66821,2005-09-11
Sistema,0.66913,2005-09-12
Sistema,0.66975,2005-09-13
Sistema,0.67704,2005-09-14
Sistema,0.68045,2005-09-15
Sistema,0.68661,2005-09-16
Sistema,0.6878,2005-09-17
Sistema,0.68867,2005-09-18
Sistema,0.68791,2005-09-19
Sistema,0.68795,2005-09-20
Sistema,0.68749,2005-09-21
Sistema,0.68631,2005-09-22
Sistema,0.68746,2005-09-23
Sistema,0.68855,2005-09-24
Sistema,0.69065,2005-09-25
Sistema,0.69151,2005-09-26
Sistema,0.69319,2005-09-27
Sistema,0.70045,2005-09-28
Sistema,0.70103,2005-09-29
Sistema,0.70291,2005-09-30
Sistema,0.70496,2005-10-01
Sistema,0.70479,2005-10-02
Sistema,0.70439,2005-10-03
Sistema,0.70281,2005-10-04
Sistema,0.70099,2005-10-05
Sistema,0.70004,2005-10-06
Sistema,0.69864,2005-10-07
Sistema,0.69636,2005-10-08
Sistema,0.69658,2005-10-09
Sistema,0.69574,2005-10-10
Sistema,0.69632,2005-10-11
Sistema,0.69721,2005-10-12
Sistema,0.69608,2005-10-13
Sistema,0.69656,2005-10-14
Sistema,0.70005,2005-10-15
Sistema,0.70374,2005-10-16
Sistema,0.70682,2005-10-17
Sistema,0.70799,2005-10-18
Sistema,0.70837,2005-10-19
Sistema,0.71219,2005-10-20
Sistema,0.71198,2005-10-21
Sistema,0.71228,2005-10-22
Sistema,0.71466,2005-10-23
Sistema,0.71947,2005-10-24
Sistema,0.72722,2005-10-25
Sistema,0.73042,2005-10-26
Sistema,0.73349,2005-10-27
Sistema,0.73976,2005-10-28
Sistema,0.74604,2005-10-29
Sistema,0.74963,2005-10-30
Sistema,0.75006,2005-10-31
Sistema,0.75978,2005-11-01
Sistema,0.76431,2005-11-02
Sistema,0.76514,2005-11-03
Sistema,0.76734,2005-11-04
Sistema,0.76781,2005-11-05
Sistema,0.77069,2005-11-06
Sistema,0.77274,2005-11-07
Sistema,0.77448,2005-11-08
Sistema,0.77838,2005-11-09
Sistema,0.78552,2005-11-10
Sistema,0.79137,2005-11-11
Sistema,0.79455,2005-11-12
Sistema,0.80223,2005-11-13
Sistema,0.80526,2005-11-14
Sistema,0.81311,2005-11-15
Sistema,0.8182,2005-11-16
Sistema,0.82023,2005-11-17
Sistema,0.82171,2005-11-18
Sistema,0.82242,2005-11-19
Sistema,0.8232,2005-11-20
Sistema,0.82514,2005-11-21
Sistema,0.83101,2005-11-22
Sistema,0.83511,2005-11-23
Sistema,0.8377,2005-11-24
Sistema,0.83763,2005-11-25
Sistema,0.83832,2005-11-26
Sistema,0.83849,2005-11-27
Sistema,0.83623,2005-11-28
Sistema,0.83408,2005-11-29
Sistema,0.83103,2005-11-30
Sistema,0.82926,2005-12-01
Sistema,0.82785,2005-12-02
Sistema,0.82662,2005-12-03
Sistema,0.8254,2005-12-04
Sistema,0.82468,2005-12-05
Sistema,0.8244,2005-12-06
Sistema,0.82295,2005-12-07
Sistema,0.82197,2005-12-08
Sistema,0.82031,2005-12-09
Sistema,0.81845,2005-12-10
Sistema,0.81706,2005-12-11
Sistema,0.81567,2005-12-12
Sistema,0.81378,2005-12-13
Sistema,0.81251,2005-12-14
Sistema,0.81077,2005-12-15
Sistema,0.80933,2005-12-16
Sistema,0.80858,2005-12-17
Sistema,0.80833,2005-12-18
Sistema,0.80584,2005-12-19
Sistema,0.80406,2005-12-20
Sistema,0.80298,2005-12-21
Sistema,0.80156,2005-12-22
Sistema,0.79952,2005-12-23
Sistema,0.79818,2005-12-24
Sistema,0.79923,2005-12-25
Sistema,0.79818,2005-12-26
Sistema,0.79563,2005-12-27
Sistema,0.79177,2005-12-28
Sistema,0.78851,2005-12-29
Sistema,0.78531,2005-12-30
Sistema,0.78229,2005-12-31
Sistema,0.78027,2006-01-01
Sistema,0.77695,2006-01-02
Sistema,0.77293,2006-01-03
Sistema,0.77013,2006-01-04
Sistema,0.76823,2006-01-05
Sistema,0.76658,2006-01-06
Sistema,0.766,2006-01-07
Sistema,0.76611,2006-01-08
Sistema,0.76538,2006-01-09
Sistema,0.76337,2006-01-10
Sistema,0.76086,2006-01-11
Sistema,0.75752,2006-01-12
Sistema,0.75386,2006-01-13
Sistema,0.75051,2006-01-14
Sistema,0.74819,2006-01-15
Sistema,0.7447,2006-01-16
Sistema,0.7406,2006-01-17
Sistema,0.73664,2006-01-18
Sistema,0.73271,2006-01-19
Sistema,0.72791,2006-01-20
Sistema,0.72347,2006-01-21
Sistema,0.72017,2006-01-22
Sistema,0.71517,2006-01-23
Sistema,0.71004,2006-01-24
Sistema,0.70506,2006-01-25
Sistema,0.70002,2006-01-26
Sistema,0.69728,2006-01-27
Sistema,0.69431,2006-01-28
Sistema,0.69602,2006-01-29
Sistema,0.69298,2006-01-30
Sistema,0.6896,2006-01-31
Sistema,0.68677,2006-02-01
Sistema,0.68473,2006-02-02
Sistema,0.68405,2006-02-03
Sistema,0.68338,2006-02-04
Sistema,0.68208,2006-02-05
Sistema,0.67871,2006-02-06
Sistema,0.67406,2006-02-07
Sistema,0.67035,2006-02-08
Sistema,0.66609,2006-02-09
Sistema,0.66092,2006-02-10
Sistema,0.65545,2006-02-11
Sistema,0.65155,2006-02-12
Sistema,0.64564,2006-02-13
Sistema,0.63977,2006-02-14
Sistema,0.63431,2006-02-15
Sistema,0.62816,2006-02-16
Sistema,0.62198,2006-02-17
Sistema,0.61714,2006-02-18
Sistema,0.61382,2006-02-19
Sistema,0.60931,2006-02-20
Sistema,0.60387,2006-02-21
Sistema,0.59822,2006-02-22
Sistema,0.59218,2006-02-23
Sistema,0.58647,2006-02-24
Sistema,0.58112,2006-02-25
Sistema,0.57733,2006-02-26
Sistema,0.57354,2006-02-27
Sistema,0.56977,2006-02-28
Sistema,0.56437,2006-03-01
Sistema,0.55971,2006-03-02
Sistema,0.55441,2006-03-03
Sistema,0.55047,2006-03-04
Sistema,0.54693,2006-03-05
Sistema,0.54369,2006-03-06
Sistema,0.54543,2006-03-07
Sistema,0.5441,2006-03-08
Sistema,0.54542,2006-03-09
Sistema,0.54451,2006-03-10
Sistema,0.54321,2006-03-11
Sistema,0.54315,2006-03-12
Sistema,0.54187,2006-03-13
Sistema,0.53978,2006-03-14
Sistema,0.53797,2006-03-15
Sistema,0.53559,2006-03-16
Sistema,0.53547,2006-03-17
Sistema,0.53656,2006-03-18
Sistema,0.53676,2006-03-19
Sistema,0.53608,2006-03-20
Sistema,0.53536,2006-03-21
Sistema,0.53621,2006-03-22
Sistema,0.5376,2006-03-23
Sistema,0.54054,2006-03-24
Sistema,0.54348,2006-03-25
Sistema,0.54655,2006-03-26
Sistema,0.5467,2006-03-27
Sistema,0.54862,2006-03-28
Sistema,0.54703,2006-03-29
Sistema,0.54518,2006-03-30
Sistema,0.54263,2006-03-31
Sistema,0.5387,2006-04-01
Sistema,0.53675,2006-04-02
Sistema,0.53512,2006-04-03
Sistema,0.53353,2006-04-04
Sistema,0.53196,2006-04-05
Sistema,0.53465,2006-04-06
Sistema,0.54083,2006-04-07
Sistema,0.54446,2006-04-08
Sistema,0.54652,2006-04-09
Sistema,0.54614,2006-04-10
Sistema,0.54677,2006-04-11
Sistema,0.54931,2006-04-12
Sistema,0.55391,2006-04-13
Sistema,0.56105,2006-04-14
Sistema,0.56288,2006-04-15
Sistema,0.56559,2006-04-16
Sistema,0.56582,2006-04-17
Sistema,0.56846,2006-04-18
Sistema,0.57022,2006-04-19
Sistema,0.57425,2006-04-20
Sistema,0.5755,2006-04-21
Sistema,0.57549,2006-04-22
Sistema,0.58247,2006-04-23
Sistema,0.58495,2006-04-24
Sistema,0.58579,2006-04-25
Sistema,0.59265,2006-04-26
Sistema,0.5961,2006-04-27
Sistema,0.60136,2006-04-28
Sistema,0.60479,2006-04-29
Sistema,0.613,2006-04-30
Sistema,0.61858,2006-05-01
Sistema,0.62417,2006-05-02
Sistema,0.62968,2006-05-03
Sistema,0.63721,2006-05-04
Sistema,0.64831,2006-05-05
Sistema,0.6524,2006-05-06
Sistema,0.66136,2006-05-07
Sistema,0.6661,2006-05-08
Sistema,0.67271,2006-05-09
Sistema,0.68304,2006-05-10
Sistema,0.69017,2006-05-11
Sistema,0.69496,2006-05-12
Sistema,0.69878,2006-05-13
Sistema,0.70208,2006-05-14
Sistema,0.70259,2006-05-15
Sistema,0.70197,2006-05-16
Sistema,0.70678,2006-05-17
Sistema,0.70908,2006-05-18
Sistema,0.71627,2006-05-19
Sistema,0.71756,2006-05-20
Sistema,0.71884,2006-05-21
Sistema,0.71809,2006-05-22
Sistema,0.71695,2006-05-23
Sistema,0.71853,2006-05-24
Sistema,0.71919,2006-05-25
Sistema,0.72431,2006-05-26
Sistema,0.72676,2006-05-27
Sistema,0.73143,2006-05-28
Sistema,0.73508,2006-05-29
Sistema,0.73523,2006-05-30
Sistema,0.73466,2006-05-31
Sistema,0.74104,2006-06-01
Sistema,0.74633,2006-06-02
Sistema,0.75597,2006-06-03
Sistema,0.76052,2006-06-04
Sistema,0.76385,2006-06-05
Sistema,0.76838,2006-06-06
Sistema,0.77304,2006-06-07
Sistema,0.77686,2006-06-08
Sistema,0.77759,2006-06-09
Sistema,0.78024,2006-06-10
Sistema,0.78334,2006-06-11
Sistema,0.78709,2006-06-12
Sistema,0.7876,2006-06-13
Sistema,0.78768,2006-06-14
Sistema,0.78937,2006-06-15
Sistema,0.78981,2006-06-16
Sistema,0.79065,2006-06-17
Sistema,0.79418,2006-06-18
Sistema,0.79604,2006-06-19
Sistema,0.79771,2006-06-20
Sistema,0.80236,2006-06-21
Sistema,0.80384,2006-06-22
Sistema,0.80406,2006-06-23
Sistema,0.80316,2006-06-24
Sistema,0.80273,2006-06-25
Sistema,0.80191,2006-06-26
Sistema,0.80401,2006-06-27
Sistema,0.80435,2006-06-28
Sistema,0.8056,2006-06-29
Sistema,0.80549,2006-06-30
Sistema,0.80818,2006-07-01
Sistema,0.81086,2006-07-02
Sistema,0.81526,2006-07-03
Sistema,0.81847,2006-07-04
Sistema,0.81857,2006-07-05
Sistema,0.82021,2006-07-06
Sistema,0.82001,2006-07-07
Sistema,0.81874,2006-07-08
Sistema,0.81835,2006-07-09
Sistema,0.81673,2006-07-10
Sistema,0.81515,2006-07-11
Sistema,0.81395,2006-07-12
Sistema,0.81405,2006-07-13
Sistema,0.81712,2006-07-14
Sistema,0.8215,2006-07-15
Sistema,0.82479,2006-07-16
Sistema,0.82381,2006-07-17
Sistema,0.82362,2006-07-18
Sistema,0.82336,2006-07-19
Sistema,0.82228,2006-07-20
Sistema,0.82228,2006-07-21
Sistema,0.82201,2006-07-22
Sistema,0.82336,2006-07-23
Sistema,0.82433,2006-07-24
Sistema,0.82352,2006-07-25
Sistema,0.82173,2006-07-26
Sistema,0.82174,2006-07-27
Sistema,0.82479,2006-07-28
Sistema,0.82373,2006-07-29
Sistema,0.82363,2006-07-30
Sistema,0.82151,2006-07-31
Sistema,0.819,2006-08-01
Sistema,0.81928,2006-08-02
Sistema,0.81738,2006-08-03
Sistema,0.81515,2006-08-04
Sistema,0.81341,2006-08-05
Sistema,0.81314,2006-08-06
Sistema,0.81351,2006-08-07
Sistema,0.81362,2006-08-08
Sistema,0.81253,2006-08-09
Sistema,0.81058,2006-08-10
Sistema,0.81349,2006-08-11
Sistema,0.81348,2006-08-12
Sistema,0.81149,2006-08-13
Sistema,0.80859,2006-08-14
Sistema,0.80819,2006-08-15
Sistema,0.8088,2006-08-16
Sistema,0.8102,2006-08-17
Sistema,0.81355,2006-08-18
Sistema,0.81378,2006-08-19
Sistema,0.81421,2006-08-20
Sistema,0.8163,2006-08-21
Sistema,0.81469,2006-08-22
Sistema,0.81277,2006-08-23
Sistema,0.8114,2006-08-24
Sistema,0.81032,2006-08-25
Sistema,0.81109,2006-08-26
Sistema,0.8112,2006-08-27
Sistema,0.81045,2006-08-28
Sistema,0.80726,2006-08-29
Sistema,0.80556,2006-08-30
Sistema,0.80256,2006-08-31
Sistema,0.79971,2006-09-01
Sistema,0.79691,2006-09-02
Sistema,0.79497,2006-09-03
Sistema,0.7922,2006-09-04
Sistema,0.79029,2006-09-05
Sistema,0.788,2006-09-06
Sistema,0.78745,2006-09-07
Sistema,0.78979,2006-09-08
Sistema,0.7897,2006-09-09
Sistema,0.78949,2006-09-10
Sistema,0.79012,2006-09-11
Sistema,0.78845,2006-09-12
Sistema,0.78994,2006-09-13
Sistema,0.78892,2006-09-14
Sistema,0.78817,2006-09-15
Sistema,0.78726,2006-09-16
Sistema,0.78686,2006-09-17
Sistema,0.78832,2006-09-18
Sistema,0.78959,2006-09-19
Sistema,0.78921,2006-09-20
Sistema,0.78922,2006-09-21
Sistema,0.78903,2006-09-22
Sistema,0.78768,2006-09-23
Sistema,0.78707,2006-09-24
Sistema,0.78521,2006-09-25
Sistema,0.78592,2006-09-26
Sistema,0.7836,2006-09-27
Sistema,0.78077,2006-09-28
Sistema,0.77867,2006-09-29
Sistema,0.7771,2006-09-30
Sistema,0.77726,2006-10-01
Sistema,0.77735,2006-10-02
Sistema,0.77594,2006-10-03
Sistema,0.77624,2006-10-04
Sistema,0.7772,2006-10-05
Sistema,0.77398,2006-10-06
Sistema,0.77268,2006-10-07
Sistema,0.773,2006-10-08
Sistema,0.77292,2006-10-09
Sistema,0.77223,2006-10-10
Sistema,0.7736,2006-10-11
Sistema,0.77341,2006-10-12
Sistema,0.77545,2006-10-13
Sistema,0.77982,2006-10-14
Sistema,0.79047,2006-10-15
Sistema,0.79727,2006-10-16
Sistema,0.80053,2006-10-17
Sistema,0.80193,2006-10-18
Sistema,0.80321,2006-10-19
Sistema,0.80649,2006-10-20
Sistema,0.81109,2006-10-21
Sistema,0.81488,2006-10-22
Sistema,0.81802,2006-10-23
Sistema,0.81808,2006-10-24
Sistema,0.82017,2006-10-25
Sistema,0.82144,2006-10-26
Sistema,0.82181,2006-10-27
Sistema,0.82511,2006-10-28
Sistema,0.83062,2006-10-29
Sistema,0.83315,2006-10-30
Sistema,0.83391,2006-10-31
Sistema,0.83449,2006-11-01
Sistema,0.83324,2006-11-02
Sistema,0.8317,2006-11-03
Sistema,0.8305,2006-11-04
Sistema,0.83,2006-11-05
Sistema,0.83015,2006-11-06
Sistema,0.82947,2006-11-07
Sistema,0.83173,2006-11-08
Sistema,0.83311,2006-11-09
Sistema,0.83328,2006-11-10
Sistema,0.83633,2006-11-11
Sistema,0.84256,2006-11-12
Sistema,0.84722,2006-11-13
Sistema,0.85345,2006-11-14
Sistema,0.86683,2006-11-15
Sistema,0.87247,2006-11-16
Sistema,0.87341,2006-11-17
Sistema,0.87412,2006-11-18
Sistema,0.8771,2006-11-19
Sistema,0.87866,2006-11-20
Sistema,0.87998,2006-11-21
Sistema,0.8801,2006-11-22
Sistema,0.87868,2006-11-23
Sistema,0.87797,2006-11-24
Sistema,0.87839,2006-11-25
Sistema,0.88014,2006-11-26
Sistema,0.8796,2006-11-27
Sistema,0.87901,2006-11-28
Sistema,0.87899,2006-11-29
Sistema,0.87816,2006-11-30
Sistema,0.87655,2006-12-01
Sistema,0.87576,2006-12-02
Sistema,0.87592,2006-12-03
Sistema,0.87365,2006-12-04
Sistema,0.8733,2006-12-05
Sistema,0.87334,2006-12-06
Sistema,0.87476,2006-12-07
Sistema,0.87313,2006-12-08
Sistema,0.87411,2006-12-09
Sistema,0.87411,2006-12-10
Sistema,0.87181,2006-12-11
Sistema,0.87164,2006-12-12
Sistema,0.8703,2006-12-13
Sistema,0.86902,2006-12-14
Sistema,0.86768,2006-12-15
Sistema,0.86671,2006-12-16
Sistema,0.86499,2006-12-17
Sistema,0.86299,2006-12-18
Sistema,0.86054,2006-12-19
Sistema,0.85933,2006-12-20
Sistema,0.85704,2006-12-21
Sistema,0.85483,2006-12-22
Sistema,0.85293,2006-12-23
Sistema,0.8513,2006-12-24
Sistema,0.85028,2006-12-25
Sistema,0.84899,2006-12-26
Sistema,0.84803,2006-12-27
Sistema,0.84647,2006-12-28
Sistema,0.8439,2006-12-29
Sistema,0.84151,2006-12-30
Sistema,0.83899,2006-12-31
Sistema,0.83662,2007-01-01
Sistema,0.83372,2007-01-02
Sistema,0.82948,2007-01-03
Sistema,0.82509,2007-01-04
Sistema,0.82084,2007-01-05
Sistema,0.81717,2007-01-06
Sistema,0.81422,2007-01-07
Sistema,0.81136,2007-01-08
Sistema,0.80851,2007-01-09
Sistema,0.80532,2007-01-10
Sistema,0.80091,2007-01-11
Sistema,0.79735,2007-01-12
Sistema,0.79433,2007-01-13
Sistema,0.79229,2007-01-14
Sistema,0.78848,2007-01-15
Sistema,0.78839,2007-01-16
Sistema,0.78684,2007-01-17
Sistema,0.78413,2007-01-18
Sistema,0.7819,2007-01-19
Sistema,0.77987,2007-01-20
Sistema,0.77861,2007-01-21
Sistema,0.77478,2007-01-22
Sistema,0.77178,2007-01-23
Sistema,0.76779,2007-01-24
Sistema,0.76508,2007-01-25
Sistema,0.76231,2007-01-26
Sistema,0.7599,2007-01-27
Sistema,0.75718,2007-01-28
Sistema,0.75246,2007-01-29
Sistema,0.74697,2007-01-30
Sistema,0.74129,2007-01-31
Sistema,0.73589,2007-02-01
Sistema,0.73069,2007-02-02
Sistema,0.72608,2007-02-03
Sistema,0.72175,2007-02-04
Sistema,0.71657,2007-02-05
Sistema,0.71068,2007-02-06
Sistema,0.70555,2007-02-07
Sistema,0.7005,2007-02-08
Sistema,0.69565,2007-02-09
Sistema,0.69134,2007-02-10
Sistema,0.68716,2007-02-11
Sistema,0.68156,2007-02-12
Sistema,0.67564,2007-02-13
Sistema,0.67009,2007-02-14
Sistema,0.66522,2007-02-15
Sistema,0.66083,2007-02-16
Sistema,0.65722,2007-02-17
Sistema,0.65401,2007-02-18
Sistema,0.64815,2007-02-19
Sistema,0.6432,2007-02-20
Sistema,0.63757,2007-02-21
Sistema,0.63231,2007-02-22
Sistema,0.62731,2007-02-23
Sistema,0.62208,2007-02-24
Sistema,0.61943,2007-02-25
Sistema,0.61549,2007-02-26
Sistema,0.61058,2007-02-27
Sistema,0.60553,2007-02-28
Sistema,0.59987,2007-03-01
Sistema,0.59423,2007-03-02
Sistema,0.58909,2007-03-03
Sistema,0.5869,2007-03-04
Sistema,0.58331,2007-03-05
Sistema,0.57831,2007-03-06
Sistema,0.57321,2007-03-07
Sistema,0.57065,2007-03-08
Sistema,0.56802,2007-03-09
Sistema,0.56473,2007-03-10
Sistema,0.56173,2007-03-11
Sistema,0.55698,2007-03-12
Sistema,0.55192,2007-03-13
Sistema,0.54764,2007-03-14
Sistema,0.54343,2007-03-15
Sistema,0.53968,2007-03-16
Sistema,0.53617,2007-03-17
Sistema,0.53408,2007-03-18
Sistema,0.53285,2007-03-19
Sistema,0.52971,2007-03-20
Sistema,0.52534,2007-03-21
Sistema,0.52262,2007-03-22
Sistema,0.52127,2007-03-23
Sistema,0.51948,2007-03-24
Sistema,0.51948,2007-03-25
Sistema,0.5175,2007-03-26
Sistema,0.51572,2007-03-27
Sistema,0.51333,2007-03-28
Sistema,0.5125,2007-03-29
Sistema,0.51101,2007-03-30
Sistema,0.50981,2007-03-31
Sistema,0.5086,2007-04-01
Sistema,0.51013,2007-04-02
Sistema,0.51098,2007-04-03
Sistema,0.51209,2007-04-04
Sistema,0.51448,2007-04-05
Sistema,0.52095,2007-04-06
Sistema,0.52668,2007-04-07
Sistema,0.531,2007-04-08
Sistema,0.53529,2007-04-09
Sistema,0.53321,2007-04-10
Sistema,0.52946,2007-04-11
Sistema,0.52527,2007-04-12
Sistema,0.5213,2007-04-13
Sistema,0.51883,2007-04-14
Sistema,0.5158,2007-04-15
Sistema,0.5131,2007-04-16
Sistema,0.50929,2007-04-17
Sistema,0.5071,2007-04-18
Sistema,0.50536,2007-04-19
Sistema,0.50651,2007-04-20
Sistema,0.50997,2007-04-21
Sistema,0.51352,2007-04-22
Sistema,0.51336,2007-04-23
Sistema,0.51511,2007-04-24
Sistema,0.5167,2007-04-25
Sistema,0.51829,2007-04-26
Sistema,0.5185,2007-04-27
Sistema,0.51725,2007-04-28
Sistema,0.52255,2007-04-29
Sistema,0.52124,2007-04-30
Sistema,0.52261,2007-05-01
Sistema,0.52205,2007-05-02
Sistema,0.52514,2007-05-03
Sistema,0.52733,2007-05-04
Sistema,0.52825,2007-05-05
Sistema,0.52944,2007-05-06
Sistema,0.53057,2007-05-07
Sistema,0.53792,2007-05-08
Sistema,0.5407,2007-05-09
Sistema,0.54858,2007-05-10
Sistema,0.54908,2007-05-11
Sistema,0.54773,2007-05-12
Sistema,0.54823,2007-05-13
Sistema,0.5465,2007-05-14
Sistema,0.54473,2007-05-15
Sistema,0.54387,2007-05-16
Sistema,0.54507,2007-05-17
Sistema,0.55111,2007-05-18
Sistema,0.5562,2007-05-19
Sistema,0.56016,2007-05-20
Sistema,0.56673,2007-05-21
Sistema,0.56907,2007-05-22
Sistema,0.56952,2007-05-23
Sistema,0.56981,2007-05-24
Sistema,0.57164,2007-05-25
Sistema,0.57671,2007-05-26
Sistema,0.57988,2007-05-27
Sistema,0.58295,2007-05-28
Sistema,0.58853,2007-05-29
Sistema,0.59235,2007-05-30
Sistema,0.59594,2007-05-31
Sistema,0.60067,2007-06-01
Sistema,0.60501,2007-06-02
Sistema,0.61213,2007-06-03
Sistema,0.61374,2007-06-04
Sistema,0.62018,2007-06-05
Sistema,0.6218,2007-06-06
Sistema,0.62308,2007-06-07
Sistema,0.62368,2007-06-08
Sistema,0.62946,2007-06-09
Sistema,0.63099,2007-06-10
Sistema,0.63146,2007-06-11
Sistema,0.63137,2007-06-12
Sistema,0.63028,2007-06-13
Sistema,0.63,2007-06-14
Sistema,0.63057,2007-06-15
Sistema,0.63182,2007-06-16
Sistema,0.6326,2007-06-17
Sistema,0.635,2007-06-18
Sistema,0.63775,2007-06-19
Sistema,0.64052,2007-06-20
Sistema,0.6415,2007-06-21
Sistema,0.64622,2007-06-22
Sistema,0.65113,2007-06-23
Sistema,0.65947,2007-06-24
Sistema,0.66466,2007-06-25
Sistema,0.67763,2007-06-26
Sistema,0.68428,2007-06-27
Sistema,0.6894,2007-06-28
Sistema,0.69496,2007-06-29
Sistema,0.69997,2007-06-30
Sistema,0.70359,2007-07-01
Sistema,0.70753,2007-07-02
Sistema,0.70674,2007-07-03
Sistema,0.70448,2007-07-04
Sistema,0.70161,2007-07-05
Sistema,0.69976,2007-07-06
Sistema,0.69848,2007-07-07
Sistema,0.70033,2007-07-08
Sistema,0.7021,2007-07-09
Sistema,0.70331,2007-07-10
Sistema,0.7041,2007-07-11
Sistema,0.70338,2007-07-12
Sistema,0.70248,2007-07-13
Sistema,0.70148,2007-07-14
Sistema,0.70106,2007-07-15
Sistema,0.70112,2007-07-16
Sistema,0.7033,2007-07-17
Sistema,0.7032,2007-07-18
Sistema,0.70131,2007-07-19
Sistema,0.70033,2007-07-20
Sistema,0.69962,2007-07-21
Sistema,0.70139,2007-07-22
Sistema,0.70169,2007-07-23
Sistema,0.7039,2007-07-24
Sistema,0.70314,2007-07-25
Sistema,0.70112,2007-07-26
Sistema,0.69955,2007-07-27
Sistema,0.7004,2007-07-28
Sistema,0.69945,2007-07-29
Sistema,0.69592,2007-07-30
Sistema,0.69204,2007-07-31
Sistema,0.68943,2007-08-01
Sistema,0.68497,2007-08-02
Sistema,0.68272,2007-08-03
Sistema,0.68176,2007-08-04
Sistema,0.68424,2007-08-05
Sistema,0.68387,2007-08-06
Sistema,0.68364,2007-08-07
Sistema,0.68424,2007-08-08
Sistema,0.68433,2007-08-09
Sistema,0.68304,2007-08-10
Sistema,0.68568,2007-08-11
Sistema,0.68808,2007-08-12
Sistema,0.68922,2007-08-13
Sistema,0.69202,2007-08-14
Sistema,0.69427,2007-08-15
Sistema,0.69654,2007-08-16
Sistema,0.69813,2007-08-17
Sistema,0.70119,2007-08-18
Sistema,0.70309,2007-08-19
Sistema,0.71225,2007-08-20
Sistema,0.71549,2007-08-21
Sistema,0.71751,2007-08-22
Sistema,0.71665,2007-08-23
Sistema,0.71699,2007-08-24
Sistema,0.72072,2007-08-25
Sistema,0.72601,2007-08-26
Sistema,0.72716,2007-08-27
Sistema,0.72611,2007-08-28
Sistema,0.73087,2007-08-29
Sistema,0.73323,2007-08-30
Sistema,0.73478,2007-08-31
Sistema,0.73682,2007-09-01
Sistema,0.73691,2007-09-02
Sistema,0.73794,2007-09-03
Sistema,0.73766,2007-09-04
Sistema,0.73617,2007-09-05
Sistema,0.7331,2007-09-06
Sistema,0.73476,2007-09-07
Sistema,0.7347,2007-09-08
Sistema,0.73839,2007-09-09
Sistema,0.73696,2007-09-10
Sistema,0.73689,2007-09-11
Sistema,0.73621,2007-09-12
Sistema,0.73395,2007-09-13
Sistema,0.73327,2007-09-14
Sistema,0.73593,2007-09-15
Sistema,0.73731,2007-09-16
Sistema,0.7359,2007-09-17
Sistema,0.73365,2007-09-18
Sistema,0.73493,2007-09-19
Sistema,0.7352,2007-09-20
Sistema,0.73775,2007-09-21
Sistema,0.7392,2007-09-22
Sistema,0.73969,2007-09-23
Sistema,0.73939,2007-09-24
Sistema,0.73942,2007-09-25
Sistema,0.73939,2007-09-26
Sistema,0.73816,2007-09-27
Sistema,0.73912,2007-09-28
Sistema,0.73717,2007-09-29
Sistema,0.73638,2007-09-30
Sistema,0.7378,2007-10-01
Sistema,0.73568,2007-10-02
Sistema,0.73554,2007-10-03
Sistema,0.73489,2007-10-04
Sistema,0.73466,2007-10-05
Sistema,0.73369,2007-10-06
Sistema,0.73438,2007-10-07
Sistema,0.73743,2007-10-08
Sistema,0.74622,2007-10-09
Sistema,0.74997,2007-10-10
Sistema,0.75332,2007-10-11
Sistema,0.75205,2007-10-12
Sistema,0.75294,2007-10-13
Sistema,0.75738,2007-10-14
Sistema,0.76212,2007-10-15
Sistema,0.76425,2007-10-16
Sistema,0.76486,2007-10-17
Sistema,0.77273,2007-10-18
Sistema,0.77762,2007-10-19
Sistema,0.78289,2007-10-20
Sistema,0.78564,2007-10-21
Sistema,0.78672,2007-10-22
Sistema,0.78776,2007-10-23
Sistema,0.78862,2007-10-24
Sistema,0.7894,2007-10-25
Sistema,0.79366,2007-10-26
Sistema,0.79888,2007-10-27
Sistema,0.80632,2007-10-28
Sistema,0.81123,2007-10-29
Sistema,0.81288,2007-10-30
Sistema,0.81389,2007-10-31
Sistema,0.81741,2007-11-01
Sistema,0.82068,2007-11-02
Sistema,0.82196,2007-11-03
Sistema,0.82373,2007-11-04
Sistema,0.82454,2007-11-05
Sistema,0.82417,2007-11-06
Sistema,0.82389,2007-11-07
Sistema,0.82495,2007-11-08
Sistema,0.82845,2007-11-09
Sistema,0.82942,2007-11-10
Sistema,0.83235,2007-11-11
Sistema,0.83335,2007-11-12
Sistema,0.83334,2007-11-13
Sistema,0.83191,2007-11-14
Sistema,0.82971,2007-11-15
Sistema,0.8284,2007-11-16
Sistema,0.83173,2007-11-17
Sistema,0.83241,2007-11-18
Sistema,0.82976,2007-11-19
Sistema,0.82622,2007-11-20
Sistema,0.82357,2007-11-21
Sistema,0.82148,2007-11-22
Sistema,0.82178,2007-11-23
Sistema,0.82099,2007-11-24
Sistema,0.82087,2007-11-25
Sistema,0.81789,2007-11-26
Sistema,0.81516,2007-11-27
Sistema,0.81288,2007-11-28
Sistema,0.81022,2007-11-29
Sistema,0.8107,2007-11-30
Sistema,0.80901,2007-12-01
Sistema,0.80787,2007-12-02
Sistema,0.80583,2007-12-03
Sistema,0.80346,2007-12-04
Sistema,0.80012,2007-12-05
Sistema,0.79596,2007-12-06
Sistema,0.79278,2007-12-07
Sistema,0.79081,2007-12-08
Sistema,0.78938,2007-12-09
Sistema,0.78662,2007-12-10
Sistema,0.78412,2007-12-11
Sistema,0.782,2007-12-12
Sistema,0.78002,2007-12-13
Sistema,0.77886,2007-12-14
Sistema,0.77793,2007-12-15
Sistema,0.77888,2007-12-16
Sistema,0.77952,2007-12-17
Sistema,0.77985,2007-12-18
Sistema,0.78013,2007-12-19
Sistema,0.77885,2007-12-20
Sistema,0.7764,2007-12-21
Sistema,0.77483,2007-12-22
Sistema,0.77967,2007-12-23
Sistema,0.78341,2007-12-24
Sistema,0.7857,2007-12-25
Sistema,0.78704,2007-12-26
Sistema,0.7871,2007-12-27
Sistema,0.78757,2007-12-28
Sistema,0.78728,2007-12-29
Sistema,0.78681,2007-12-30
Sistema,0.78523,2007-12-31
Sistema,0.78378,2008-01-01
Sistema,0.78053,2008-01-02
Sistema,0.77685,2008-01-03
Sistema,0.77267,2008-01-04
Sistema,0.76901,2008-01-05
Sistema,0.76761,2008-01-06
Sistema,0.76659,2008-01-07
Sistema,0.76356,2008-01-08
Sistema,0.7624,2008-01-09
Sistema,0.76218,2008-01-10
Sistema,0.76181,2008-01-11
Sistema,0.75975,2008-01-12
Sistema,0.7578,2008-01-13
Sistema,0.75535,2008-01-14
Sistema,0.75437,2008-01-15
Sistema,0.75251,2008-01-16
Sistema,0.75067,2008-01-17
Sistema,0.74774,2008-01-18
Sistema,0.74469,2008-01-19
Sistema,0.74227,2008-01-20
Sistema,0.73952,2008-01-21
Sistema,0.73589,2008-01-22
Sistema,0.73256,2008-01-23
Sistema,0.7293,2008-01-24
Sistema,0.7266,2008-01-25
Sistema,0.72478,2008-01-26
Sistema,0.72343,2008-01-27
Sistema,0.71985,2008-01-28
Sistema,0.71657,2008-01-29
Sistema,0.71267,2008-01-30
Sistema,0.7089,2008-01-31
Sistema,0.70446,2008-02-01
Sistema,0.70033,2008-02-02
Sistema,0.6973,2008-02-03
Sistema,0.6919,2008-02-04
Sistema,0.68643,2008-02-05
Sistema,0.68112,2008-02-06
Sistema,0.67614,2008-02-07
Sistema,0.67214,2008-02-08
Sistema,0.66845,2008-02-09
Sistema,0.66662,2008-02-10
Sistema,0.662,2008-02-11
Sistema,0.65722,2008-02-12
Sistema,0.65491,2008-02-13
Sistema,0.65205,2008-02-14
Sistema,0.64822,2008-02-15
Sistema,0.64758,2008-02-16
Sistema,0.64738,2008-02-17
Sistema,0.64617,2008-02-18
Sistema,0.64654,2008-02-19
Sistema,0.64696,2008-02-20
Sistema,0.64809,2008-02-21
Sistema,0.64799,2008-02-22
Sistema,0.64613,2008-02-23
Sistema,0.64504,2008-02-24
Sistema,0.64211,2008-02-25
Sistema,0.63818,2008-02-26
Sistema,0.6342,2008-02-27
Sistema,0.63087,2008-02-28
Sistema,0.6272,2008-02-29
Sistema,0.62381,2008-03-01
Sistema,0.62108,2008-03-02
Sistema,0.61778,2008-03-03
Sistema,0.61609,2008-03-04
Sistema,0.61394,2008-03-05
Sistema,0.61269,2008-03-06
Sistema,0.61093,2008-03-07
Sistema,0.60821,2008-03-08
Sistema,0.60625,2008-03-09
Sistema,0.6038,2008-03-10
Sistema,0.60283,2008-03-11
Sistema,0.60151,2008-03-12
Sistema,0.60094,2008-03-13
Sistema,0.60186,2008-03-14
Sistema,0.60161,2008-03-15
Sistema,0.59971,2008-03-16
Sistema,0.59678,2008-03-17
Sistema,0.59413,2008-03-18
Sistema,0.59131,2008-03-19
Sistema,0.58934,2008-03-20
Sistema,0.58815,2008-03-21
Sistema,0.58672,2008-03-22
Sistema,0.58588,2008-03-23
Sistema,0.58564,2008-03-24
Sistema,0.58253,2008-03-25
Sistema,0.57917,2008-03-26
Sistema,0.575,2008-03-27
Sistema,0.57134,2008-03-28
Sistema,0.56791,2008-03-29
Sistema,0.56647,2008-03-30
Sistema,0.5651,2008-03-31
Sistema,0.56436,2008-04-01
Sistema,0.56291,2008-04-02
Sistema,0.56132,2008-04-03
Sistema,0.55892,2008-04-04
Sistema,0.55786,2008-04-05
Sistema,0.55697,2008-04-06
Sistema,0.55501,2008-04-07
Sistema,0.55262,2008-04-08
Sistema,0.55094,2008-04-09
Sistema,0.54815,2008-04-10
Sistema,0.54453,2008-04-11
Sistema,0.54185,2008-04-12
Sistema,0.54107,2008-04-13
Sistema,0.54016,2008-04-14
Sistema,0.53992,2008-04-15
Sistema,0.53603,2008-04-16
Sistema,0.53246,2008-04-17
Sistema,0.52851,2008-04-18
Sistema,0.52552,2008-04-19
Sistema,0.52453,2008-04-20
Sistema,0.52244,2008-04-21
Sistema,0.51916,2008-04-22
Sistema,0.51843,2008-04-23
Sistema,0.51873,2008-04-24
Sistema,0.51986,2008-04-25
Sistema,0.5223,2008-04-26
Sistema,0.52605,2008-04-27
Sistema,0.52665,2008-04-28
Sistema,0.52606,2008-04-29
Sistema,0.52561,2008-04-30
Sistema,0.52571,2008-05-01
Sistema,0.52765,2008-05-02
Sistema,0.53086,2008-05-03
Sistema,0.53335,2008-05-04
Sistema,0.5365,2008-05-05
Sistema,0.53732,2008-05-06
Sistema,0.5373,2008-05-07
Sistema,0.53721,2008-05-08
Sistema,0.53963,2008-05-09
Sistema,0.53872,2008-05-10
Sistema,0.53812,2008-05-11
Sistema,0.5358,2008-05-12
Sistema,0.53258,2008-05-13
Sistema,0.52999,2008-05-14
Sistema,0.52884,2008-05-15
Sistema,0.52998,2008-05-16
Sistema,0.52959,2008-05-17
Sistema,0.53085,2008-05-18
Sistema,0.53366,2008-05-19
Sistema,0.53933,2008-05-20
Sistema,0.54798,2008-05-21
Sistema,0.55179,2008-05-22
Sistema,0.55592,2008-05-23
Sistema,0.56278,2008-05-24
Sistema,0.57336,2008-05-25
Sistema,0.58061,2008-05-26
Sistema,0.5861,2008-05-27
Sistema,0.59365,2008-05-28
Sistema,0.60133,2008-05-29
Sistema,0.60411,2008-05-30
Sistema,0.60652,2008-05-31
Sistema,0.61198,2008-06-01
Sistema,0.61843,2008-06-02
Sistema,0.62526,2008-06-03
Sistema,0.62581,2008-06-04
Sistema,0.62771,2008-06-05
Sistema,0.62935,2008-06-06
Sistema,0.6374,2008-06-07
Sistema,0.64722,2008-06-08
Sistema,0.65069,2008-06-09
Sistema,0.65622,2008-06-10
Sistema,0.66005,2008-06-11
Sistema,0.66067,2008-06-12
Sistema,0.65995,2008-06-13
Sistema,0.65989,2008-06-14
Sistema,0.66293,2008-06-15
Sistema,0.66579,2008-06-16
Sistema,0.67067,2008-06-17
Sistema,0.67521,2008-06-18
Sistema,0.67666,2008-06-19
Sistema,0.67645,2008-06-20
Sistema,0.67811,2008-06-21
Sistema,0.68169,2008-06-22
Sistema,0.68508,2008-06-23
Sistema,0.69238,2008-06-24
Sistema,0.70457,2008-06-25
Sistema,0.70802,2008-06-26
Sistema,0.71139,2008-06-27
Sistema,0.71893,2008-06-28
Sistema,0.72742,2008-06-29
Sistema,0.73186,2008-06-30
Sistema,0.73499,2008-07-01
Sistema,0.73891,2008-07-02
Sistema,0.74714,2008-07-03
Sistema,0.75639,2008-07-04
Sistema,0.76023,2008-07-05
Sistema,0.76179,2008-07-06
Sistema,0.76275,2008-07-07
Sistema,0.76776,2008-07-08
Sistema,0.7762,2008-07-09
Sistema,0.78459,2008-07-10
Sistema,0.78766,2008-07-11
Sistema,0.79172,2008-07-12
Sistema,0.79415,2008-07-13
Sistema,0.79933,2008-07-14
Sistema,0.80374,2008-07-15
Sistema,0.80892,2008-07-16
Sistema,0.81133,2008-07-17
Sistema,0.81363,2008-07-18
Sistema,0.81959,2008-07-19
Sistema,0.82122,2008-07-20
Sistema,0.82144,2008-07-21
Sistema,0.82165,2008-07-22
Sistema,0.82023,2008-07-23
Sistema,0.81905,2008-07-24
Sistema,0.82091,2008-07-25
Sistema,0.8258,2008-07-26
Sistema,0.82737,2008-07-27
Sistema,0.83111,2008-07-28
Sistema,0.83503,2008-07-29
Sistema,0.83595,2008-07-30
Sistema,0.83778,2008-07-31
Sistema,0.83646,2008-08-01
Sistema,0.83572,2008-08-02
Sistema,0.83474,2008-08-03
Sistema,0.83193,2008-08-04
Sistema,0.83073,2008-08-05
Sistema,0.83096,2008-08-06
Sistema,0.82996,2008-08-07
Sistema,0.82679,2008-08-08
Sistema,0.82437,2008-08-09
Sistema,0.82327,2008-08-10
Sistema,0.82979,2008-08-11
Sistema,0.82881,2008-08-12
Sistema,0.82682,2008-08-13
Sistema,0.82679,2008-08-14
Sistema,0.82806,2008-08-15
Sistema,0.82842,2008-08-16
Sistema,0.82859,2008-08-17
Sistema,0.83091,2008-08-18
Sistema,0.83223,2008-08-19
Sistema,0.8313,2008-08-20
Sistema,0.82976,2008-08-21
Sistema,0.83058,2008-08-22
Sistema,0.83186,2008-08-23
Sistema,0.83685,2008-08-24
Sistema,0.83961,2008-08-25
Sistema,0.84123,2008-08-26
Sistema,0.84119,2008-08-27
Sistema,0.84099,2008-08-28
Sistema,0.83989,2008-08-29
Sistema,0.84408,2008-08-30
Sistema,0.84607,2008-08-31
Sistema,0.84672,2008-09-01
Sistema,0.84621,2008-09-02
Sistema,0.84672,2008-09-03
Sistema,0.84554,2008-09-04
Sistema,0.84505,2008-09-05
Sistema,0.84345,2008-09-06
Sistema,0.84392,2008-09-07
Sistema,0.84159,2008-09-08
Sistema,0.84068,2008-09-09
Sistema,0.83849,2008-09-10
Sistema,0.8357,2008-09-11
Sistema,0.83155,2008-09-12
Sistema,0.82807,2008-09-13
Sistema,0.82778,2008-09-14
Sistema,0.8316,2008-09-15
Sistema,0.83057,2008-09-16
Sistema,0.82905,2008-09-17
Sistema,0.82635,2008-09-18
Sistema,0.82417,2008-09-19
Sistema,0.82255,2008-09-20
Sistema,0.82287,2008-09-21
Sistema,0.82346,2008-09-22
Sistema,0.82591,2008-09-23
Sistema,0.82495,2008-09-24
Sistema,0.82319,2008-09-25
Sistema,0.82122,2008-09-26
Sistema,0.82199,2008-09-27
Sistema,0.82357,2008-09-28
Sistema,0.82435,2008-09-29
Sistema,0.82323,2008-09-30
Sistema,0.82571,2008-10-01
Sistema,0.82341,2008-10-02
Sistema,0.822,2008-10-03
Sistema,0.82026,2008-10-04
Sistema,0.82028,2008-10-05
Sistema,0.81942,2008-10-06
Sistema,0.81899,2008-10-07
Sistema,0.81693,2008-10-08
Sistema,0.81621,2008-10-09
Sistema,0.81841,2008-10-10
Sistema,0.81883,2008-10-11
Sistema,0.82334,2008-10-12
Sistema,0.82525,2008-10-13
Sistema,0.82571,2008-10-14
Sistema,0.82402,2008-10-15
Sistema,0.82363,2008-10-16
Sistema,0.82374,2008-10-17
Sistema,0.82347,2008-10-18
Sistema,0.82557,2008-10-19
Sistema,0.8233,2008-10-20
Sistema,0.82285,2008-10-21
Sistema,0.82209,2008-10-22
Sistema,0.81888,2008-10-23
Sistema,0.81694,2008-10-24
Sistema,0.81409,2008-10-25
Sistema,0.812,2008-10-26
Sistema,0.80993,2008-10-27
Sistema,0.8101,2008-10-28
Sistema,0.81,2008-10-29
Sistema,0.80772,2008-10-30
Sistema,0.80457,2008-10-31
Sistema,0.80598,2008-11-01
Sistema,0.81253,2008-11-02
Sistema,0.81903,2008-11-03
Sistema,0.82941,2008-11-04
Sistema,0.8325,2008-11-05
Sistema,0.83474,2008-11-06
Sistema,0.83288,2008-11-07
Sistema,0.8312,2008-11-08
Sistema,0.82986,2008-11-09
Sistema,0.82624,2008-11-10
Sistema,0.82293,2008-11-11
Sistema,0.81999,2008-11-12
Sistema,0.81874,2008-11-13
Sistema,0.81899,2008-11-14
Sistema,0.82173,2008-11-15
Sistema,0.82534,2008-11-16
Sistema,0.82753,2008-11-17
Sistema,0.82895,2008-11-18
Sistema,0.83239,2008-11-19
Sistema,0.83872,2008-11-20
Sistema,0.84474,2008-11-21
Sistema,0.84716,2008-11-22
Sistema,0.85012,2008-11-23
Sistema,0.85371,2008-11-24
Sistema,0.85566,2008-11-25
Sistema,0.86237,2008-11-26
Sistema,0.86337,2008-11-27
Sistema,0.8668,2008-11-28
Sistema,0.871,2008-11-29
Sistema,0.87185,2008-11-30
Sistema,0.87323,2008-12-01
Sistema,0.87387,2008-12-02
Sistema,0.87165,2008-12-03
Sistema,0.86937,2008-12-04
Sistema,0.86601,2008-12-05
Sistema,0.86385,2008-12-06
Sistema,0.86374,2008-12-07
Sistema,0.86345,2008-12-08
Sistema,0.86098,2008-12-09
Sistema,0.85789,2008-12-10
Sistema,0.85454,2008-12-11
Sistema,0.85206,2008-12-12
Sistema,0.85038,2008-12-13
Sistema,0.84997,2008-12-14
Sistema,0.84805,2008-12-15
Sistema,0.84531,2008-12-16
Sistema,0.84185,2008-12-17
Sistema,0.83895,2008-12-18
Sistema,0.83645,2008-12-19
Sistema,0.8345,2008-12-20
Sistema,0.83345,2008-12-21
Sistema,0.83149,2008-12-22
Sistema,0.82971,2008-12-23
Sistema,0.82779,2008-12-24
Sistema,0.82732,2008-12-25
Sistema,0.82472,2008-12-26
Sistema,0.82237,2008-12-27
Sistema,0.82058,2008-12-28
Sistema,0.81838,2008-12-29
Sistema,0.81613,2008-12-30
Sistema,0.81514,2008-12-31
Sistema,0.81527,2009-01-01
Sistema,0.8128,2009-01-02
Sistema,0.81469,2009-01-03
Sistema,0.81806,2009-01-04
Sistema,0.81584,2009-01-05
Sistema,0.81363,2009-01-06
Sistema,0.81041,2009-01-07
Sistema,0.80675,2009-01-08
Sistema,0.80373,2009-01-09
Sistema,0.80068,2009-01-10
Sistema,0.79895,2009-01-11
Sistema,0.79726,2009-01-12
Sistema,0.79488,2009-01-13
Sistema,0.79323,2009-01-14
Sistema,0.79004,2009-01-15
Sistema,0.78774,2009-01-16
Sistema,0.78871,2009-01-17
Sistema,0.78754,2009-01-18
Sistema,0.78691,2009-01-19
Sistema,0.78832,2009-01-20
Sistema,0.78672,2009-01-21
Sistema,0.78451,2009-01-22
Sistema,0.78221,2009-01-23
Sistema,0.77992,2009-01-24
Sistema,0.77909,2009-01-25
Sistema,0.77573,2009-01-26
Sistema,0.77153,2009-01-27
Sistema,0.7666,2009-01-28
Sistema,0.76258,2009-01-29
Sistema,0.7597,2009-01-30
Sistema,0.75597,2009-01-31
Sistema,0.75377,2009-02-01
Sistema,0.7502,2009-02-02
Sistema,0.74606,2009-02-03
Sistema,0.74268,2009-02-04
Sistema,0.73885,2009-02-05
Sistema,0.73479,2009-02-06
Sistema,0.73087,2009-02-07
Sistema,0.72799,2009-02-08
Sistema,0.72448,2009-02-09
Sistema,0.72047,2009-02-10
Sistema,0.71792,2009-02-11
Sistema,0.72016,2009-02-12
Sistema,0.71786,2009-02-13
Sistema,0.71577,2009-02-14
Sistema,0.71515,2009-02-15
Sistema,0.71295,2009-02-16
Sistema,0.7095,2009-02-17
Sistema,0.7066,2009-02-18
Sistema,0.70526,2009-02-19
Sistema,0.70294,2009-02-20
Sistema,0.70014,2009-02-21
Sistema,0.69821,2009-02-22
Sistema,0.69463,2009-02-23
Sistema,0.69075,2009-02-24
Sistema,0.68612,2009-02-25
Sistema,0.68136,2009-02-26
Sistema,0.67608,2009-02-27
Sistema,0.67134,2009-02-28
Sistema,0.66722,2009-03-01
Sistema,0.66349,2009-03-02
Sistema,0.66336,2009-03-03
Sistema,0.6609,2009-03-04
Sistema,0.65743,2009-03-05
Sistema,0.65417,2009-03-06
Sistema,0.65104,2009-03-07
Sistema,0.64754,2009-03-08
Sistema,0.64406,2009-03-09
Sistema,0.63958,2009-03-10
Sistema,0.63453,2009-03-11
Sistema,0.62967,2009-03-12
Sistema,0.62564,2009-03-13
Sistema,0.62153,2009-03-14
Sistema,0.61942,2009-03-15
Sistema,0.6161,2009-03-16
Sistema,0.61297,2009-03-17
Sistema,0.61089,2009-03-18
Sistema,0.61088,2009-03-19
Sistema,0.61198,2009-03-20
Sistema,0.61099,2009-03-21
Sistema,0.61275,2009-03-22
Sistema,0.6136,2009-03-23
Sistema,0.61393,2009-03-24
Sistema,0.61371,2009-03-25
Sistema,0.61276,2009-03-26
Sistema,0.61213,2009-03-27
Sistema,0.61163,2009-03-28
Sistema,0.61195,2009-03-29
Sistema,0.60889,2009-03-30
Sistema,0.60847,2009-03-31
Sistema,0.61053,2009-04-01
Sistema,0.6143,2009-04-02
Sistema,0.61489,2009-04-03
Sistema,0.61469,2009-04-04
Sistema,0.61278,2009-04-05
Sistema,0.60973,2009-04-06
Sistema,0.60601,2009-04-07
Sistema,0.60775,2009-04-08
Sistema,0.60703,2009-04-09
Sistema,0.60918,2009-04-10
Sistema,0.60939,2009-04-11
Sistema,0.61025,2009-04-12
Sistema,0.60865,2009-04-13
Sistema,0.60627,2009-04-14
Sistema,0.60318,2009-04-15
Sistema,0.59985,2009-04-16
Sistema,0.59658,2009-04-17
Sistema,0.59353,2009-04-18
Sistema,0.59197,2009-04-19
Sistema,0.59298,2009-04-20
Sistema,0.59654,2009-04-21
Sistema,0.59414,2009-04-22
Sistema,0.59368,2009-04-23
Sistema,0.59182,2009-04-24
Sistema,0.58831,2009-04-25
Sistema,0.58854,2009-04-26
Sistema,0.5848,2009-04-27
Sistema,0.58319,2009-04-28
Sistema,0.58585,2009-04-29
Sistema,0.5886,2009-04-30
Sistema,0.58821,2009-05-01
Sistema,0.58792,2009-05-02
Sistema,0.59072,2009-05-03
Sistema,0.59451,2009-05-04
Sistema,0.59717,2009-05-05
Sistema,0.59928,2009-05-06
Sistema,0.59953,2009-05-07
Sistema,0.60158,2009-05-08
Sistema,0.60191,2009-05-09
Sistema,0.60151,2009-05-10
Sistema,0.601,2009-05-11
Sistema,0.59854,2009-05-12
Sistema,0.6003,2009-05-13
Sistema,0.59716,2009-05-14
Sistema,0.59552,2009-05-15
Sistema,0.59332,2009-05-16
Sistema,0.5937,2009-05-17
Sistema,0.59068,2009-05-18
Sistema,0.58785,2009-05-19
Sistema,0.58447,2009-05-20
Sistema,0.58503,2009-05-21
Sistema,0.58272,2009-05-22
Sistema,0.58139,2009-05-23
Sistema,0.58181,2009-05-24
Sistema,0.58274,2009-05-25
Sistema,0.57916,2009-05-26
Sistema,0.5758,2009-05-27
Sistema,0.57399,2009-05-28
Sistema,0.57459,2009-05-29
Sistema,0.57411,2009-05-30
Sistema,0.57423,2009-05-31
Sistema,0.57104,2009-06-01
Sistema,0.56669,2009-06-02
Sistema,0.56491,2009-06-03
Sistema,0.56433,2009-06-04
Sistema,0.57062,2009-06-05
Sistema,0.5756,2009-06-06
Sistema,0.58388,2009-06-07
Sistema,0.58577,2009-06-08
Sistema,0.58694,2009-06-09
Sistema,0.59198,2009-06-10
Sistema,0.59174,2009-06-11
Sistema,0.59592,2009-06-12
Sistema,0.60521,2009-06-13
Sistema,0.60984,2009-06-14
Sistema,0.61059,2009-06-15
Sistema,0.61016,2009-06-16
Sistema,0.61033,2009-06-17
Sistema,0.60757,2009-06-18
Sistema,0.60494,2009-06-19
Sistema,0.60335,2009-06-20
Sistema,0.60495,2009-06-21
Sistema,0.61167,2009-06-22
Sistema,0.61203,2009-06-23
Sistema,0.61166,2009-06-24
Sistema,0.61278,2009-06-25
Sistema,0.61009,2009-06-26
Sistema,0.60972,2009-06-27
Sistema,0.61056,2009-06-28
Sistema,0.61342,2009-06-29
Sistema,0.61715,2009-06-30
Sistema,0.6231,2009-07-01
Sistema,0.62943,2009-07-02
Sistema,0.63444,2009-07-03
Sistema,0.63956,2009-07-04
Sistema,0.64198,2009-07-05
Sistema,0.64274,2009-07-06
Sistema,0.64235,2009-07-07
Sistema,0.6502,2009-07-08
Sistema,0.65675,2009-07-09
Sistema,0.66609,2009-07-10
Sistema,0.67507,2009-07-11
Sistema,0.67846,2009-07-12
Sistema,0.67828,2009-07-13
Sistema,0.68103,2009-07-14
Sistema,0.6828,2009-07-15
Sistema,0.6825,2009-07-16
Sistema,0.68248,2009-07-17
Sistema,0.68291,2009-07-18
Sistema,0.68438,2009-07-19
Sistema,0.68673,2009-07-20
Sistema,0.68755,2009-07-21
Sistema,0.68814,2009-07-22
Sistema,0.6886,2009-07-23
Sistema,0.69016,2009-07-24
Sistema,0.68905,2009-07-25
Sistema,0.6896,2009-07-26
Sistema,0.68876,2009-07-27
Sistema,0.68794,2009-07-28
Sistema,0.68876,2009-07-29
Sistema,0.68899,2009-07-30
Sistema,0.69026,2009-07-31
Sistema,0.69109,2009-08-01
Sistema,0.6914,2009-08-02
Sistema,0.68938,2009-08-03
Sistema,0.68918,2009-08-04
Sistema,0.69055,2009-08-05
Sistema,0.69582,2009-08-06
Sistema,0.70131,2009-08-07
Sistema,0.70664,2009-08-08
Sistema,0.71142,2009-08-09
Sistema,0.71166,2009-08-10
Sistema,0.71296,2009-08-11
Sistema,0.71271,2009-08-12
Sistema,0.71527,2009-08-13
Sistema,0.7231,2009-08-14
Sistema,0.72452,2009-08-15
Sistema,0.72594,2009-08-16
Sistema,0.72858,2009-08-17
Sistema,0.72782,2009-08-18
Sistema,0.72575,2009-08-19
Sistema,0.72472,2009-08-20
Sistema,0.72725,2009-08-21
Sistema,0.72707,2009-08-22
Sistema,0.72751,2009-08-23
Sistema,0.72514,2009-08-24
Sistema,0.72419,2009-08-25
Sistema,0.72267,2009-08-26
Sistema,0.71989,2009-08-27
Sistema,0.71788,2009-08-28
Sistema,0.71759,2009-08-29
Sistema,0.72393,2009-08-30
Sistema,0.72578,2009-08-31
Sistema,0.72398,2009-09-01
Sistema,0.72105,2009-09-02
Sistema,0.71813,2009-09-03
Sistema,0.71839,2009-09-04
Sistema,0.71793,2009-09-05
Sistema,0.7162,2009-09-06
Sistema,0.71264,2009-09-07
Sistema,0.70973,2009-09-08
Sistema,0.70881,2009-09-09
Sistema,0.71056,2009-09-10
Sistema,0.70863,2009-09-11
Sistema,0.70673,2009-09-12
Sistema,0.7065,2009-09-13
Sistema,0.70356,2009-09-14
Sistema,0.70377,2009-09-15
Sistema,0.70525,2009-09-16
Sistema,0.70646,2009-09-17
Sistema,0.70555,2009-09-18
Sistema,0.70551,2009-09-19
Sistema,0.70548,2009-09-20
Sistema,0.70243,2009-09-21
Sistema,0.70114,2009-09-22
Sistema,0.6975,2009-09-23
Sistema,0.69267,2009-09-24
Sistema,0.68801,2009-09-25
Sistema,0.68454,2009-09-26
Sistema,0.68209,2009-09-27
Sistema,0.67881,2009-09-28
Sistema,0.67439,2009-09-29
Sistema,0.67007,2009-09-30
Sistema,0.66526,2009-10-01
Sistema,0.66099,2009-10-02
Sistema,0.66025,2009-10-03
Sistema,0.66211,2009-10-04
Sistema,0.65911,2009-10-05
Sistema,0.65552,2009-10-06
Sistema,0.65328,2009-10-07
Sistema,0.65205,2009-10-08
Sistema,0.64866,2009-10-09
Sistema,0.64642,2009-10-10
Sistema,0.64769,2009-10-11
Sistema,0.65025,2009-10-12
Sistema,0.6495,2009-10-13
Sistema,0.65154,2009-10-14
Sistema,0.6542,2009-10-15
Sistema,0.65621,2009-10-16
Sistema,0.65566,2009-10-17
Sistema,0.66094,2009-10-18
Sistema,0.66385,2009-10-19
Sistema,0.66722,2009-10-20
Sistema,0.66791,2009-10-21
Sistema,0.6682,2009-10-22
Sistema,0.66844,2009-10-23
Sistema,0.67148,2009-10-24
Sistema,0.67804,2009-10-25
Sistema,0.67773,2009-10-26
Sistema,0.67653,2009-10-27
Sistema,0.67588,2009-10-28
Sistema,0.67598,2009-10-29
Sistema,0.67759,2009-10-30
Sistema,0.67867,2009-10-31
Sistema,0.68159,2009-11-01
Sistema,0.68435,2009-11-02
Sistema,0.68517,2009-11-03
Sistema,0.68692,2009-11-04
Sistema,0.68916,2009-11-05
Sistema,0.69251,2009-11-06
Sistema,0.69579,2009-11-07
Sistema,0.70088,2009-11-08
Sistema,0.7041,2009-11-09
Sistema,0.70476,2009-11-10
Sistema,0.69996,2009-11-11
Sistema,0.70043,2009-11-12
Sistema,0.70033,2009-11-13
Sistema,0.70109,2009-11-14
Sistema,0.70212,2009-11-15
Sistema,0.70393,2009-11-16
Sistema,0.70432,2009-11-17
Sistema,0.70479,2009-11-18
Sistema,0.70378,2009-11-19
Sistema,0.70088,2009-11-20
Sistema,0.69862,2009-11-21
Sistema,0.69854,2009-11-22
Sistema,0.69735,2009-11-23
Sistema,0.69592,2009-11-24
Sistema,0.69383,2009-11-25
Sistema,0.69112,2009-11-26
Sistema,0.68932,2009-11-27
Sistema,0.68857,2009-11-28
Sistema,0.68936,2009-11-29
Sistema,0.68835,2009-11-30
Sistema,0.68582,2009-12-01
Sistema,0.68363,2009-12-02
Sistema,0.68144,2009-12-03
Sistema,0.67854,2009-12-04
Sistema,0.67579,2009-12-05
Sistema,0.67405,2009-12-06
Sistema,0.67075,2009-12-07
Sistema,0.66941,2009-12-08
Sistema,0.66753,2009-12-09
Sistema,0.66553,2009-12-10
Sistema,0.66368,2009-12-11
Sistema,0.66325,2009-12-12
Sistema,0.66259,2009-12-13
Sistema,0.65983,2009-12-14
Sistema,0.65722,2009-12-15
Sistema,0.65407,2009-12-16
Sistema,0.65145,2009-12-17
Sistema,0.6508,2009-12-18
Sistema,0.65059,2009-12-19
Sistema,0.65067,2009-12-20
Sistema,0.64901,2009-12-21
Sistema,0.64787,2009-12-22
Sistema,0.64793,2009-12-23
Sistema,0.64788,2009-12-24
Sistema,0.64898,2009-12-25
Sistema,0.65101,2009-12-26
Sistema,0.65229,2009-12-27
Sistema,0.65188,2009-12-28
Sistema,0.65033,2009-12-29
Sistema,0.64907,2009-12-30
Sistema,0.64816,2009-12-31
Sistema,0.64858,2010-01-01
Sistema,0.64784,2010-01-02
Sistema,0.64768,2010-01-03
Sistema,0.64591,2010-01-04
Sistema,0.64341,2010-01-05
Sistema,0.64082,2010-01-06
Sistema,0.63812,2010-01-07
Sistema,0.63553,2010-01-08
Sistema,0.6337,2010-01-09
Sistema,0.63271,2010-01-10
Sistema,0.63179,2010-01-11
Sistema,0.62928,2010-01-12
Sistema,0.62646,2010-01-13
Sistema,0.62336,2010-01-14
Sistema,0.62036,2010-01-15
Sistema,0.6177,2010-01-16
Sistema,0.61671,2010-01-17
Sistema,0.6137,2010-01-18
Sistema,0.61046,2010-01-19
Sistema,0.60755,2010-01-20
Sistema,0.6046,2010-01-21
Sistema,0.60113,2010-01-22
Sistema,0.59856,2010-01-23
Sistema,0.59714,2010-01-24
Sistema,0.59434,2010-01-25
Sistema,0.5918,2010-01-26
Sistema,0.58859,2010-01-27
Sistema,0.58576,2010-01-28
Sistema,0.58269,2010-01-29
Sistema,0.58044,2010-01-30
Sistema,0.5784,2010-01-31
Sistema,0.57477,2010-02-01
Sistema,0.57099,2010-02-02
Sistema,0.56666,2010-02-03
Sistema,0.56198,2010-02-04
Sistema,0.55701,2010-02-05
Sistema,0.55433,2010-02-06
Sistema,0.55208,2010-02-07
Sistema,0.54865,2010-02-08
Sistema,0.54675,2010-02-09
Sistema,0.54356,2010-02-10
Sistema,0.54009,2010-02-11
Sistema,0.53657,2010-02-12
Sistema,0.53267,2010-02-13
Sistema,0.53011,2010-02-14
Sistema,0.52635,2010-02-15
Sistema,0.52264,2010-02-16
Sistema,0.51843,2010-02-17
Sistema,0.51433,2010-02-18
Sistema,0.51007,2010-02-19
Sistema,0.50723,2010-02-20
Sistema,0.50501,2010-02-21
Sistema,0.50169,2010-02-22
Sistema,0.49845,2010-02-23
Sistema,0.4953,2010-02-24
Sistema,0.49216,2010-02-25
Sistema,0.48989,2010-02-26
Sistema,0.48772,2010-02-27
Sistema,0.48653,2010-02-28
Sistema,0.48301,2010-03-01
Sistema,0.47966,2010-03-02
Sistema,0.47719,2010-03-03
Sistema,0.47436,2010-03-04
Sistema,0.47096,2010-03-05
Sistema,0.46797,2010-03-06
Sistema,0.46753,2010-03-07
Sistema,0.4659,2010-03-08
Sistema,0.46468,2010-03-09
Sistema,0.46166,2010-03-10
Sistema,0.46111,2010-03-11
Sistema,0.45812,2010-03-12
Sistema,0.45529,2010-03-13
Sistema,0.45384,2010-03-14
Sistema,0.44998,2010-03-15
Sistema,0.44535,2010-03-16
Sistema,0.44241,2010-03-17
Sistema,0.44002,2010-03-18
Sistema,0.43849,2010-03-19
Sistema,0.43576,2010-03-20
Sistema,0.43427,2010-03-21
Sistema,0.432,2010-03-22
Sistema,0.42812,2010-03-23
Sistema,0.42349,2010-03-24
Sistema,0.41911,2010-03-25
Sistema,0.41541,2010-03-26
Sistema,0.4119,2010-03-27
Sistema,0.40875,2010-03-28
Sistema,0.40368,2010-03-29
Sistema,0.4041,2010-03-30
Sistema,0.4033,2010-03-31
Sistema,0.40358,2010-04-01
Sistema,0.404,2010-04-02
Sistema,0.40464,2010-04-03
Sistema,0.40629,2010-04-04
Sistema,0.40502,2010-04-05
Sistema,0.4056,2010-04-06
Sistema,0.40731,2010-04-07
Sistema,0.40753,2010-04-08
Sistema,0.40827,2010-04-09
Sistema,0.40995,2010-04-10
Sistema,0.41482,2010-04-11
Sistema,0.41727,2010-04-12
Sistema,0.41877,2010-04-13
Sistema,0.4236,2010-04-14
Sistema,0.42508,2010-04-15
Sistema,0.426,2010-04-16
Sistema,0.42728,2010-04-17
Sistema,0.42918,2010-04-18
Sistema,0.43107,2010-04-19
Sistema,0.42983,2010-04-20
Sistema,0.42848,2010-04-21
Sistema,0.42561,2010-04-22
Sistema,0.42526,2010-04-23
Sistema,0.42071,2010-04-24
Sistema,0.42026,2010-04-25
Sistema,0.4218,2010-04-26
Sistema,0.42294,2010-04-27
Sistema,0.42441,2010-04-28
Sistema,0.4258,2010-04-29
Sistema,0.42633,2010-04-30
Sistema,0.42751,2010-05-01
Sistema,0.42932,2010-05-02
Sistema,0.43136,2010-05-03
Sistema,0.43247,2010-05-04
Sistema,0.43401,2010-05-05
Sistema,0.43639,2010-05-06
Sistema,0.43648,2010-05-07
Sistema,0.43863,2010-05-08
Sistema,0.44065,2010-05-09
Sistema,0.44059,2010-05-10
Sistema,0.44315,2010-05-11
Sistema,0.4438,2010-05-12
Sistema,0.44293,2010-05-13
Sistema,0.44343,2010-05-14
Sistema,0.44345,2010-05-15
Sistema,0.44621,2010-05-16
Sistema,0.44678,2010-05-17
Sistema,0.44517,2010-05-18
Sistema,0.44506,2010-05-19
Sistema,0.44808,2010-05-20
Sistema,0.44975,2010-05-21
Sistema,0.45066,2010-05-22
Sistema,0.454,2010-05-23
Sistema,0.45459,2010-05-24
Sistema,0.45647,2010-05-25
Sistema,0.45818,2010-05-26
Sistema,0.46502,2010-05-27
Sistema,0.46832,2010-05-28
Sistema,0.47213,2010-05-29
Sistema,0.47601,2010-05-30
Sistema,0.48462,2010-05-31
Sistema,0.48851,2010-06-01
Sistema,0.49237,2010-06-02
Sistema,0.50104,2010-06-03
Sistema,0.50341,2010-06-04
Sistema,0.50364,2010-06-05
Sistema,0.50499,2010-06-06
Sistema,0.5043,2010-06-07
Sistema,0.50323,2010-06-08
Sistema,0.50483,2010-06-09
Sistema,0.50499,2010-06-10
Sistema,0.50598,2010-06-11
Sistema,0.50533,2010-06-12
Sistema,0.50791,2010-06-13
Sistema,0.51226,2010-06-14
Sistema,0.5122,2010-06-15
Sistema,0.5142,2010-06-16
Sistema,0.51504,2010-06-17
Sistema,0.51403,2010-06-18
Sistema,0.5172,2010-06-19
Sistema,0.52514,2010-06-20
Sistema,0.52821,2010-06-21
Sistema,0.52861,2010-06-22
Sistema,0.5279,2010-06-23
Sistema,0.53009,2010-06-24
Sistema,0.53118,2010-06-25
Sistema,0.53204,2010-06-26
Sistema,0.53393,2010-06-27
Sistema,0.53718,2010-06-28
Sistema,0.54296,2010-06-29
Sistema,0.54351,2010-06-30
Sistema,0.54397,2010-07-01
Sistema,0.54558,2010-07-02
Sistema,0.54717,2010-07-03
Sistema,0.55145,2010-07-04
Sistema,0.55469,2010-07-05
Sistema,0.55707,2010-07-06
Sistema,0.56158,2010-07-07
Sistema,0.56329,2010-07-08
Sistema,0.56484,2010-07-09
Sistema,0.56775,2010-07-10
Sistema,0.57572,2010-07-11
Sistema,0.57649,2010-07-12
Sistema,0.57669,2010-07-13
Sistema,0.57876,2010-07-14
Sistema,0.58239,2010-07-15
Sistema,0.58837,2010-07-16
Sistema,0.59622,2010-07-17
Sistema,0.60159,2010-07-18
Sistema,0.60371,2010-07-19
Sistema,0.60933,2010-07-20
Sistema,0.61146,2010-07-21
Sistema,0.60994,2010-07-22
Sistema,0.60989,2010-07-23
Sistema,0.61001,2010-07-24
Sistema,0.61001,2010-07-25
Sistema,0.61487,2010-07-26
Sistema,0.62074,2010-07-27
Sistema,0.62401,2010-07-28
Sistema,0.62575,2010-07-29
Sistema,0.62666,2010-07-30
Sistema,0.63024,2010-07-31
Sistema,0.63719,2010-08-01
Sistema,0.63906,2010-08-02
Sistema,0.64105,2010-08-03
Sistema,0.64314,2010-08-04
Sistema,0.64283,2010-08-05
Sistema,0.64201,2010-08-06
Sistema,0.64182,2010-08-07
Sistema,0.64182,2010-08-08
Sistema,0.64307,2010-08-09
Sistema,0.64084,2010-08-10
Sistema,0.63807,2010-08-11
Sistema,0.63556,2010-08-12
Sistema,0.63523,2010-08-13
Sistema,0.63768,2010-08-14
Sistema,0.63966,2010-08-15
Sistema,0.64081,2010-08-16
Sistema,0.63994,2010-08-17
Sistema,0.64026,2010-08-18
Sistema,0.63849,2010-08-19
Sistema,0.63781,2010-08-20
Sistema,0.63515,2010-08-21
Sistema,0.63337,2010-08-22
Sistema,0.62993,2010-08-23
Sistema,0.62859,2010-08-24
Sistema,0.62943,2010-08-25
Sistema,0.62946,2010-08-26
Sistema,0.63046,2010-08-27
Sistema,0.63721,2010-08-28
Sistema,0.64168,2010-08-29
Sistema,0.64109,2010-08-30
Sistema,0.63965,2010-08-31
Sistema,0.63858,2010-09-01
Sistema,0.64158,2010-09-02
Sistema,0.64657,2010-09-03
Sistema,0.64904,2010-09-04
Sistema,0.65223,2010-09-05
Sistema,0.65342,2010-09-06
Sistema,0.65983,2010-09-07
Sistema,0.66176,2010-09-08
Sistema,0.66052,2010-09-09
Sistema,0.66129,2010-09-10
Sistema,0.66141,2010-09-11
Sistema,0.66335,2010-09-12
Sistema,0.66262,2010-09-13
Sistema,0.66155,2010-09-14
Sistema,0.65993,2010-09-15
Sistema,0.65852,2010-09-16
Sistema,0.65725,2010-09-17
Sistema,0.65631,2010-09-18
Sistema,0.65617,2010-09-19
Sistema,0.65756,2010-09-20
Sistema,0.65881,2010-09-21
Sistema,0.65896,2010-09-22
Sistema,0.65976,2010-09-23
Sistema,0.6595,2010-09-24
Sistema,0.66083,2010-09-25
Sistema,0.66425,2010-09-26
Sistema,0.67084,2010-09-27
Sistema,0.67083,2010-09-28
Sistema,0.67118,2010-09-29
Sistema,0.67148,2010-09-30
Sistema,0.67025,2010-10-01
Sistema,0.67081,2010-10-02
Sistema,0.67232,2010-10-03
Sistema,0.6781,2010-10-04
Sistema,0.68362,2010-10-05
Sistema,0.68765,2010-10-06
Sistema,0.68877,2010-10-07
Sistema,0.69199,2010-10-08
Sistema,0.69223,2010-10-09
Sistema,0.69307,2010-10-10
Sistema,0.69227,2010-10-11
Sistema,0.69066,2010-10-12
Sistema,0.68823,2010-10-13
Sistema,0.68618,2010-10-14
Sistema,0.68479,2010-10-15
Sistema,0.68466,2010-10-16
Sistema,0.68527,2010-10-17
Sistema,0.68651,2010-10-18
Sistema,0.68749,2010-10-19
Sistema,0.68789,2010-10-20
Sistema,0.6877,2010-10-21
Sistema,0.68799,2010-10-22
Sistema,0.69047,2010-10-23
Sistema,0.69207,2010-10-24
Sistema,0.69165,2010-10-25
Sistema,0.69074,2010-10-26
Sistema,0.68976,2010-10-27
Sistema,0.68916,2010-10-28
Sistema,0.69119,2010-10-29
Sistema,0.69425,2010-10-30
Sistema,0.69905,2010-10-31
Sistema,0.70473,2010-11-01
Sistema,0.71171,2010-11-02
Sistema,0.71568,2010-11-03
Sistema,0.71607,2010-11-04
Sistema,0.71629,2010-11-05
Sistema,0.72057,2010-11-06
Sistema,0.7256,2010-11-07
Sistema,0.73094,2010-11-08
Sistema,0.73529,2010-11-09
Sistema,0.74041,2010-11-10
Sistema,0.74447,2010-11-11
Sistema,0.74859,2010-11-12
Sistema,0.75442,2010-11-13
Sistema,0.76288,2010-11-14
Sistema,0.77124,2010-11-15
Sistema,0.77698,2010-11-16
Sistema,0.78582,2010-11-17
Sistema,0.78752,2010-11-18
Sistema,0.78819,2010-11-19
Sistema,0.78895,2010-11-20
Sistema,0.78973,2010-11-21
Sistema,0.78914,2010-11-22
Sistema,0.78753,2010-11-23
Sistema,0.78872,2010-11-24
Sistema,0.78787,2010-11-25
Sistema,0.78674,2010-11-26
Sistema,0.78825,2010-11-27
Sistema,0.7904,2010-11-28
Sistema,0.79244,2010-11-29
Sistema,0.79328,2010-11-30
Sistema,0.79283,2010-12-01
Sistema,0.79547,2010-12-02
Sistema,0.79824,2010-12-03
Sistema,0.80037,2010-12-04
Sistema,0.80245,2010-12-05
Sistema,0.80086,2010-12-06
Sistema,0.80039,2010-12-07
Sistema,0.80291,2010-12-08
Sistema,0.80303,2010-12-09
Sistema,0.80309,2010-12-10
Sistema,0.80197,2010-12-11
Sistema,0.80123,2010-12-12
Sistema,0.80074,2010-12-13
Sistema,0.80043,2010-12-14
Sistema,0.80164,2010-12-15
Sistema,0.80031,2010-12-16
Sistema,0.79816,2010-12-17
Sistema,0.7962,2010-12-18
Sistema,0.79536,2010-12-19
Sistema,0.79276,2010-12-20
Sistema,0.78967,2010-12-21
Sistema,0.78658,2010-12-22
Sistema,0.78381,2010-12-23
Sistema,0.78206,2010-12-24
Sistema,0.78174,2010-12-25
Sistema,0.78798,2010-12-26
Sistema,0.78824,2010-12-27
Sistema,0.78634,2010-12-28
Sistema,0.78344,2010-12-29
Sistema,0.78088,2010-12-30
Sistema,0.77813,2010-12-31
Sistema,0.7758,2011-01-01
Sistema,0.77431,2011-01-02
Sistema,0.77165,2011-01-03
Sistema,0.77041,2011-01-04
Sistema,0.76952,2011-01-05
Sistema,0.76543,2011-01-06
Sistema,0.76285,2011-01-07
Sistema,0.75981,2011-01-08
Sistema,0.76,2011-01-09
Sistema,0.75818,2011-01-10
Sistema,0.75715,2011-01-11
Sistema,0.75312,2011-01-12
Sistema,0.74874,2011-01-13
Sistema,0.74408,2011-01-14
Sistema,0.74082,2011-01-15
Sistema,0.7379,2011-01-16
Sistema,0.73245,2011-01-17
Sistema,0.72803,2011-01-18
Sistema,0.72303,2011-01-19
Sistema,0.71772,2011-01-20
Sistema,0.71229,2011-01-21
Sistema,0.70692,2011-01-22
Sistema,0.70207,2011-01-23
Sistema,0.69665,2011-01-24
Sistema,0.69072,2011-01-25
Sistema,0.68654,2011-01-26
Sistema,0.68345,2011-01-27
Sistema,0.67968,2011-01-28
Sistema,0.67591,2011-01-29
Sistema,0.67228,2011-01-30
Sistema,0.66804,2011-01-31
Sistema,0.66287,2011-02-01
Sistema,0.65751,2011-02-02
Sistema,0.65234,2011-02-03
Sistema,0.64726,2011-02-04
Sistema,0.6429,2011-02-05
Sistema,0.64083,2011-02-06
Sistema,0.63917,2011-02-07
Sistema,0.63629,2011-02-08
Sistema,0.63343,2011-02-09
Sistema,0.63147,2011-02-10
Sistema,0.62917,2011-02-11
Sistema,0.62549,2011-02-12
Sistema,0.62307,2011-02-13
Sistema,0.62066,2011-02-14
Sistema,0.61695,2011-02-15
Sistema,0.61548,2011-02-16
Sistema,0.61471,2011-02-17
Sistema,0.61287,2011-02-18
Sistema,0.60995,2011-02-19
Sistema,0.60751,2011-02-20
Sistema,0.60318,2011-02-21
Sistema,0.59847,2011-02-22
Sistema,0.59508,2011-02-23
Sistema,0.59251,2011-02-24
Sistema,0.58928,2011-02-25
Sistema,0.58632,2011-02-26
Sistema,0.58435,2011-02-27
Sistema,0.58087,2011-02-28
Sistema,0.57941,2011-03-01
Sistema,0.57912,2011-03-02
Sistema,0.57884,2011-03-03
Sistema,0.5788,2011-03-04
Sistema,0.57847,2011-03-05
Sistema,0.57842,2011-03-06
Sistema,0.57783,2011-03-07
Sistema,0.57643,2011-03-08
Sistema,0.58023,2011-03-09
Sistema,0.58417,2011-03-10
Sistema,0.58247,2011-03-11
Sistema,0.58013,2011-03-12
Sistema,0.57773,2011-03-13
Sistema,0.57368,2011-03-14
Sistema,0.56986,2011-03-15
Sistema,0.56625,2011-03-16
Sistema,0.56286,2011-03-17
Sistema,0.5617,2011-03-18
Sistema,0.56175,2011-03-19
Sistema,0.56688,2011-03-20
Sistema,0.57162,2011-03-21
Sistema,0.57453,2011-03-22
Sistema,0.58231,2011-03-23
Sistema,0.58626,2011-03-24
Sistema,0.59318,2011-03-25
Sistema,0.59998,2011-03-26
Sistema,0.60024,2011-03-27
Sistema,0.59946,2011-03-28
Sistema,0.59648,2011-03-29
Sistema,0.59342,2011-03-30
Sistema,0.58948,2011-03-31
Sistema,0.58546,2011-04-01
Sistema,0.58259,2011-04-02
Sistema,0.58052,2011-04-03
Sistema,0.57733,2011-04-04
Sistema,0.57481,2011-04-05
Sistema,0.57573,2011-04-06
Sistema,0.57555,2011-04-07
Sistema,0.57485,2011-04-08
Sistema,0.57728,2011-04-09
Sistema,0.5857,2011-04-10
Sistema,0.59106,2011-04-11
Sistema,0.60402,2011-04-12
Sistema,0.61691,2011-04-13
Sistema,0.62461,2011-04-14
Sistema,0.63647,2011-04-15
Sistema,0.64725,2011-04-16
Sistema,0.66169,2011-04-17
Sistema,0.66963,2011-04-18
Sistema,0.68009,2011-04-19
Sistema,0.69287,2011-04-20
Sistema,0.70783,2011-04-21
Sistema,0.72543,2011-04-22
Sistema,0.74354,2011-04-23
Sistema,0.75294,2011-04-24
Sistema,0.75966,2011-04-25
Sistema,0.76429,2011-04-26
Sistema,0.76938,2011-04-27
Sistema,0.77286,2011-04-28
Sistema,0.77377,2011-04-29
Sistema,0.77315,2011-04-30
Sistema,0.77631,2011-05-01
Sistema,0.7786,2011-05-02
Sistema,0.78699,2011-05-03
Sistema,0.78994,2011-05-04
Sistema,0.79064,2011-05-05
Sistema,0.78938,2011-05-06
Sistema,0.79151,2011-05-07
Sistema,0.79285,2011-05-08
Sistema,0.79178,2011-05-09
Sistema,0.79096,2011-05-10
Sistema,0.79103,2011-05-11
Sistema,0.79241,2011-05-12
Sistema,0.79721,2011-05-13
Sistema,0.80958,2011-05-14
Sistema,0.81343,2011-05-15
Sistema,0.81522,2011-05-16
Sistema,0.81481,2011-05-17
Sistema,0.81493,2011-05-18
Sistema,0.81341,2011-05-19
Sistema,0.81088,2011-05-20
Sistema,0.81195,2011-05-21
Sistema,0.81809,2011-05-22
Sistema,0.81777,2011-05-23
Sistema,0.81805,2011-05-24
Sistema,0.82147,2011-05-25
Sistema,0.82452,2011-05-26
Sistema,0.82728,2011-05-27
Sistema,0.83233,2011-05-28
Sistema,0.83754,2011-05-29
Sistema,0.83908,2011-05-30
Sistema,0.83912,2011-05-31
Sistema,0.83901,2011-06-01
Sistema,0.84475,2011-06-02
Sistema,0.84802,2011-06-03
Sistema,0.85198,2011-06-04
Sistema,0.85084,2011-06-05
Sistema,0.85037,2011-06-06
Sistema,0.84682,2011-06-07
Sistema,0.84187,2011-06-08
Sistema,0.83715,2011-06-09
Sistema,0.83371,2011-06-10
Sistema,0.83102,2011-06-11
Sistema,0.82975,2011-06-12
Sistema,0.82827,2011-06-13
Sistema,0.82821,2011-06-14
Sistema,0.82733,2011-06-15
Sistema,0.82613,2011-06-16
Sistema,0.82787,2011-06-17
Sistema,0.82996,2011-06-18
Sistema,0.82982,2011-06-19
Sistema,0.8284,2011-06-20
Sistema,0.82663,2011-06-21
Sistema,0.82731,2011-06-22
Sistema,0.83242,2011-06-23
Sistema,0.83517,2011-06-24
Sistema,0.84292,2011-06-25
Sistema,0.84772,2011-06-26
Sistema,0.85757,2011-06-27
Sistema,0.85489,2011-06-28
Sistema,0.85249,2011-06-29
Sistema,0.85143,2011-06-30
Sistema,0.84976,2011-07-01
Sistema,0.84797,2011-07-02
Sistema,0.84972,2011-07-03
Sistema,0.85056,2011-07-04
Sistema,0.8488,2011-07-05
Sistema,0.84997,2011-07-06
Sistema,0.84882,2011-07-07
Sistema,0.84522,2011-07-08
Sistema,0.84227,2011-07-09
Sistema,0.83993,2011-07-10
Sistema,0.8374,2011-07-11
Sistema,0.8365,2011-07-12
Sistema,0.84061,2011-07-13
Sistema,0.84738,2011-07-14
Sistema,0.84896,2011-07-15
Sistema,0.84873,2011-07-16
Sistema,0.84716,2011-07-17
Sistema,0.85017,2011-07-18
Sistema,0.84889,2011-07-19
Sistema,0.8487,2011-07-20
Sistema,0.84554,2011-07-21
Sistema,0.84258,2011-07-22
Sistema,0.84193,2011-07-23
Sistema,0.84146,2011-07-24
Sistema,0.83966,2011-07-25
Sistema,0.83696,2011-07-26
Sistema,0.83563,2011-07-27
Sistema,0.83681,2011-07-28
Sistema,0.84101,2011-07-29
Sistema,0.84539,2011-07-30
Sistema,0.84642,2011-07-31
Sistema,0.84495,2011-08-01
Sistema,0.84375,2011-08-02
Sistema,0.84233,2011-08-03
Sistema,0.84028,2011-08-04
Sistema,0.83735,2011-08-05
Sistema,0.83396,2011-08-06
Sistema,0.83272,2011-08-07
Sistema,0.82934,2011-08-08
Sistema,0.82578,2011-08-09
Sistema,0.82243,2011-08-10
Sistema,0.82231,2011-08-11
Sistema,0.82486,2011-08-12
Sistema,0.82457,2011-08-13
Sistema,0.82484,2011-08-14
Sistema,0.82629,2011-08-15
Sistema,0.8305,2011-08-16
Sistema,0.83229,2011-08-17
Sistema,0.83363,2011-08-18
Sistema,0.83688,2011-08-19
Sistema,0.83564,2011-08-20
Sistema,0.83451,2011-08-21
Sistema,0.83419,2011-08-22
Sistema,0.83591,2011-08-23
Sistema,0.83859,2011-08-24
Sistema,0.83665,2011-08-25
Sistema,0.83255,2011-08-26
Sistema,0.82952,2011-08-27
Sistema,0.82996,2011-08-28
Sistema,0.82675,2011-08-29
Sistema,0.8228,2011-08-30
Sistema,0.81877,2011-08-31
Sistema,0.81512,2011-09-01
Sistema,0.81123,2011-09-02
Sistema,0.80929,2011-09-03
Sistema,0.80871,2011-09-04
Sistema,0.80589,2011-09-05
Sistema,0.80445,2011-09-06
Sistema,0.80522,2011-09-07
Sistema,0.80564,2011-09-08
Sistema,0.80801,2011-09-09
Sistema,0.8079,2011-09-10
Sistema,0.81174,2011-09-11
Sistema,0.81688,2011-09-12
Sistema,0.81557,2011-09-13
Sistema,0.81483,2011-09-14
Sistema,0.81363,2011-09-15
Sistema,0.81283,2011-09-16
Sistema,0.81177,2011-09-17
Sistema,0.81702,2011-09-18
Sistema,0.8165,2011-09-19
Sistema,0.82103,2011-09-20
Sistema,0.82001,2011-09-21
Sistema,0.81684,2011-09-22
Sistema,0.81409,2011-09-23
Sistema,0.81063,2011-09-24
Sistema,0.81458,2011-09-25
Sistema,0.81758,2011-09-26
Sistema,0.81633,2011-09-27
Sistema,0.81407,2011-09-28
Sistema,0.81141,2011-09-29
Sistema,0.80893,2011-09-30
Sistema,0.80599,2011-10-01
Sistema,0.80402,2011-10-02
Sistema,0.80099,2011-10-03
Sistema,0.80035,2011-10-04
Sistema,0.80017,2011-10-05
Sistema,0.79926,2011-10-06
Sistema,0.8031,2011-10-07
Sistema,0.80402,2011-10-08
Sistema,0.80571,2011-10-09
Sistema,0.80905,2011-10-10
Sistema,0.80883,2011-10-11
Sistema,0.80974,2011-10-12
Sistema,0.81239,2011-10-13
Sistema,0.81335,2011-10-14
Sistema,0.81778,2011-10-15
Sistema,0.82337,2011-10-16
Sistema,0.83058,2011-10-17
Sistema,0.83392,2011-10-18
Sistema,0.83325,2011-10-19
Sistema,0.83323,2011-10-20
Sistema,0.83185,2011-10-21
Sistema,0.83267,2011-10-22
Sistema,0.83332,2011-10-23
Sistema,0.83586,2011-10-24
Sistema,0.83755,2011-10-25
Sistema,0.83632,2011-10-26
Sistema,0.8361,2011-10-27
Sistema,0.83941,2011-10-28
Sistema,0.84184,2011-10-29
Sistema,0.84624,2011-10-30
Sistema,0.84502,2011-10-31
Sistema,0.84207,2011-11-01
Sistema,0.83879,2011-11-02
Sistema,0.83609,2011-11-03
Sistema,0.83361,2011-11-04
Sistema,0.83308,2011-11-05
Sistema,0.83515,2011-11-06
Sistema,0.83472,2011-11-07
Sistema,0.83621,2011-11-08
Sistema,0.83835,2011-11-09
Sistema,0.83777,2011-11-10
Sistema,0.83895,2011-11-11
Sistema,0.84462,2011-11-12
Sistema,0.84924,2011-11-13
Sistema,0.85266,2011-11-14
Sistema,0.85701,2011-11-15
Sistema,0.85934,2011-11-16
Sistema,0.86492,2011-11-17
Sistema,0.87325,2011-11-18
Sistema,0.8783,2011-11-19
Sistema,0.8816,2011-11-20
Sistema,0.88299,2011-11-21
Sistema,0.88371,2011-11-22
Sistema,0.88536,2011-11-23
Sistema,0.88794,2011-11-24
Sistema,0.88813,2011-11-25
Sistema,0.88791,2011-11-26
Sistema,0.88968,2011-11-27
Sistema,0.89006,2011-11-28
Sistema,0.89556,2011-11-29
Sistema,0.89869,2011-11-30
Sistema,0.90199,2011-12-01
Sistema,0.9026,2011-12-02
Sistema,0.90412,2011-12-03
Sistema,0.90526,2011-12-04
Sistema,0.90913,2011-12-05
Sistema,0.91105,2011-12-06
Sistema,0.91322,2011-12-07
Sistema,0.91882,2011-12-08
Sistema,0.91716,2011-12-09
Sistema,0.91625,2011-12-10
Sistema,0.91523,2011-12-11
Sistema,0.91679,2011-12-12
Sistema,0.91696,2011-12-13
Sistema,0.91681,2011-12-14
Sistema,0.9186,2011-12-15
Sistema,0.91822,2011-12-16
Sistema,0.91759,2011-12-17
Sistema,0.9158,2011-12-18
Sistema,0.91429,2011-12-19
Sistema,0.91254,2011-12-20
Sistema,0.90887,2011-12-21
Sistema,0.90393,2011-12-22
Sistema,0.89992,2011-12-23
Sistema,0.8982,2011-12-24
Sistema,0.89666,2011-12-25
Sistema,0.89462,2011-12-26
Sistema,0.89444,2011-12-27
Sistema,0.89329,2011-12-28
Sistema,0.8944,2011-12-29
Sistema,0.89049,2011-12-30
Sistema,0.88825,2011-12-31
Sistema,0.88642,2012-01-01
Sistema,0.88356,2012-01-02
Sistema,0.88442,2012-01-03
Sistema,0.8831,2012-01-04
Sistema,0.88882,2012-01-05
Sistema,0.88878,2012-01-06
Sistema,0.88775,2012-01-07
Sistema,0.88593,2012-01-08
Sistema,0.8833,2012-01-09
Sistema,0.88052,2012-01-10
Sistema,0.87747,2012-01-11
Sistema,0.87391,2012-01-12
Sistema,0.86974,2012-01-13
Sistema,0.86836,2012-01-14
Sistema,0.8686,2012-01-15
Sistema,0.86555,2012-01-16
Sistema,0.86304,2012-01-17
Sistema,0.86385,2012-01-18
Sistema,0.86277,2012-01-19
Sistema,0.86121,2012-01-20
Sistema,0.85989,2012-01-21
Sistema,0.86114,2012-01-22
Sistema,0.86003,2012-01-23
Sistema,0.85844,2012-01-24
Sistema,0.85596,2012-01-25
Sistema,0.85318,2012-01-26
Sistema,0.84984,2012-01-27
Sistema,0.84637,2012-01-28
Sistema,0.84499,2012-01-29
Sistema,0.84222,2012-01-30
Sistema,0.83997,2012-01-31
Sistema,0.8352,2012-02-01
Sistema,0.83102,2012-02-02
Sistema,0.826,2012-02-03
Sistema,0.82196,2012-02-04
Sistema,0.81991,2012-02-05
Sistema,0.82168,2012-02-06
Sistema,0.81986,2012-02-07
Sistema,0.82049,2012-02-08
Sistema,0.8175,2012-02-09
Sistema,0.81407,2012-02-10
Sistema,0.81076,2012-02-11
Sistema,0.80842,2012-02-12
Sistema,0.8034,2012-02-13
Sistema,0.79813,2012-02-14
Sistema,0.79288,2012-02-15
Sistema,0.78729,2012-02-16
Sistema,0.7817,2012-02-17
Sistema,0.7769,2012-02-18
Sistema,0.77274,2012-02-19
Sistema,0.76742,2012-02-20
Sistema,0.76108,2012-02-21
Sistema,0.75499,2012-02-22
Sistema,0.74861,2012-02-23
Sistema,0.7423,2012-02-24
Sistema,0.73708,2012-02-25
Sistema,0.73286,2012-02-26
Sistema,0.72688,2012-02-27
Sistema,0.7225,2012-02-28
Sistema,0.71792,2012-02-29
Sistema,0.71339,2012-03-01
Sistema,0.70804,2012-03-02
Sistema,0.70616,2012-03-03
Sistema,0.7065,2012-03-04
Sistema,0.70602,2012-03-05
Sistema,0.70189,2012-03-06
Sistema,0.69645,2012-03-07
Sistema,0.69157,2012-03-08
Sistema,0.68725,2012-03-09
Sistema,0.6835,2012-03-10
Sistema,0.68082,2012-03-11
Sistema,0.67933,2012-03-12
Sistema,0.67665,2012-03-13
Sistema,0.6713,2012-03-14
Sistema,0.66577,2012-03-15
Sistema,0.66202,2012-03-16
Sistema,0.66353,2012-03-17
Sistema,0.66276,2012-03-18
Sistema,0.66349,2012-03-19
Sistema,0.66224,2012-03-20
Sistema,0.66026,2012-03-21
Sistema,0.66216,2012-03-22
Sistema,0.6591,2012-03-23
Sistema,0.65855,2012-03-24
Sistema,0.6586,2012-03-25
Sistema,0.65784,2012-03-26
Sistema,0.65554,2012-03-27
Sistema,0.65388,2012-03-28
Sistema,0.64967,2012-03-29
Sistema,0.65093,2012-03-30
Sistema,0.6503,2012-03-31
Sistema,0.64902,2012-04-01
Sistema,0.64875,2012-04-02
Sistema,0.65015,2012-04-03
Sistema,0.64885,2012-04-04
Sistema,0.64908,2012-04-05
Sistema,0.64895,2012-04-06
Sistema,0.65528,2012-04-07
Sistema,0.65968,2012-04-08
Sistema,0.66224,2012-04-09
Sistema,0.66775,2012-04-10
Sistema,0.67667,2012-04-11
Sistema,0.69462,2012-04-12
Sistema,0.70235,2012-04-13
Sistema,0.70723,2012-04-14
Sistema,0.71245,2012-04-15
Sistema,0.71587,2012-04-16
Sistema,0.71621,2012-04-17
Sistema,0.71862,2012-04-18
Sistema,0.72363,2012-04-19
Sistema,0.7258,2012-04-20
Sistema,0.73108,2012-04-21
Sistema,0.74485,2012-04-22
Sistema,0.74889,2012-04-23
Sistema,0.75403,2012-04-24
Sistema,0.756,2012-04-25
Sistema,0.75774,2012-04-26
Sistema,0.75966,2012-04-27
Sistema,0.76456,2012-04-28
Sistema,0.76762,2012-04-29
Sistema,0.76912,2012-04-30
Sistema,0.78894,2012-05-01
Sistema,0.79965,2012-05-02
Sistema,0.80427,2012-05-03
Sistema,0.80572,2012-05-04
Sistema,0.80689,2012-05-05
Sistema,0.80974,2012-05-06
Sistema,0.81319,2012-05-07
Sistema,0.81553,2012-05-08
Sistema,0.81857,2012-05-09
Sistema,0.8193,2012-05-10
Sistema,0.821,2012-05-11
Sistema,0.83018,2012-05-12
Sistema,0.83321,2012-05-13
Sistema,0.83197,2012-05-14
Sistema,0.82803,2012-05-15
Sistema,0.82454,2012-05-16
Sistema,0.82219,2012-05-17
Sistema,0.82261,2012-05-18
Sistema,0.82635,2012-05-19
Sistema,0.82872,2012-05-20
Sistema,0.83378,2012-05-21
Sistema,0.84116,2012-05-22
Sistema,0.844,2012-05-23
Sistema,0.84379,2012-05-24
Sistema,0.84248,2012-05-25
Sistema,0.84609,2012-05-26
Sistema,0.84567,2012-05-27
Sistema,0.84467,2012-05-28
Sistema,0.84318,2012-05-29
Sistema,0.84101,2012-05-30
Sistema,0.8381,2012-05-31
Sistema,0.83944,2012-06-01
Sistema,0.84031,2012-06-02
Sistema,0.84005,2012-06-03
Sistema,0.83727,2012-06-04
Sistema,0.83434,2012-06-05
Sistema,0.83067,2012-06-06
Sistema,0.83082,2012-06-07
Sistema,0.83072,2012-06-08
Sistema,0.82983,2012-06-09
Sistema,0.83297,2012-06-10
Sistema,0.83637,2012-06-11
Sistema,0.83939,2012-06-12
Sistema,0.84185,2012-06-13
Sistema,0.84387,2012-06-14
Sistema,0.84554,2012-06-15
Sistema,0.84971,2012-06-16
Sistema,0.85075,2012-06-17
Sistema,0.85043,2012-06-18
Sistema,0.84754,2012-06-19
Sistema,0.84497,2012-06-20
Sistema,0.84563,2012-06-21
Sistema,0.84289,2012-06-22
Sistema,0.83982,2012-06-23
Sistema,0.83792,2012-06-24
Sistema,0.83634,2012-06-25
Sistema,0.83527,2012-06-26
Sistema,0.83574,2012-06-27
Sistema,0.83648,2012-06-28
Sistema,0.83572,2012-06-29
Sistema,0.83954,2012-06-30
Sistema,0.84619,2012-07-01
Sistema,0.84807,2012-07-02
Sistema,0.84843,2012-07-03
Sistema,0.85026,2012-07-04
Sistema,0.85156,2012-07-05
Sistema,0.8544,2012-07-06
Sistema,0.85548,2012-07-07
Sistema,0.85528,2012-07-08
Sistema,0.85266,2012-07-09
Sistema,0.85237,2012-07-10
Sistema,0.85398,2012-07-11
Sistema,0.85797,2012-07-12
Sistema,0.85851,2012-07-13
Sistema,0.86129,2012-07-14
Sistema,0.86835,2012-07-15
Sistema,0.86651,2012-07-16
Sistema,0.86405,2012-07-17
Sistema,0.8627,2012-07-18
Sistema,0.86178,2012-07-19
Sistema,0.85994,2012-07-20
Sistema,0.85753,2012-07-21
Sistema,0.85795,2012-07-22
Sistema,0.86024,2012-07-23
Sistema,0.8603,2012-07-24
Sistema,0.85808,2012-07-25
Sistema,0.85776,2012-07-26
Sistema,0.8557,2012-07-27
Sistema,0.85788,2012-07-28
Sistema,0.85719,2012-07-29
Sistema,0.86302,2012-07-30
Sistema,0.85983,2012-07-31
Sistema,0.85805,2012-08-01
Sistema,0.85762,2012-08-02
Sistema,0.85576,2012-08-03
Sistema,0.85718,2012-08-04
Sistema,0.85854,2012-08-05
Sistema,0.85731,2012-08-06
Sistema,0.85701,2012-08-07
Sistema,0.85693,2012-08-08
Sistema,0.8555,2012-08-09
Sistema,0.85245,2012-08-10
Sistema,0.85072,2012-08-11
Sistema,0.85106,2012-08-12
Sistema,0.85225,2012-08-13
Sistema,0.85384,2012-08-14
Sistema,0.85624,2012-08-15
Sistema,0.85514,2012-08-16
Sistema,0.85935,2012-08-17
Sistema,0.86035,2012-08-18
Sistema,0.86368,2012-08-19
Sistema,0.86982,2012-08-20
Sistema,0.86956,2012-08-21
Sistema,0.8699,2012-08-22
Sistema,0.87353,2012-08-23
Sistema,0.87319,2012-08-24
Sistema,0.87256,2012-08-25
Sistema,0.88085,2012-08-26
Sistema,0.88081,2012-08-27
Sistema,0.87783,2012-08-28
Sistema,0.87572,2012-08-29
Sistema,0.87219,2012-08-30
Sistema,0.87046,2012-08-31
Sistema,0.86871,2012-09-01
Sistema,0.86706,2012-09-02
Sistema,0.86525,2012-09-03
Sistema,0.86285,2012-09-04
Sistema,0.86212,2012-09-05
Sistema,0.86022,2012-09-06
Sistema,0.85629,2012-09-07
Sistema,0.8542,2012-09-08
Sistema,0.85314,2012-09-09
Sistema,0.85133,2012-09-10
Sistema,0.8498,2012-09-11
Sistema,0.84719,2012-09-12
Sistema,0.84546,2012-09-13
Sistema,0.84203,2012-09-14
Sistema,0.83952,2012-09-15
Sistema,0.83728,2012-09-16
Sistema,0.8343,2012-09-17
Sistema,0.83246,2012-09-18
Sistema,0.82951,2012-09-19
Sistema,0.82747,2012-09-20
Sistema,0.82576,2012-09-21
Sistema,0.82636,2012-09-22
Sistema,0.82537,2012-09-23
Sistema,0.82319,2012-09-24
Sistema,0.82036,2012-09-25
Sistema,0.81636,2012-09-26
Sistema,0.81299,2012-09-27
Sistema,0.80924,2012-09-28
Sistema,0.80701,2012-09-29
Sistema,0.80678,2012-09-30
Sistema,0.8037,2012-10-01
Sistema,0.80216,2012-10-02
Sistema,0.79843,2012-10-03
Sistema,0.79671,2012-10-04
Sistema,0.7961,2012-10-05
Sistema,0.79813,2012-10-06
Sistema,0.80204,2012-10-07
Sistema,0.80101,2012-10-08
Sistema,0.79885,2012-10-09
Sistema,0.79668,2012-10-10
Sistema,0.792,2012-10-11
Sistema,0.78997,2012-10-12
Sistema,0.79139,2012-10-13
Sistema,0.7927,2012-10-14
Sistema,0.79423,2012-10-15
Sistema,0.79671,2012-10-16
Sistema,0.79679,2012-10-17
Sistema,0.80224,2012-10-18
Sistema,0.80617,2012-10-19
Sistema,0.81068,2012-10-20
Sistema,0.81671,2012-10-21
Sistema,0.82092,2012-10-22
Sistema,0.82096,2012-10-23
Sistema,0.82126,2012-10-24
Sistema,0.82501,2012-10-25
Sistema,0.82353,2012-10-26
Sistema,0.82132,2012-10-27
Sistema,0.81887,2012-10-28
Sistema,0.8165,2012-10-29
Sistema,0.81725,2012-10-30
Sistema,0.81707,2012-10-31
Sistema,0.81821,2012-11-01
Sistema,0.8157,2012-11-02
Sistema,0.81398,2012-11-03
Sistema,0.81291,2012-11-04
Sistema,0.81435,2012-11-05
Sistema,0.81183,2012-11-06
Sistema,0.80961,2012-11-07
Sistema,0.80709,2012-11-08
Sistema,0.8039,2012-11-09
Sistema,0.80325,2012-11-10
Sistema,0.80289,2012-11-11
Sistema,0.80159,2012-11-12
Sistema,0.79881,2012-11-13
Sistema,0.79895,2012-11-14
Sistema,0.80114,2012-11-15
Sistema,0.80804,2012-11-16
Sistema,0.8142,2012-11-17
Sistema,0.82164,2012-11-18
Sistema,0.82281,2012-11-19
Sistema,0.82159,2012-11-20
Sistema,0.81951,2012-11-21
Sistema,0.8181,2012-11-22
Sistema,0.81591,2012-11-23
Sistema,0.81373,2012-11-24
Sistema,0.81162,2012-11-25
Sistema,0.80942,2012-11-26
Sistema,0.80732,2012-11-27
Sistema,0.80389,2012-11-28
Sistema,0.80076,2012-11-29
Sistema,0.79972,2012-11-30
Sistema,0.79963,2012-12-01
Sistema,0.79995,2012-12-02
Sistema,0.79932,2012-12-03
Sistema,0.79703,2012-12-04
Sistema,0.79573,2012-12-05
Sistema,0.79339,2012-12-06
Sistema,0.79071,2012-12-07
Sistema,0.7888,2012-12-08
Sistema,0.78584,2012-12-09
Sistema,0.78204,2012-12-10
Sistema,0.77789,2012-12-11
Sistema,0.77253,2012-12-12
Sistema,0.76918,2012-12-13
Sistema,0.76625,2012-12-14
Sistema,0.76402,2012-12-15
Sistema,0.76241,2012-12-16
Sistema,0.75852,2012-12-17
Sistema,0.75502,2012-12-18
Sistema,0.75221,2012-12-19
Sistema,0.75037,2012-12-20
Sistema,0.74897,2012-12-21
Sistema,0.74697,2012-12-22
Sistema,0.7496,2012-12-23
Sistema,0.74873,2012-12-24
Sistema,0.74807,2012-12-25
Sistema,0.74736,2012-12-26
Sistema,0.74542,2012-12-27
Sistema,0.74292,2012-12-28
Sistema,0.73957,2012-12-29
Sistema,0.73688,2012-12-30
Sistema,0.73379,2012-12-31
Sistema,0.73211,2013-01-01
Sistema,0.72907,2013-01-02
Sistema,0.72552,2013-01-03
Sistema,0.7212,2013-01-04
Sistema,0.71765,2013-01-05
Sistema,0.71461,2013-01-06
Sistema,0.71123,2013-01-07
Sistema,0.70617,2013-01-08
Sistema,0.70079,2013-01-09
Sistema,0.69583,2013-01-10
Sistema,0.68979,2013-01-11
Sistema,0.68486,2013-01-12
Sistema,0.68122,2013-01-13
Sistema,0.6765,2013-01-14
Sistema,0.6724,2013-01-15
Sistema,0.66844,2013-01-16
Sistema,0.6648,2013-01-17
Sistema,0.66028,2013-01-18
Sistema,0.65643,2013-01-19
Sistema,0.65332,2013-01-20
Sistema,0.64864,2013-01-21
Sistema,0.64383,2013-01-22
Sistema,0.63944,2013-01-23
Sistema,0.63481,2013-01-24
Sistema,0.63056,2013-01-25
Sistema,0.62658,2013-01-26
Sistema,0.62288,2013-01-27
Sistema,0.61745,2013-01-28
Sistema,0.61224,2013-01-29
Sistema,0.60708,2013-01-30
Sistema,0.60181,2013-01-31
Sistema,0.59744,2013-02-01
Sistema,0.59282,2013-02-02
Sistema,0.59103,2013-02-03
Sistema,0.58887,2013-02-04
Sistema,0.58654,2013-02-05
Sistema,0.58372,2013-02-06
Sistema,0.57973,2013-02-07
Sistema,0.57682,2013-02-08
Sistema,0.57633,2013-02-09
Sistema,0.57713,2013-02-10
Sistema,0.57606,2013-02-11
Sistema,0.57398,2013-02-12
Sistema,0.57122,2013-02-13
Sistema,0.56963,2013-02-14
Sistema,0.56606,2013-02-15
Sistema,0.56267,2013-02-16
Sistema,0.56137,2013-02-17
Sistema,0.55832,2013-02-18
Sistema,0.5543,2013-02-19
Sistema,0.54999,2013-02-20
Sistema,0.54568,2013-02-21
Sistema,0.54272,2013-02-22
Sistema,0.53907,2013-02-23
Sistema,0.539,2013-02-24
Sistema,0.53352,2013-02-25
Sistema,0.52923,2013-02-26
Sistema,0.52565,2013-02-27
Sistema,0.52197,2013-02-28
Sistema,0.52169,2013-03-01
Sistema,0.51838,2013-03-02
Sistema,0.51581,2013-03-03
Sistema,0.5122,2013-03-04
Sistema,0.50845,2013-03-05
Sistema,0.50455,2013-03-06
Sistema,0.50006,2013-03-07
Sistema,0.49588,2013-03-08
Sistema,0.49206,2013-03-09
Sistema,0.49017,2013-03-10
Sistema,0.48647,2013-03-11
Sistema,0.48391,2013-03-12
Sistema,0.48217,2013-03-13
Sistema,0.47951,2013-03-14
Sistema,0.48033,2013-03-15
Sistema,0.47924,2013-03-16
Sistema,0.48084,2013-03-17
Sistema,0.48234,2013-03-18
Sistema,0.48113,2013-03-19
Sistema,0.4784,2013-03-20
Sistema,0.47723,2013-03-21
Sistema,0.47645,2013-03-22
Sistema,0.4734,2013-03-23
Sistema,0.47051,2013-03-24
Sistema,0.46675,2013-03-25
Sistema,0.46212,2013-03-26
Sistema,0.4571,2013-03-27
Sistema,0.45317,2013-03-28
Sistema,0.45038,2013-03-29
Sistema,0.44771,2013-03-30
Sistema,0.44534,2013-03-31
Sistema,0.43996,2013-04-01
Sistema,0.43546,2013-04-02
Sistema,0.43005,2013-04-03
Sistema,0.42347,2013-04-04
Sistema,0.41791,2013-04-05
Sistema,0.41384,2013-04-06
Sistema,0.41126,2013-04-07
Sistema,0.40674,2013-04-08
Sistema,0.40254,2013-04-09
Sistema,0.39894,2013-04-10
Sistema,0.39448,2013-04-11
Sistema,0.39008,2013-04-12
Sistema,0.38719,2013-04-13
Sistema,0.38568,2013-04-14
Sistema,0.38509,2013-04-15
Sistema,0.38374,2013-04-16
Sistema,0.3818,2013-04-17
Sistema,0.38081,2013-04-18
Sistema,0.38326,2013-04-19
Sistema,0.386,2013-04-20
Sistema,0.38944,2013-04-21
Sistema,0.38955,2013-04-22
Sistema,0.38982,2013-04-23
Sistema,0.38822,2013-04-24
Sistema,0.38532,2013-04-25
Sistema,0.3834,2013-04-26
Sistema,0.3835,2013-04-27
Sistema,0.38421,2013-04-28
Sistema,0.38506,2013-04-29
Sistema,0.3852,2013-04-30
Sistema,0.38539,2013-05-01
Sistema,0.38609,2013-05-02
Sistema,0.38803,2013-05-03
Sistema,0.39014,2013-05-04
Sistema,0.39575,2013-05-05
Sistema,0.3976,2013-05-06
Sistema,0.40113,2013-05-07
Sistema,0.40182,2013-05-08
Sistema,0.40277,2013-05-09
Sistema,0.40536,2013-05-10
Sistema,0.40563,2013-05-11
Sistema,0.4057,2013-05-12
Sistema,0.40557,2013-05-13
Sistema,0.40302,2013-05-14
Sistema,0.40628,2013-05-15
Sistema,0.40775,2013-05-16
Sistema,0.42443,2013-05-17
Sistema,0.42765,2013-05-18
Sistema,0.43056,2013-05-19
Sistema,0.43407,2013-05-20
Sistema,0.44034,2013-05-21
Sistema,0.45254,2013-05-22
Sistema,0.46237,2013-05-23
Sistema,0.47803,2013-05-24
Sistema,0.48386,2013-05-25
Sistema,0.48964,2013-05-26
Sistema,0.49073,2013-05-27
Sistema,0.49072,2013-05-28
Sistema,0.49164,2013-05-29
Sistema,0.49412,2013-05-30
Sistema,0.49889,2013-05-31
Sistema,0.5014,2013-06-01
Sistema,0.50281,2013-06-02
Sistema,0.50422,2013-06-03
Sistema,0.50428,2013-06-04
Sistema,0.50339,2013-06-05
Sistema,0.50245,2013-06-06
Sistema,0.50128,2013-06-07
Sistema,0.50074,2013-06-08
Sistema,0.50056,2013-06-09
Sistema,0.49953,2013-06-10
Sistema,0.49817,2013-06-11
Sistema,0.50258,2013-06-12
Sistema,0.50474,2013-06-13
Sistema,0.50402,2013-06-14
Sistema,0.50532,2013-06-15
Sistema,0.51256,2013-06-16
Sistema,0.51297,2013-06-17
Sistema,0.51303,2013-06-18
Sistema,0.51144,2013-06-19
Sistema,0.50896,2013-06-20
Sistema,0.50817,2013-06-21
Sistema,0.50643,2013-06-22
Sistema,0.50657,2013-06-23
Sistema,0.51097,2013-06-24
Sistema,0.51337,2013-06-25
Sistema,0.51177,2013-06-26
Sistema,0.51039,2013-06-27
Sistema,0.51425,2013-06-28
Sistema,0.51457,2013-06-29
Sistema,0.51703,2013-06-30
Sistema,0.52078,2013-07-01
Sistema,0.52044,2013-07-02
Sistema,0.51996,2013-07-03
Sistema,0.52007,2013-07-04
Sistema,0.51856,2013-07-05
Sistema,0.51716,2013-07-06
Sistema,0.51727,2013-07-07
Sistema,0.5182,2013-07-08
Sistema,0.52122,2013-07-09
Sistema,0.52259,2013-07-10
Sistema,0.52739,2013-07-11
Sistema,0.53026,2013-07-12
Sistema,0.53123,2013-07-13
Sistema,0.53232,2013-07-14
Sistema,0.5347,2013-07-15
Sistema,0.53766,2013-07-16
Sistema,0.54249,2013-07-17
Sistema,0.54537,2013-07-18
Sistema,0.54628,2013-07-19
Sistema,0.54787,2013-07-20
Sistema,0.55329,2013-07-21
Sistema,0.55386,2013-07-22
Sistema,0.55433,2013-07-23
Sistema,0.55301,2013-07-24
Sistema,0.55095,2013-07-25
Sistema,0.55195,2013-07-26
Sistema,0.55213,2013-07-27
Sistema,0.5525,2013-07-28
Sistema,0.55456,2013-07-29
Sistema,0.55456,2013-07-30
Sistema,0.5573,2013-07-31
Sistema,0.55961,2013-08-01
Sistema,0.56371,2013-08-02
Sistema,0.56872,2013-08-03
Sistema,0.57243,2013-08-04
Sistema,0.57306,2013-08-05
Sistema,0.57217,2013-08-06
Sistema,0.57183,2013-08-07
Sistema,0.57458,2013-08-08
Sistema,0.57674,2013-08-09
Sistema,0.57989,2013-08-10
Sistema,0.58621,2013-08-11
Sistema,0.5901,2013-08-12
Sistema,0.59681,2013-08-13
Sistema,0.59786,2013-08-14
Sistema,0.59734,2013-08-15
Sistema,0.59958,2013-08-16
Sistema,0.60027,2013-08-17
Sistema,0.60486,2013-08-18
Sistema,0.60739,2013-08-19
Sistema,0.61278,2013-08-20
Sistema,0.61637,2013-08-21
Sistema,0.62024,2013-08-22
Sistema,0.61989,2013-08-23
Sistema,0.62196,2013-08-24
Sistema,0.62525,2013-08-25
Sistema,0.62734,2013-08-26
Sistema,0.62905,2013-08-27
Sistema,0.62819,2013-08-28
Sistema,0.63285,2013-08-29
Sistema,0.63252,2013-08-30
Sistema,0.63249,2013-08-31
Sistema,0.63687,2013-09-01
Sistema,0.63731,2013-09-02
Sistema,0.63915,2013-09-03
Sistema,0.6383,2013-09-04
Sistema,0.63585,2013-09-05
Sistema,0.64015,2013-09-06
Sistema,0.64259,2013-09-07
Sistema,0.64203,2013-09-08
Sistema,0.64219,2013-09-09
Sistema,0.64273,2013-09-10
Sistema,0.6432,2013-09-11
Sistema,0.64388,2013-09-12
Sistema,0.64212,2013-09-13
Sistema,0.63978,2013-09-14
Sistema,0.64124,2013-09-15
Sistema,0.6394,2013-09-16
Sistema,0.63828,2013-09-17
Sistema,0.63927,2013-09-18
Sistema,0.64051,2013-09-19
Sistema,0.63906,2013-09-20
Sistema,0.63757,2013-09-21
Sistema,0.63603,2013-09-22
Sistema,0.63171,2013-09-23
Sistema,0.6299,2013-09-24
Sistema,0.62708,2013-09-25
Sistema,0.6242,2013-09-26
Sistema,0.62283,2013-09-27
Sistema,0.62503,2013-09-28
Sistema,0.62805,2013-09-29
Sistema,0.62947,2013-09-30
Sistema,0.62977,2013-10-01
Sistema,0.62715,2013-10-02
Sistema,0.62767,2013-10-03
Sistema,0.64073,2013-10-04
Sistema,0.64339,2013-10-05
Sistema,0.64331,2013-10-06
Sistema,0.6409,2013-10-07
Sistema,0.64081,2013-10-08
Sistema,0.63868,2013-10-09
Sistema,0.63746,2013-10-10
Sistema,0.63593,2013-10-11
Sistema,0.63463,2013-10-12
Sistema,0.63891,2013-10-13
Sistema,0.64242,2013-10-14
Sistema,0.64443,2013-10-15
Sistema,0.64504,2013-10-16
Sistema,0.64509,2013-10-17
Sistema,0.64262,2013-10-18
Sistema,0.6413,2013-10-19
Sistema,0.64094,2013-10-20
Sistema,0.64046,2013-10-21
Sistema,0.64317,2013-10-22
Sistema,0.64274,2013-10-23
Sistema,0.64186,2013-10-24
Sistema,0.64006,2013-10-25
Sistema,0.63825,2013-10-26
Sistema,0.6385,2013-10-27
Sistema,0.63594,2013-10-28
Sistema,0.6329,2013-10-29
Sistema,0.63142,2013-10-30
Sistema,0.63045,2013-10-31
Sistema,0.62863,2013-11-01
Sistema,0.62855,2013-11-02
Sistema,0.63019,2013-11-03
Sistema,0.63795,2013-11-04
Sistema,0.6453,2013-11-05
Sistema,0.64986,2013-11-06
Sistema,0.65806,2013-11-07
Sistema,0.66146,2013-11-08
Sistema,0.66523,2013-11-09
Sistema,0.66907,2013-11-10
Sistema,0.66942,2013-11-11
Sistema,0.67064,2013-11-12
Sistema,0.67134,2013-11-13
Sistema,0.67322,2013-11-14
Sistema,0.67547,2013-11-15
Sistema,0.67495,2013-11-16
Sistema,0.6753,2013-11-17
Sistema,0.67319,2013-11-18
Sistema,0.67383,2013-11-19
Sistema,0.67495,2013-11-20
Sistema,0.67785,2013-11-21
Sistema,0.677,2013-11-22
Sistema,0.67648,2013-11-23
Sistema,0.67942,2013-11-24
Sistema,0.67984,2013-11-25
Sistema,0.68152,2013-11-26
Sistema,0.6839,2013-11-27
Sistema,0.68532,2013-11-28
Sistema,0.68675,2013-11-29
Sistema,0.69043,2013-11-30
Sistema,0.69588,2013-12-01
Sistema,0.70339,2013-12-02
Sistema,0.70739,2013-12-03
Sistema,0.70885,2013-12-04
Sistema,0.70932,2013-12-05
Sistema,0.70945,2013-12-06
Sistema,0.71035,2013-12-07
Sistema,0.71261,2013-12-08
Sistema,0.71298,2013-12-09
Sistema,0.71216,2013-12-10
Sistema,0.71079,2013-12-11
Sistema,0.70888,2013-12-12
Sistema,0.70679,2013-12-13
Sistema,0.70554,2013-12-14
Sistema,0.70709,2013-12-15
Sistema,0.70609,2013-12-16
Sistema,0.70622,2013-12-17
Sistema,0.70587,2013-12-18
Sistema,0.70521,2013-12-19
Sistema,0.70396,2013-12-20
Sistema,0.70229,2013-12-21
Sistema,0.70351,2013-12-22
Sistema,0.70765,2013-12-23
Sistema,0.70963,2013-12-24
Sistema,0.7104,2013-12-25
Sistema,0.70792,2013-12-26
Sistema,0.70489,2013-12-27
Sistema,0.70173,2013-12-28
Sistema,0.69989,2013-12-29
Sistema,0.6966,2013-12-30
Sistema,0.6946,2013-12-31
Sistema,0.69394,2014-01-01
Sistema,0.69162,2014-01-02
Sistema,0.6896,2014-01-03
Sistema,0.68662,2014-01-04
Sistema,0.68564,2014-01-05
Sistema,0.68767,2014-01-06
Sistema,0.68815,2014-01-07
Sistema,0.68766,2014-01-08
Sistema,0.68663,2014-01-09
Sistema,0.68505,2014-01-10
Sistema,0.68404,2014-01-11
Sistema,0.68343,2014-01-12
Sistema,0.68006,2014-01-13
Sistema,0.67584,2014-01-14
Sistema,0.67213,2014-01-15
Sistema,0.66812,2014-01-16
Sistema,0.66442,2014-01-17
Sistema,0.66054,2014-01-18
Sistema,0.65802,2014-01-19
Sistema,0.65414,2014-01-20
Sistema,0.65038,2014-01-21
Sistema,0.64652,2014-01-22
Sistema,0.64235,2014-01-23
Sistema,0.63767,2014-01-24
Sistema,0.63327,2014-01-25
Sistema,0.63126,2014-01-26
Sistema,0.6264,2014-01-27
Sistema,0.62132,2014-01-28
Sistema,0.61765,2014-01-29
Sistema,0.61322,2014-01-30
Sistema,0.6096,2014-01-31
Sistema,0.60569,2014-02-01
Sistema,0.60412,2014-02-02
Sistema,0.60087,2014-02-03
Sistema,0.5971,2014-02-04
Sistema,0.59313,2014-02-05
Sistema,0.58997,2014-02-06
Sistema,0.58642,2014-02-07
Sistema,0.58227,2014-02-08
Sistema,0.57997,2014-02-09
Sistema,0.57544,2014-02-10
Sistema,0.57177,2014-02-11
Sistema,0.56713,2014-02-12
Sistema,0.56367,2014-02-13
Sistema,0.55992,2014-02-14
Sistema,0.55591,2014-02-15
Sistema,0.55317,2014-02-16
Sistema,0.54883,2014-02-17
Sistema,0.5455,2014-02-18
Sistema,0.54229,2014-02-19
Sistema,0.53985,2014-02-20
Sistema,0.53874,2014-02-21
Sistema,0.5371,2014-02-22
Sistema,0.53606,2014-02-23
Sistema,0.53159,2014-02-24
Sistema,0.53039,2014-02-25
Sistema,0.52771,2014-02-26
Sistema,0.53265,2014-02-27
Sistema,0.53601,2014-02-28
Sistema,0.53696,2014-03-01
Sistema,0.53686,2014-03-02
Sistema,0.53841,2014-03-03
Sistema,0.53939,2014-03-04
Sistema,0.5385,2014-03-05
Sistema,0.53678,2014-03-06
Sistema,0.53555,2014-03-07
Sistema,0.53482,2014-03-08
Sistema,0.53546,2014-03-09
Sistema,0.53342,2014-03-10
Sistema,0.53077,2014-03-11
Sistema,0.5299,2014-03-12
Sistema,0.5285,2014-03-13
Sistema,0.52638,2014-03-14
Sistema,0.52723,2014-03-15
Sistema,0.52742,2014-03-16
Sistema,0.5243,2014-03-17
Sistema,0.52202,2014-03-18
Sistema,0.51886,2014-03-19
Sistema,0.51521,2014-03-20
Sistema,0.51076,2014-03-21
Sistema,0.5068,2014-03-22
Sistema,0.50473,2014-03-23
Sistema,0.50239,2014-03-24
Sistema,0.49953,2014-03-25
Sistema,0.49824,2014-03-26
Sistema,0.49344,2014-03-27
Sistema,0.48873,2014-03-28
Sistema,0.4845,2014-03-29
Sistema,0.48094,2014-03-30
Sistema,0.47621,2014-03-31
Sistema,0.4712,2014-04-01
Sistema,0.46634,2014-04-02
Sistema,0.46282,2014-04-03
Sistema,0.46007,2014-04-04
Sistema,0.45811,2014-04-05
Sistema,0.45663,2014-04-06
Sistema,0.45515,2014-04-07
Sistema,0.45463,2014-04-08
Sistema,0.45178,2014-04-09
Sistema,0.44836,2014-04-10
Sistema,0.44376,2014-04-11
Sistema,0.43951,2014-04-12
Sistema,0.43687,2014-04-13
Sistema,0.43227,2014-04-14
Sistema,0.42888,2014-04-15
Sistema,0.42667,2014-04-16
Sistema,0.42685,2014-04-17
Sistema,0.42483,2014-04-18
Sistema,0.42635,2014-04-19
Sistema,0.42748,2014-04-20
Sistema,0.42608,2014-04-21
Sistema,0.42493,2014-04-22
Sistema,0.42349,2014-04-23
Sistema,0.43168,2014-04-24
Sistema,0.43117,2014-04-25
Sistema,0.43971,2014-04-26
Sistema,0.44345,2014-04-27
Sistema,0.4445,2014-04-28
Sistema,0.44935,2014-04-29
Sistema,0.4497,2014-04-30
Sistema,0.45171,2014-05-01
Sistema,0.45148,2014-05-02
Sistema,0.45146,2014-05-03
Sistema,0.45261,2014-05-04
Sistema,0.45029,2014-05-05
Sistema,0.45047,2014-05-06
Sistema,0.45012,2014-05-07
Sistema,0.4501,2014-05-08
Sistema,0.45655,2014-05-09
Sistema,0.46069,2014-05-10
Sistema,0.47048,2014-05-11
Sistema,0.47446,2014-05-12
Sistema,0.47855,2014-05-13
Sistema,0.48043,2014-05-14
Sistema,0.48296,2014-05-15
Sistema,0.48399,2014-05-16
Sistema,0.48745,2014-05-17
Sistema,0.49132,2014-05-18
Sistema,0.49087,2014-05-19
Sistema,0.49124,2014-05-20
Sistema,0.49218,2014-05-21
Sistema,0.49259,2014-05-22
Sistema,0.4928,2014-05-23
Sistema,0.49359,2014-05-24
Sistema,0.49321,2014-05-25
Sistema,0.49147,2014-05-26
Sistema,0.49069,2014-05-27
Sistema,0.49077,2014-05-28
Sistema,0.49189,2014-05-29
Sistema,0.49241,2014-05-30
Sistema,0.49646,2014-05-31
Sistema,0.49949,2014-06-01
Sistema,0.50375,2014-06-02
Sistema,0.50591,2014-06-03
Sistema,0.50743,2014-06-04
Sistema,0.50748,2014-06-05
Sistema,0.51003,2014-06-06
Sistema,0.52564,2014-06-07
Sistema,0.53689,2014-06-08
Sistema,0.53947,2014-06-09
Sistema,0.54337,2014-06-10
Sistema,0.54638,2014-06-11
Sistema,0.54604,2014-06-12
Sistema,0.5463,2014-06-13
Sistema,0.56011,2014-06-14
Sistema,0.57136,2014-06-15
Sistema,0.57424,2014-06-16
Sistema,0.57693,2014-06-17
Sistema,0.58094,2014-06-18
Sistema,0.58938,2014-06-19
Sistema,0.59578,2014-06-20
Sistema,0.59951,2014-06-21
Sistema,0.60474,2014-06-22
Sistema,0.6138,2014-06-23
Sistema,0.62592,2014-06-24
Sistema,0.64183,2014-06-25
Sistema,0.65088,2014-06-26
Sistema,0.65421,2014-06-27
Sistema,0.65638,2014-06-28
Sistema,0.65801,2014-06-29
Sistema,0.66029,2014-06-30
Sistema,0.6647,2014-07-01
Sistema,0.67142,2014-07-02
Sistema,0.67391,2014-07-03
Sistema,0.67598,2014-07-04
Sistema,0.67927,2014-07-05
Sistema,0.68078,2014-07-06
Sistema,0.68864,2014-07-07
Sistema,0.69546,2014-07-08
Sistema,0.6973,2014-07-09
Sistema,0.69736,2014-07-10
Sistema,0.69938,2014-07-11
Sistema,0.7017,2014-07-12
Sistema,0.70773,2014-07-13
Sistema,0.71193,2014-07-14
Sistema,0.71494,2014-07-15
Sistema,0.71632,2014-07-16
Sistema,0.71823,2014-07-17
Sistema,0.72148,2014-07-18
Sistema,0.72286,2014-07-19
Sistema,0.72597,2014-07-20
Sistema,0.7262,2014-07-21
Sistema,0.72654,2014-07-22
Sistema,0.72771,2014-07-23
Sistema,0.72782,2014-07-24
Sistema,0.72751,2014-07-25
Sistema,0.72876,2014-07-26
Sistema,0.73079,2014-07-27
Sistema,0.72997,2014-07-28
Sistema,0.7288,2014-07-29
Sistema,0.72813,2014-07-30
Sistema,0.72775,2014-07-31
Sistema,0.72594,2014-08-01
Sistema,0.72966,2014-08-02
Sistema,0.73194,2014-08-03
Sistema,0.73092,2014-08-04
Sistema,0.72893,2014-08-05
Sistema,0.73128,2014-08-06
Sistema,0.73857,2014-08-07
Sistema,0.74187,2014-08-08
Sistema,0.7457,2014-08-09
Sistema,0.75064,2014-08-10
Sistema,0.75271,2014-08-11
Sistema,0.75646,2014-08-12
Sistema,0.75682,2014-08-13
Sistema,0.75895,2014-08-14
Sistema,0.75768,2014-08-15
Sistema,0.75741,2014-08-16
Sistema,0.76042,2014-08-17
Sistema,0.76248,2014-08-18
Sistema,0.76091,2014-08-19
Sistema,0.75889,2014-08-20
Sistema,0.75599,2014-08-21
Sistema,0.75253,2014-08-22
Sistema,0.75113,2014-08-23
Sistema,0.75103,2014-08-24
Sistema,0.7515,2014-08-25
Sistema,0.75374,2014-08-26
Sistema,0.75456,2014-08-27
Sistema,0.75694,2014-08-28
Sistema,0.75689,2014-08-29
Sistema,0.75435,2014-08-30
Sistema,0.75277,2014-08-31
Sistema,0.74812,2014-09-01
Sistema,0.74562,2014-09-02
Sistema,0.74518,2014-09-03
Sistema,0.74555,2014-09-04
Sistema,0.74305,2014-09-05
Sistema,0.74301,2014-09-06
Sistema,0.74459,2014-09-07
Sistema,0.74285,2014-09-08
Sistema,0.74087,2014-09-09
Sistema,0.73846,2014-09-10
Sistema,0.74011,2014-09-11
Sistema,0.74091,2014-09-12
Sistema,0.74689,2014-09-13
Sistema,0.75088,2014-09-14
Sistema,0.75246,2014-09-15
Sistema,0.75238,2014-09-16
Sistema,0.75293,2014-09-17
Sistema,0.75142,2014-09-18
Sistema,0.74913,2014-09-19
Sistema,0.75202,2014-09-20
Sistema,0.75374,2014-09-21
Sistema,0.75335,2014-09-22
Sistema,0.75212,2014-09-23
Sistema,0.74936,2014-09-24
Sistema,0.74809,2014-09-25
Sistema,0.74814,2014-09-26
Sistema,0.74691,2014-09-27
Sistema,0.74671,2014-09-28
Sistema,0.74416,2014-09-29
Sistema,0.73971,2014-09-30
Sistema,0.73632,2014-10-01
Sistema,0.73242,2014-10-02
Sistema,0.72957,2014-10-03
Sistema,0.72724,2014-10-04
Sistema,0.72618,2014-10-05
Sistema,0.72451,2014-10-06
Sistema,0.72736,2014-10-07
Sistema,0.73051,2014-10-08
Sistema,0.73961,2014-10-09
Sistema,0.74295,2014-10-10
Sistema,0.74588,2014-10-11
Sistema,0.75073,2014-10-12
Sistema,0.75818,2014-10-13
Sistema,0.75966,2014-10-14
Sistema,0.7606,2014-10-15
Sistema,0.76148,2014-10-16
Sistema,0.76136,2014-10-17
Sistema,0.76448,2014-10-18
Sistema,0.76858,2014-10-19
Sistema,0.76899,2014-10-20
Sistema,0.76732,2014-10-21
Sistema,0.76812,2014-10-22
Sistema,0.76748,2014-10-23
Sistema,0.76781,2014-10-24
Sistema,0.76761,2014-10-25
Sistema,0.77291,2014-10-26
Sistema,0.77308,2014-10-27
Sistema,0.7724,2014-10-28
Sistema,0.77311,2014-10-29
Sistema,0.77526,2014-10-30
Sistema,0.77965,2014-10-31
Sistema,0.78142,2014-11-01
Sistema,0.7823,2014-11-02
Sistema,0.78137,2014-11-03
Sistema,0.77959,2014-11-04
Sistema,0.77809,2014-11-05
Sistema,0.77842,2014-11-06
Sistema,0.77953,2014-11-07
Sistema,0.78025,2014-11-08
Sistema,0.78182,2014-11-09
Sistema,0.78471,2014-11-10
Sistema,0.79019,2014-11-11
Sistema,0.79531,2014-11-12
Sistema,0.79861,2014-11-13
Sistema,0.80189,2014-11-14
Sistema,0.80138,2014-11-15
Sistema,0.80366,2014-11-16
Sistema,0.80326,2014-11-17
Sistema,0.80181,2014-11-18
Sistema,0.80369,2014-11-19
Sistema,0.80261,2014-11-20
Sistema,0.80191,2014-11-21
Sistema,0.80212,2014-11-22
Sistema,0.8032,2014-11-23
Sistema,0.80462,2014-11-24
Sistema,0.80383,2014-11-25
Sistema,0.80259,2014-11-26
Sistema,0.80132,2014-11-27
Sistema,0.79909,2014-11-28
Sistema,0.79557,2014-11-29
Sistema,0.79522,2014-11-30
Sistema,0.79,2014-12-01
Sistema,0.78777,2014-12-02
Sistema,0.78373,2014-12-03
Sistema,0.78032,2014-12-04
Sistema,0.77802,2014-12-05
Sistema,0.77652,2014-12-06
Sistema,0.77772,2014-12-07
Sistema,0.77901,2014-12-08
Sistema,0.77971,2014-12-09
Sistema,0.78177,2014-12-10
Sistema,0.78407,2014-12-11
Sistema,0.78507,2014-12-12
Sistema,0.78588,2014-12-13
Sistema,0.79048,2014-12-14
Sistema,0.79122,2014-12-15
Sistema,0.79168,2014-12-16
Sistema,0.79027,2014-12-17
Sistema,0.78905,2014-12-18
Sistema,0.78712,2014-12-19
Sistema,0.78431,2014-12-20
Sistema,0.78245,2014-12-21
Sistema,0.7793,2014-12-22
Sistema,0.77622,2014-12-23
Sistema,0.77368,2014-12-24
Sistema,0.77264,2014-12-25
Sistema,0.76904,2014-12-26
Sistema,0.76558,2014-12-27
Sistema,0.7635,2014-12-28
Sistema,0.75954,2014-12-29
Sistema,0.75592,2014-12-30
Sistema,0.75394,2014-12-31
Sistema,0.75169,2015-01-01
Sistema,0.74913,2015-01-02
Sistema,0.74593,2015-01-03
Sistema,0.74338,2015-01-04
Sistema,0.73918,2015-01-05
Sistema,0.73465,2015-01-06
Sistema,0.73045,2015-01-07
Sistema,0.72579,2015-01-08
Sistema,0.72186,2015-01-09
Sistema,0.71892,2015-01-10
Sistema,0.71667,2015-01-11
Sistema,0.71414,2015-01-12
Sistema,0.71073,2015-01-13
Sistema,0.70566,2015-01-14
Sistema,0.70132,2015-01-15
Sistema,0.6964,2015-01-16
Sistema,0.69294,2015-01-17
Sistema,0.69042,2015-01-18
Sistema,0.68735,2015-01-19
Sistema,0.68337,2015-01-20
Sistema,0.6813,2015-01-21
Sistema,0.67993,2015-01-22
Sistema,0.67987,2015-01-23
Sistema,0.67878,2015-01-24
Sistema,0.67605,2015-01-25
Sistema,0.67109,2015-01-26
Sistema,0.66644,2015-01-27
Sistema,0.66207,2015-01-28
Sistema,0.65751,2015-01-29
Sistema,0.65375,2015-01-30
Sistema,0.65188,2015-01-31
Sistema,0.65408,2015-02-01
Sistema,0.65168,2015-02-02
Sistema,0.64878,2015-02-03
Sistema,0.64461,2015-02-04
Sistema,0.64001,2015-02-05
Sistema,0.63727,2015-02-06
Sistema,0.6341,2015-02-07
Sistema,0.6348,2015-02-08
Sistema,0.63439,2015-02-09
Sistema,0.63419,2015-02-10
Sistema,0.63241,2015-02-11
Sistema,0.62874,2015-02-12
Sistema,0.63093,2015-02-13
Sistema,0.62931,2015-02-14
Sistema,0.62699,2015-02-15
Sistema,0.62208,2015-02-16
Sistema,0.61686,2015-02-17
Sistema,0.6108,2015-02-18
Sistema,0.60494,2015-02-19
Sistema,0.59925,2015-02-20
Sistema,0.59453,2015-02-21
Sistema,0.5901,2015-02-22
Sistema,0.58416,2015-02-23
Sistema,0.57828,2015-02-24
Sistema,0.57243,2015-02-25
Sistema,0.56715,2015-02-26
Sistema,0.56347,2015-02-27
Sistema,0.55871,2015-02-28
Sistema,0.55542,2015-03-01
Sistema,0.5514,2015-03-02
Sistema,0.54468,2015-03-03
Sistema,0.54014,2015-03-04
Sistema,0.53575,2015-03-05
Sistema,0.53224,2015-03-06
Sistema,0.52893,2015-03-07
Sistema,0.52548,2015-03-08
Sistema,0.51862,2015-03-09
Sistema,0.51426,2015-03-10
Sistema,0.50869,2015-03-11
Sistema,0.50359,2015-03-12
Sistema,0.49918,2015-03-13
Sistema,0.49439,2015-03-14
Sistema,0.49141,2015-03-15
Sistema,0.48669,2015-03-16
Sistema,0.48187,2015-03-17
Sistema,0.47941,2015-03-18
Sistema,0.47843,2015-03-19
Sistema,0.47779,2015-03-20
Sistema,0.47809,2015-03-21
Sistema,0.47794,2015-03-22
Sistema,0.47702,2015-03-23
Sistema,0.47271,2015-03-24
Sistema,0.46833,2015-03-25
Sistema,0.46421,2015-03-26
Sistema,0.45808,2015-03-27
Sistema,0.45396,2015-03-28
Sistema,0.45509,2015-03-29
Sistema,0.45289,2015-03-30
Sistema,0.45113,2015-03-31
Sistema,0.44864,2015-04-01
Sistema,0.44745,2015-04-02
Sistema,0.45246,2015-04-03
Sistema,0.4544,2015-04-04
Sistema,0.45489,2015-04-05
Sistema,0.45273,2015-04-06
Sistema,0.45137,2015-04-07
Sistema,0.45146,2015-04-08
Sistema,0.44928,2015-04-09
Sistema,0.44578,2015-04-10
Sistema,0.44764,2015-04-11
Sistema,0.45009,2015-04-12
Sistema,0.44954,2015-04-13
Sistema,0.45094,2015-04-14
Sistema,0.45268,2015-04-15
Sistema,0.45478,2015-04-16
Sistema,0.45725,2015-04-17
Sistema,0.45953,2015-04-18
Sistema,0.46505,2015-04-19
Sistema,0.46791,2015-04-20
Sistema,0.4692,2015-04-21
Sistema,0.4682,2015-04-22
Sistema,0.46567,2015-04-23
Sistema,0.46371,2015-04-24
Sistema,0.46402,2015-04-25
Sistema,0.46433,2015-04-26
Sistema,0.46261,2015-04-27
Sistema,0.4617,2015-04-28
Sistema,0.45803,2015-04-29
Sistema,0.45397,2015-04-30
Sistema,0.45262,2015-05-01
Sistema,0.44939,2015-05-02
Sistema,0.44687,2015-05-03
Sistema,0.44343,2015-05-04
Sistema,0.4382,2015-05-05
Sistema,0.43346,2015-05-06
Sistema,0.43023,2015-05-07
Sistema,0.42875,2015-05-08
Sistema,0.42519,2015-05-09
Sistema,0.42363,2015-05-10
Sistema,0.41902,2015-05-11
Sistema,0.41453,2015-05-12
Sistema,0.41023,2015-05-13
Sistema,0.40578,2015-05-14
Sistema,0.40499,2015-05-15
Sistema,0.40605,2015-05-16
Sistema,0.40978,2015-05-17
Sistema,0.41509,2015-05-18
Sistema,0.41616,2015-05-19
Sistema,0.41545,2015-05-20
Sistema,0.42254,2015-05-21
Sistema,0.4243,2015-05-22
Sistema,0.42517,2015-05-23
Sistema,0.42588,2015-05-24
Sistema,0.42993,2015-05-25
Sistema,0.43105,2015-05-26
Sistema,0.43171,2015-05-27
Sistema,0.43406,2015-05-28
Sistema,0.44332,2015-05-29
Sistema,0.45573,2015-05-30
Sistema,0.46235,2015-05-31
Sistema,0.46539,2015-06-01
Sistema,0.46574,2015-06-02
Sistema,0.46753,2015-06-03
Sistema,0.47037,2015-06-04
Sistema,0.47689,2015-06-05
Sistema,0.48051,2015-06-06
Sistema,0.48442,2015-06-07
Sistema,0.4887,2015-06-08
Sistema,0.49395,2015-06-09
Sistema,0.49798,2015-06-10
Sistema,0.50239,2015-06-11
Sistema,0.5031,2015-06-12
Sistema,0.50757,2015-06-13
Sistema,0.51109,2015-06-14
Sistema,0.51481,2015-06-15
Sistema,0.51652,2015-06-16
Sistema,0.5158,2015-06-17
Sistema,0.51827,2015-06-18
Sistema,0.52389,2015-06-19
Sistema,0.52793,2015-06-20
Sistema,0.53165,2015-06-21
Sistema,0.544,2015-06-22
Sistema,0.55206,2015-06-23
Sistema,0.55727,2015-06-24
Sistema,0.56798,2015-06-25
Sistema,0.58041,2015-06-26
Sistema,0.59119,2015-06-27
Sistema,0.59969,2015-06-28
Sistema,0.60607,2015-06-29
Sistema,0.60845,2015-06-30
Sistema,0.60919,2015-07-01
Sistema,0.60859,2015-07-02
Sistema,0.60702,2015-07-03
Sistema,0.60684,2015-07-04
Sistema,0.60834,2015-07-05
Sistema,0.60837,2015-07-06
Sistema,0.60733,2015-07-07
Sistema,0.60783,2015-07-08
Sistema,0.60646,2015-07-09
Sistema,0.60804,2015-07-10
Sistema,0.60758,2015-07-11
Sistema,0.608,2015-07-12
Sistema,0.60605,2015-07-13
Sistema,0.60288,2015-07-14
Sistema,0.60948,2015-07-15
Sistema,0.61707,2015-07-16
Sistema,0.62119,2015-07-17
Sistema,0.6277,2015-07-18
Sistema,0.63346,2015-07-19
Sistema,0.64131,2015-07-20
Sistema,0.64673,2015-07-21
Sistema,0.65689,2015-07-22
Sistema,0.6629,2015-07-23
Sistema,0.66508,2015-07-24
Sistema,0.66473,2015-07-25
Sistema,0.66429,2015-07-26
Sistema,0.66648,2015-07-27
Sistema,0.66818,2015-07-28
Sistema,0.67052,2015-07-29
Sistema,0.67619,2015-07-30
Sistema,0.67692,2015-07-31
Sistema,0.67987,2015-08-01
Sistema,0.6808,2015-08-02
Sistema,0.67961,2015-08-03
Sistema,0.67845,2015-08-04
Sistema,0.67599,2015-08-05
Sistema,0.67311,2015-08-06
Sistema,0.67176,2015-08-07
Sistema,0.67247,2015-08-08
Sistema,0.67727,2015-08-09
Sistema,0.67815,2015-08-10
Sistema,0.67878,2015-08-11
Sistema,0.6763,2015-08-12
Sistema,0.67596,2015-08-13
Sistema,0.67842,2015-08-14
Sistema,0.67961,2015-08-15
Sistema,0.68492,2015-08-16
Sistema,0.68596,2015-08-17
Sistema,0.69119,2015-08-18
Sistema,0.69199,2015-08-19
Sistema,0.69365,2015-08-20
Sistema,0.69513,2015-08-21
Sistema,0.6948,2015-08-22
Sistema,0.69521,2015-08-23
Sistema,0.69532,2015-08-24
Sistema,0.69682,2015-08-25
Sistema,0.7001,2015-08-26
Sistema,0.70066,2015-08-27
Sistema,0.70154,2015-08-28
Sistema,0.69961,2015-08-29
Sistema,0.69842,2015-08-30
Sistema,0.69718,2015-08-31
Sistema,0.69505,2015-09-01
Sistema,0.6953,2015-09-02
Sistema,0.69299,2015-09-03
Sistema,0.68892,2015-09-04
Sistema,0.68654,2015-09-05
Sistema,0.69205,2015-09-06
Sistema,0.69269,2015-09-07
Sistema,0.69248,2015-09-08
Sistema,0.69073,2015-09-09
Sistema,0.69187,2015-09-10
Sistema,0.69438,2015-09-11
Sistema,0.69283,2015-09-12
Sistema,0.69123,2015-09-13
Sistema,0.68769,2015-09-14
Sistema,0.68399,2015-09-15
Sistema,0.67983,2015-09-16
Sistema,0.67666,2015-09-17
Sistema,0.67371,2015-09-18
Sistema,0.67244,2015-09-19
Sistema,0.67631,2015-09-20
Sistema,0.67395,2015-09-21
Sistema,0.67059,2015-09-22
Sistema,0.66827,2015-09-23
Sistema,0.66588,2015-09-24
Sistema,0.66271,2015-09-25
Sistema,0.66004,2015-09-26
Sistema,0.65759,2015-09-27
Sistema,0.65382,2015-09-28
Sistema,0.65068,2015-09-29
Sistema,0.64852,2015-09-30
Sistema,0.6452,2015-10-01
Sistema,0.64267,2015-10-02
Sistema,0.6427,2015-10-03
Sistema,0.642,2015-10-04
Sistema,0.63973,2015-10-05
Sistema,0.63653,2015-10-06
Sistema,0.63379,2015-10-07
Sistema,0.6318,2015-10-08
Sistema,0.63016,2015-10-09
Sistema,0.62781,2015-10-10
Sistema,0.63137,2015-10-11
Sistema,0.63212,2015-10-12
Sistema,0.63348,2015-10-13
Sistema,0.63537,2015-10-14
Sistema,0.63898,2015-10-15
Sistema,0.64216,2015-10-16
Sistema,0.64232,2015-10-17
Sistema,0.64287,2015-10-18
Sistema,0.64064,2015-10-19
Sistema,0.63801,2015-10-20
Sistema,0.63567,2015-10-21
Sistema,0.63314,2015-10-22
Sistema,0.62971,2015-10-23
Sistema,0.62957,2015-10-24
Sistema,0.63167,2015-10-25
Sistema,0.63174,2015-10-26
Sistema,0.63045,2015-10-27
Sistema,0.62896,2015-10-28
Sistema,0.62773,2015-10-29
Sistema,0.62664,2015-10-30
Sistema,0.62498,2015-10-31
Sistema,0.62203,2015-11-01
Sistema,0.62531,2015-11-02
Sistema,0.62473,2015-11-03
Sistema,0.62527,2015-11-04
Sistema,0.62852,2015-11-05
Sistema,0.63254,2015-11-06
Sistema,0.63932,2015-11-07
Sistema,0.64534,2015-11-08
Sistema,0.64769,2015-11-09
Sistema,0.65261,2015-11-10
Sistema,0.65363,2015-11-11
Sistema,0.6531,2015-11-12
Sistema,0.65228,2015-11-13
Sistema,0.65185,2015-11-14
Sistema,0.65391,2015-11-15
Sistema,0.65457,2015-11-16
Sistema,0.65648,2015-11-17
Sistema,0.65775,2015-11-18
Sistema,0.6583,2015-11-19
Sistema,0.65975,2015-11-20
Sistema,0.66168,2015-11-21
Sistema,0.66386,2015-11-22
Sistema,0.66553,2015-11-23
Sistema,0.66624,2015-11-24
Sistema,0.66742,2015-11-25
Sistema,0.66689,2015-11-26
Sistema,0.66717,2015-11-27
Sistema,0.66738,2015-11-28
Sistema,0.66793,2015-11-29
Sistema,0.6672,2015-11-30
Sistema,0.66637,2015-12-01
Sistema,0.66427,2015-12-02
Sistema,0.66389,2015-12-03
Sistema,0.66662,2015-12-04
Sistema,0.66712,2015-12-05
Sistema,0.66882,2015-12-06
Sistema,0.66787,2015-12-07
Sistema,0.66726,2015-12-08
Sistema,0.66547,2015-12-09
Sistema,0.66401,2015-12-10
Sistema,0.66104,2015-12-11
Sistema,0.65856,2015-12-12
Sistema,0.6566,2015-12-13
Sistema,0.65414,2015-12-14
Sistema,0.65193,2015-12-15
Sistema,0.64918,2015-12-16
Sistema,0.64772,2015-12-17
Sistema,0.64492,2015-12-18
Sistema,0.64279,2015-12-19
Sistema,0.64117,2015-12-20
Sistema,0.63747,2015-12-21
Sistema,0.63378,2015-12-22
Sistema,0.6297,2015-12-23
Sistema,0.62767,2015-12-24
Sistema,0.62728,2015-12-25
Sistema,0.62565,2015-12-26
Sistema,0.62369,2015-12-27
Sistema,0.61983,2015-12-28
Sistema,0.6165,2015-12-29
Sistema,0.61328,2015-12-30
Sistema,0.61167,2015-12-31
Sistema,0.61123,2016-01-01
Sistema,0.61019,2016-01-02
Sistema,0.60967,2016-01-03
Sistema,0.60847,2016-01-04
Sistema,0.60656,2016-01-05
Sistema,0.60472,2016-01-06
Sistema,0.60296,2016-01-07
Sistema,0.59985,2016-01-08
Sistema,0.59732,2016-01-09
Sistema,0.59538,2016-01-10
Sistema,0.59333,2016-01-11
Sistema,0.59006,2016-01-12
Sistema,0.58666,2016-01-13
Sistema,0.58326,2016-01-14
Sistema,0.57976,2016-01-15
Sistema,0.57683,2016-01-16
Sistema,0.5749,2016-01-17
Sistema,0.57147,2016-01-18
Sistema,0.56781,2016-01-19
Sistema,0.56404,2016-01-20
Sistema,0.55974,2016-01-21
Sistema,0.55598,2016-01-22
Sistema,0.55245,2016-01-23
Sistema,0.55021,2016-01-24
Sistema,0.54647,2016-01-25
Sistema,0.54275,2016-01-26
Sistema,0.53848,2016-01-27
Sistema,0.53377,2016-01-28
Sistema,0.52993,2016-01-29
Sistema,0.52623,2016-01-30
Sistema,0.52332,2016-01-31
Sistema,0.51917,2016-02-01
Sistema,0.51481,2016-02-02
Sistema,0.51002,2016-02-03
Sistema,0.505,2016-02-04
Sistema,0.50093,2016-02-05
Sistema,0.49765,2016-02-06
Sistema,0.49525,2016-02-07
Sistema,0.49227,2016-02-08
Sistema,0.48951,2016-02-09
Sistema,0.48558,2016-02-10
Sistema,0.48236,2016-02-11
Sistema,0.47925,2016-02-12
Sistema,0.47594,2016-02-13
Sistema,0.47402,2016-02-14
Sistema,0.47023,2016-02-15
Sistema,0.46608,2016-02-16
Sistema,0.46461,2016-02-17
Sistema,0.46162,2016-02-18
Sistema,0.45799,2016-02-19
Sistema,0.45529,2016-02-20
Sistema,0.45705,2016-02-21
Sistema,0.45439,2016-02-22
Sistema,0.4517,2016-02-23
Sistema,0.44848,2016-02-24
Sistema,0.44608,2016-02-25
Sistema,0.44345,2016-02-26
Sistema,0.44158,2016-02-27
Sistema,0.43958,2016-02-28
Sistema,0.43582,2016-02-29
Sistema,0.43198,2016-03-01
Sistema,0.42841,2016-03-02
Sistema,0.42507,2016-03-03
Sistema,0.42216,2016-03-04
Sistema,0.41938,2016-03-05
Sistema,0.41915,2016-03-06
Sistema,0.41684,2016-03-07
Sistema,0.41458,2016-03-08
Sistema,0.41265,2016-03-09
Sistema,0.41048,2016-03-10
Sistema,0.40868,2016-03-11
Sistema,0.40827,2016-03-12
Sistema,0.40817,2016-03-13
Sistema,0.40646,2016-03-14
Sistema,0.40458,2016-03-15
Sistema,0.4024,2016-03-16
Sistema,0.40302,2016-03-17
Sistema,0.40271,2016-03-18
Sistema,0.40225,2016-03-19
Sistema,0.40412,2016-03-20
Sistema,0.40445,2016-03-21
Sistema,0.40324,2016-03-22
Sistema,0.40177,2016-03-23
Sistema,0.40054,2016-03-24
Sistema,0.39905,2016-03-25
Sistema,0.397,2016-03-26
Sistema,0.39625,2016-03-27
Sistema,0.39374,2016-03-28
Sistema,0.39155,2016-03-29
Sistema,0.39034,2016-03-30
Sistema,0.38977,2016-03-31
Sistema,0.38878,2016-04-01
Sistema,0.3914,2016-04-02
Sistema,0.39585,2016-04-03
Sistema,0.39937,2016-04-04
Sistema,0.40134,2016-04-05
Sistema,0.4011,2016-04-06
Sistema,0.40004,2016-04-07
Sistema,0.39977,2016-04-08
Sistema,0.4039,2016-04-09
Sistema,0.40718,2016-04-10
Sistema,0.40773,2016-04-11
Sistema,0.41193,2016-04-12
Sistema,0.41375,2016-04-13
Sistema,0.41251,2016-04-14
Sistema,0.40936,2016-04-15
Sistema,0.40723,2016-04-16
Sistema,0.40777,2016-04-17
Sistema,0.406,2016-04-18
Sistema,0.40197,2016-04-19
Sistema,0.39849,2016-04-20
Sistema,0.39542,2016-04-21
Sistema,0.39437,2016-04-22
Sistema,0.39278,2016-04-23
Sistema,0.39401,2016-04-24
Sistema,0.39402,2016-04-25
Sistema,0.39333,2016-04-26
Sistema,0.39486,2016-04-27
Sistema,0.39779,2016-04-28
Sistema,0.40299,2016-04-29
Sistema,0.40533,2016-04-30
Sistema,0.40932,2016-05-01
Sistema,0.41052,2016-05-02
Sistema,0.41,2016-05-03
Sistema,0.41097,2016-05-04
Sistema,0.40901,2016-05-05
Sistema,0.40962,2016-05-06
Sistema,0.41089,2016-05-07
Sistema,0.41276,2016-05-08
Sistema,0.41691,2016-05-09
Sistema,0.42047,2016-05-10
Sistema,0.42204,2016-05-11
Sistema,0.42087,2016-05-12
Sistema,0.42066,2016-05-13
Sistema,0.41934,2016-05-14
Sistema,0.41949,2016-05-15
Sistema,0.41765,2016-05-16
Sistema,0.41941,2016-05-17
Sistema,0.4197,2016-05-18
Sistema,0.4206,2016-05-19
Sistema,0.41879,2016-05-20
Sistema,0.4176,2016-05-21
Sistema,0.41649,2016-05-22
Sistema,0.415,2016-05-23
Sistema,0.41957,2016-05-24
Sistema,0.42099,2016-05-25
Sistema,0.42444,2016-05-26
Sistema,0.42566,2016-05-27
Sistema,0.42962,2016-05-28
Sistema,0.43676,2016-05-29
Sistema,0.43964,2016-05-30
Sistema,0.44482,2016-05-31
Sistema,0.4465,2016-06-01
Sistema,0.44758,2016-06-02
Sistema,0.44902,2016-06-03
Sistema,0.4502,2016-06-04
Sistema,0.45009,2016-06-05
Sistema,0.4489,2016-06-06
Sistema,0.44809,2016-06-07
Sistema,0.44689,2016-06-08
Sistema,0.44511,2016-06-09
Sistema,0.44958,2016-06-10
Sistema,0.44953,2016-06-11
Sistema,0.44588,2016-06-12
Sistema,0.44491,2016-06-13
Sistema,0.44458,2016-06-14
Sistema,0.44476,2016-06-15
Sistema,0.44461,2016-06-16
Sistema,0.44414,2016-06-17
Sistema,0.44279,2016-06-18
Sistema,0.44651,2016-06-19
Sistema,0.45071,2016-06-20
Sistema,0.45507,2016-06-21
Sistema,0.4562,2016-06-22
Sistema,0.45671,2016-06-23
Sistema,0.46103,2016-06-24
Sistema,0.4649,2016-06-25
Sistema,0.47211,2016-06-26
Sistema,0.47307,2016-06-27
Sistema,0.47242,2016-06-28
Sistema,0.47286,2016-06-29
Sistema,0.47486,2016-06-30
Sistema,0.48053,2016-07-01
Sistema,0.48581,2016-07-02
Sistema,0.49527,2016-07-03
Sistema,0.50054,2016-07-04
Sistema,0.50531,2016-07-05
Sistema,0.51997,2016-07-06
Sistema,0.5259,2016-07-07
Sistema,0.52754,2016-07-08
Sistema,0.52738,2016-07-09
Sistema,0.52719,2016-07-10
Sistema,0.52935,2016-07-11
Sistema,0.53125,2016-07-12
Sistema,0.53152,2016-07-13
Sistema,0.53094,2016-07-14
Sistema,0.53528,2016-07-15
Sistema,0.53768,2016-07-16
Sistema,0.53841,2016-07-17
Sistema,0.54237,2016-07-18
Sistema,0.54242,2016-07-19
Sistema,0.54655,2016-07-20
Sistema,0.54844,2016-07-21
Sistema,0.55059,2016-07-22
Sistema,0.55403,2016-07-23
Sistema,0.55652,2016-07-24
Sistema,0.5582,2016-07-25
Sistema,0.55677,2016-07-26
Sistema,0.56114,2016-07-27
Sistema,0.56293,2016-07-28
Sistema,0.56258,2016-07-29
Sistema,0.56175,2016-07-30
Sistema,0.56302,2016-07-31
Sistema,0.56358,2016-08-01
Sistema,0.56339,2016-08-02
Sistema,0.56349,2016-08-03
Sistema,0.56346,2016-08-04
Sistema,0.56263,2016-08-05
Sistema,0.55948,2016-08-06
Sistema,0.55857,2016-08-07
Sistema,0.55668,2016-08-08
Sistema,0.55574,2016-08-09
Sistema,0.55471,2016-08-10
Sistema,0.5535,2016-08-11
Sistema,0.55184,2016-08-12
Sistema,0.55199,2016-08-13
Sistema,0.55129,2016-08-14
Sistema,0.55299,2016-08-15
Sistema,0.5521,2016-08-16
Sistema,0.55413,2016-08-17
Sistema,0.56548,2016-08-18
Sistema,0.56786,2016-08-19
Sistema,0.56694,2016-08-20
Sistema,0.56615,2016-08-21
Sistema,0.56496,2016-08-22
Sistema,0.56331,2016-08-23
Sistema,0.56272,2016-08-24
Sistema,0.56097,2016-08-25
Sistema,0.56123,2016-08-26
Sistema,0.56445,2016-08-27
Sistema,0.56771,2016-08-28
Sistema,0.56555,2016-08-29
Sistema,0.5664,2016-08-30
Sistema,0.56465,2016-08-31
Sistema,0.57147,2016-09-01
Sistema,0.57262,2016-09-02
Sistema,0.5718,2016-09-03
Sistema,0.57258,2016-09-04
Sistema,0.57303,2016-09-05
Sistema,0.57524,2016-09-06
Sistema,0.58005,2016-09-07
Sistema,0.58081,2016-09-08
Sistema,0.5807,2016-09-09
Sistema,0.5835,2016-09-10
Sistema,0.59306,2016-09-11
Sistema,0.59901,2016-09-12
Sistema,0.59881,2016-09-13
Sistema,0.60313,2016-09-14
Sistema,0.61046,2016-09-15
Sistema,0.6102,2016-09-16
Sistema,0.60851,2016-09-17
Sistema,0.60812,2016-09-18
Sistema,0.60873,2016-09-19
Sistema,0.60678,2016-09-20
Sistema,0.60925,2016-09-21
Sistema,0.608,2016-09-22
Sistema,0.60726,2016-09-23
Sistema,0.61039,2016-09-24
Sistema,0.61645,2016-09-25
Sistema,0.61776,2016-09-26
Sistema,0.6203,2016-09-27
Sistema,0.61968,2016-09-28
Sistema,0.61759,2016-09-29
Sistema,0.61607,2016-09-30
Sistema,0.61702,2016-10-01
Sistema,0.6191,2016-10-02
Sistema,0.61808,2016-10-03
Sistema,0.6164,2016-10-04
Sistema,0.61496,2016-10-05
Sistema,0.6132,2016-10-06
Sistema,0.61237,2016-10-07
Sistema,0.61297,2016-10-08
Sistema,0.61418,2016-10-09
Sistema,0.6178,2016-10-10
Sistema,0.61926,2016-10-11
Sistema,0.62489,2016-10-12
Sistema,0.62571,2016-10-13
Sistema,0.62949,2016-10-14
Sistema,0.63065,2016-10-15
Sistema,0.63368,2016-10-16
Sistema,0.63646,2016-10-17
Sistema,0.63895,2016-10-18
Sistema,0.63773,2016-10-19
Sistema,0.6378,2016-10-20
Sistema,0.63698,2016-10-21
Sistema,0.63752,2016-10-22
Sistema,0.63797,2016-10-23
Sistema,0.63673,2016-10-24
Sistema,0.63858,2016-10-25
Sistema,0.641,2016-10-26
Sistema,0.64506,2016-10-27
Sistema,0.6485,2016-10-28
Sistema,0.65479,2016-10-29
Sistema,0.6567,2016-10-30
Sistema,0.65708,2016-10-31
Sistema,0.65863,2016-11-01
Sistema,0.65974,2016-11-02
Sistema,0.659,2016-11-03
Sistema,0.65842,2016-11-04
Sistema,0.65914,2016-11-05
Sistema,0.66068,2016-11-06
Sistema,0.66332,2016-11-07
Sistema,0.66371,2016-11-08
Sistema,0.66412,2016-11-09
Sistema,0.66517,2016-11-10
Sistema,0.67594,2016-11-11
Sistema,0.67886,2016-11-12
Sistema,0.68152,2016-11-13
Sistema,0.6864,2016-11-14
Sistema,0.69032,2016-11-15
Sistema,0.69388,2016-11-16
Sistema,0.69665,2016-11-17
Sistema,0.69888,2016-11-18
Sistema,0.70478,2016-11-19
Sistema,0.71052,2016-11-20
Sistema,0.71093,2016-11-21
Sistema,0.70977,2016-11-22
Sistema,0.70752,2016-11-23
Sistema,0.70684,2016-11-24
Sistema,0.70942,2016-11-25
Sistema,0.71163,2016-11-26
Sistema,0.71571,2016-11-27
Sistema,0.71879,2016-11-28
Sistema,0.72563,2016-11-29
Sistema,0.72686,2016-11-30
Sistema,0.73073,2016-12-01
Sistema,0.73713,2016-12-02
Sistema,0.74402,2016-12-03
Sistema,0.74877,2016-12-04
Sistema,0.75108,2016-12-05
Sistema,0.75975,2016-12-06
Sistema,0.75669,2016-12-07
Sistema,0.75823,2016-12-08
Sistema,0.75693,2016-12-09
Sistema,0.75922,2016-12-10
Sistema,0.7614,2016-12-11
Sistema,0.75983,2016-12-12
Sistema,0.75772,2016-12-13
Sistema,0.7568,2016-12-14
Sistema,0.75429,2016-12-15
Sistema,0.75147,2016-12-16
Sistema,0.74962,2016-12-17
Sistema,0.74879,2016-12-18
Sistema,0.7456,2016-12-19
Sistema,0.74319,2016-12-20
Sistema,0.74496,2016-12-21
Sistema,0.74528,2016-12-22
Sistema,0.74508,2016-12-23
Sistema,0.74638,2016-12-24
Sistema,0.74659,2016-12-25
Sistema,0.7446,2016-12-26
Sistema,0.74347,2016-12-27
Sistema,0.74205,2016-12-28
Sistema,0.73888,2016-12-29
Sistema,0.73764,2016-12-30
Sistema,0.73847,2016-12-31
Sistema,0.7389,2017-01-01
Sistema,0.73719,2017-01-02
Sistema,0.73015,2017-01-03
Sistema,0.72969,2017-01-04
Sistema,0.72734,2017-01-05
Sistema,0.72412,2017-01-06
Sistema,0.72169,2017-01-07
Sistema,0.72339,2017-01-08
Sistema,0.7243,2017-01-09
Sistema,0.72342,2017-01-10
Sistema,0.72275,2017-01-11
Sistema,0.72141,2017-01-12
Sistema,0.71999,2017-01-13
Sistema,0.71843,2017-01-14
Sistema,0.71703,2017-01-15
Sistema,0.71428,2017-01-16
Sistema,0.7131,2017-01-17
Sistema,0.71234,2017-01-18
Sistema,0.71133,2017-01-19
Sistema,0.70953,2017-01-20
Sistema,0.70938,2017-01-21
Sistema,0.7081,2017-01-22
Sistema,0.70462,2017-01-23
Sistema,0.70026,2017-01-24
Sistema,0.69554,2017-01-25
Sistema,0.69232,2017-01-26
Sistema,0.6899,2017-01-27
Sistema,0.68742,2017-01-28
Sistema,0.68522,2017-01-29
Sistema,0.68338,2017-01-30
Sistema,0.67983,2017-01-31
Sistema,0.67688,2017-02-01
Sistema,0.67108,2017-02-02
Sistema,0.66636,2017-02-03
Sistema,0.66147,2017-02-04
Sistema,0.65756,2017-02-05
Sistema,0.66433,2017-02-06
Sistema,0.65158,2017-02-07
Sistema,0.64466,2017-02-08
Sistema,0.63854,2017-02-09
Sistema,0.6329,2017-02-10
Sistema,0.62789,2017-02-11
Sistema,0.62518,2017-02-12
Sistema,0.62104,2017-02-13
Sistema,0.61611,2017-02-14
Sistema,0.61075,2017-02-15
Sistema,0.60509,2017-02-16
Sistema,0.60071,2017-02-17
Sistema,0.59537,2017-02-18
Sistema,0.59063,2017-02-19
Sistema,0.58495,2017-02-20
Sistema,0.57962,2017-02-21
Sistema,0.5746,2017-02-22
Sistema,0.5695,2017-02-23
Sistema,0.56613,2017-02-24
Sistema,0.56259,2017-02-25
Sistema,0.5609,2017-02-26
Sistema,0.55794,2017-02-27
Sistema,0.55408,2017-02-28
Sistema,0.55078,2017-03-01
Sistema,0.54837,2017-03-02
Sistema,0.54595,2017-03-03
Sistema,0.54332,2017-03-04
Sistema,0.54171,2017-03-05
Sistema,0.53891,2017-03-06
Sistema,0.53753,2017-03-07
Sistema,0.53783,2017-03-08
Sistema,0.53799,2017-03-09
Sistema,0.53709,2017-03-10
Sistema,0.53611,2017-03-11
Sistema,0.54058,2017-03-12
Sistema,0.54206,2017-03-13
Sistema,0.54355,2017-03-14
Sistema,0.54617,2017-03-15
Sistema,0.54542,2017-03-16
Sistema,0.5427,2017-03-17
Sistema,0.54077,2017-03-18
Sistema,0.54011,2017-03-19
Sistema,0.53867,2017-03-20
Sistema,0.53672,2017-03-21
Sistema,0.53695,2017-03-22
Sistema,0.54305,2017-03-23
Sistema,0.54698,2017-03-24
Sistema,0.54853,2017-03-25
Sistema,0.56035,2017-03-26
Sistema,0.5665,2017-03-27
Sistema,0.57064,2017-03-28
Sistema,0.57459,2017-03-29
Sistema,0.57932,2017-03-30
Sistema,0.58813,2017-03-31
Sistema,0.59557,2017-04-01
Sistema,0.60184,2017-04-02
Sistema,0.59774,2017-04-03
Sistema,0.59535,2017-04-04
Sistema,0.59203,2017-04-05
Sistema,0.58813,2017-04-06
Sistema,0.58531,2017-04-07
Sistema,0.58251,2017-04-08
Sistema,0.58446,2017-04-09
Sistema,0.5839,2017-04-10
Sistema,0.58331,2017-04-11
Sistema,0.58472,2017-04-12
Sistema,0.586,2017-04-13
Sistema,0.58924,2017-04-14
Sistema,0.58875,2017-04-15
Sistema,0.58845,2017-04-16
Sistema,0.58862,2017-04-17
Sistema,0.58725,2017-04-18
Sistema,0.5898,2017-04-19
Sistema,0.59061,2017-04-20
Sistema,0.5943,2017-04-21
Sistema,0.59387,2017-04-22
Sistema,0.59259,2017-04-23
Sistema,0.59044,2017-04-24
Sistema,0.58849,2017-04-25
Sistema,0.59124,2017-04-26
Sistema,0.58872,2017-04-27
Sistema,0.58529,2017-04-28
Sistema,0.58228,2017-04-29
Sistema,0.58493,2017-04-30
Sistema,0.58756,2017-05-01
Sistema,0.59178,2017-05-02
Sistema,0.59207,2017-05-03
Sistema,0.59437,2017-05-04
Sistema,0.59735,2017-05-05
Sistema,0.60963,2017-05-06
Sistema,0.61597,2017-05-07
Sistema,0.62551,2017-05-08
Sistema,0.62881,2017-05-09
Sistema,0.63775,2017-05-10
Sistema,0.64477,2017-05-11
Sistema,0.65116,2017-05-12
Sistema,0.6586,2017-05-13
Sistema,0.66847,2017-05-14
Sistema,0.67831,2017-05-15
Sistema,0.68654,2017-05-16
Sistema,0.69021,2017-05-17
Sistema,0.69547,2017-05-18
Sistema,0.69743,2017-05-19
Sistema,0.70073,2017-05-20
Sistema,0.70573,2017-05-21
Sistema,0.71208,2017-05-22
Sistema,0.7129,2017-05-23
Sistema,0.71325,2017-05-24
Sistema,0.71298,2017-05-25
Sistema,0.71167,2017-05-26
Sistema,0.71191,2017-05-27
Sistema,0.71244,2017-05-28
Sistema,0.71334,2017-05-29
Sistema,0.71477,2017-05-30
Sistema,0.71554,2017-05-31
Sistema,0.7161,2017-06-01
Sistema,0.71771,2017-06-02
Sistema,0.71554,2017-06-03
Sistema,0.71667,2017-06-04
Sistema,0.71901,2017-06-05
Sistema,0.71713,2017-06-06
Sistema,0.72554,2017-06-07
Sistema,0.72942,2017-06-08
Sistema,0.73133,2017-06-09
Sistema,0.73117,2017-06-10
Sistema,0.73393,2017-06-11
Sistema,0.73849,2017-06-12
Sistema,0.74693,2017-06-13
Sistema,0.74917,2017-06-14
Sistema,0.75835,2017-06-15
Sistema,0.75992,2017-06-16
Sistema,0.76229,2017-06-17
Sistema,0.76478,2017-06-18
Sistema,0.76758,2017-06-19
Sistema,0.7698,2017-06-20
Sistema,0.77429,2017-06-21
Sistema,0.77559,2017-06-22
Sistema,0.77731,2017-06-23
Sistema,0.77699,2017-06-24
Sistema,0.77763,2017-06-25
Sistema,0.7807,2017-06-26
Sistema,0.78279,2017-06-27
Sistema,0.78295,2017-06-28
Sistema,0.78123,2017-06-29
Sistema,0.7838,2017-06-30
Sistema,0.78462,2017-07-01
Sistema,0.7853,2017-07-02
Sistema,0.786,2017-07-03
Sistema,0.78574,2017-07-04
Sistema,0.7845,2017-07-05
Sistema,0.78508,2017-07-06
Sistema,0.78379,2017-07-07
Sistema,0.7831,2017-07-08
Sistema,0.78513,2017-07-09
Sistema,0.78642,2017-07-10
Sistema,0.78852,2017-07-11
Sistema,0.79061,2017-07-12
Sistema,0.79024,2017-07-13
Sistema,0.78956,2017-07-14
Sistema,0.78938,2017-07-15
Sistema,0.78936,2017-07-16
Sistema,0.78804,2017-07-17
Sistema,0.7902,2017-07-18
Sistema,0.79293,2017-07-19
Sistema,0.7967,2017-07-20
Sistema,0.79545,2017-07-21
Sistema,0.79337,2017-07-22
Sistema,0.79356,2017-07-23
Sistema,0.7907,2017-07-24
Sistema,0.79338,2017-07-25
Sistema,0.79444,2017-07-26
Sistema,0.79404,2017-07-27
Sistema,0.79651,2017-07-28
Sistema,0.79742,2017-07-29
Sistema,0.80111,2017-07-30
Sistema,0.80192,2017-07-31
Sistema,0.80065,2017-08-01
Sistema,0.79818,2017-08-02
Sistema,0.7946,2017-08-03
Sistema,0.79538,2017-08-04
Sistema,0.79317,2017-08-05
Sistema,0.79133,2017-08-06
Sistema,0.79023,2017-08-07
Sistema,0.78846,2017-08-08
Sistema,0.79144,2017-08-09
Sistema,0.78863,2017-08-10
Sistema,0.78732,2017-08-11
Sistema,0.7879,2017-08-12
Sistema,0.78525,2017-08-13
Sistema,0.78078,2017-08-14
Sistema,0.77686,2017-08-15
Sistema,0.77529,2017-08-16
Sistema,0.77178,2017-08-17
Sistema,0.7678,2017-08-18
Sistema,0.76764,2017-08-19
Sistema,0.76718,2017-08-20
Sistema,0.76519,2017-08-21
Sistema,0.76243,2017-08-22
Sistema,0.75934,2017-08-23
Sistema,0.75885,2017-08-24
Sistema,0.75612,2017-08-25
Sistema,0.75462,2017-08-26
Sistema,0.75468,2017-08-27
Sistema,0.75194,2017-08-28
Sistema,0.75224,2017-08-29
Sistema,0.75502,2017-08-30
Sistema,0.75581,2017-08-31
Sistema,0.75365,2017-09-01
Sistema,0.7538,2017-09-02
Sistema,0.75331,2017-09-03
Sistema,0.7499,2017-09-04
Sistema,0.74773,2017-09-05
Sistema,0.74552,2017-09-06
Sistema,0.74423,2017-09-07
Sistema,0.74368,2017-09-08
Sistema,0.74436,2017-09-09
Sistema,0.74929,2017-09-10
Sistema,0.74796,2017-09-11
Sistema,0.74747,2017-09-12
Sistema,0.74712,2017-09-13
Sistema,0.74642,2017-09-14
Sistema,0.74826,2017-09-15
Sistema,0.75175,2017-09-16
Sistema,0.75553,2017-09-17
Sistema,0.75505,2017-09-18
Sistema,0.75385,2017-09-19
Sistema,0.75319,2017-09-20
Sistema,0.74969,2017-09-21
Sistema,0.74768,2017-09-22
Sistema,0.75038,2017-09-23
Sistema,0.75093,2017-09-24
Sistema,0.74828,2017-09-25
Sistema,0.74703,2017-09-26
Sistema,0.74303,2017-09-27
Sistema,0.74105,2017-09-28
Sistema,0.74026,2017-09-29
Sistema,0.74178,2017-09-30
Sistema,0.74197,2017-10-01
Sistema,0.74446,2017-10-02
Sistema,0.7454,2017-10-03
Sistema,0.74844,2017-10-04
Sistema,0.74834,2017-10-05
Sistema,0.74768,2017-10-06
Sistema,0.7464,2017-10-07
Sistema,0.7445,2017-10-08
Sistema,0.74145,2017-10-09
Sistema,0.73963,2017-10-10
Sistema,0.73884,2017-10-11
Sistema,0.73539,2017-10-12
Sistema,0.73207,2017-10-13
Sistema,0.73002,2017-10-14
Sistema,0.72921,2017-10-15
Sistema,0.72722,2017-10-16
Sistema,0.723,2017-10-17
Sistema,0.71915,2017-10-18
Sistema,0.71525,2017-10-19
Sistema,0.71189,2017-10-20
Sistema,0.7098,2017-10-21
Sistema,0.71037,2017-10-22
Sistema,0.7083,2017-10-23
Sistema,0.7053,2017-10-24
Sistema,0.70163,2017-10-25
Sistema,0.70058,2017-10-26
Sistema,0.69783,2017-10-27
Sistema,0.69926,2017-10-28
Sistema,0.70581,2017-10-29
Sistema,0.70609,2017-10-30
Sistema,0.70562,2017-10-31
Sistema,0.7042,2017-11-01
Sistema,0.70243,2017-11-02
Sistema,0.7019,2017-11-03
Sistema,0.70698,2017-11-04
Sistema,0.70822,2017-11-05
Sistema,0.70848,2017-11-06
Sistema,0.70613,2017-11-07
Sistema,0.70579,2017-11-08
Sistema,0.7055,2017-11-09
Sistema,0.70538,2017-11-10
Sistema,0.70652,2017-11-11
Sistema,0.70681,2017-11-12
Sistema,0.70574,2017-11-13
Sistema,0.70545,2017-11-14
Sistema,0.71033,2017-11-15
Sistema,0.71601,2017-11-16
Sistema,0.71908,2017-11-17
Sistema,0.72423,2017-11-18
Sistema,0.73091,2017-11-19
Sistema,0.73356,2017-11-20
Sistema,0.7337,2017-11-21
Sistema,0.73288,2017-11-22
Sistema,0.73167,2017-11-23
Sistema,0.73204,2017-11-24
Sistema,0.73269,2017-11-25
Sistema,0.73334,2017-11-26
Sistema,0.73107,2017-11-27
Sistema,0.72874,2017-11-28
Sistema,0.72619,2017-11-29
Sistema,0.72363,2017-11-30
Sistema,0.72235,2017-12-01
Sistema,0.72289,2017-12-02
Sistema,0.72255,2017-12-03
Sistema,0.72083,2017-12-04
Sistema,0.71974,2017-12-05
Sistema,0.71569,2017-12-06
Sistema,0.71239,2017-12-07
Sistema,0.7105,2017-12-08
Sistema,0.71202,2017-12-09
Sistema,0.71315,2017-12-10
Sistema,0.71215,2017-12-11
Sistema,0.71232,2017-12-12
Sistema,0.70862,2017-12-13
Sistema,0.70673,2017-12-14
Sistema,0.70252,2017-12-15
Sistema,0.69881,2017-12-16
Sistema,0.69519,2017-12-17
Sistema,0.68957,2017-12-18
Sistema,0.68315,2017-12-19
Sistema,0.67698,2017-12-20
Sistema,0.67077,2017-12-21
Sistema,0.665,2017-12-22
Sistema,0.66004,2017-12-23
Sistema,0.65642,2017-12-24
Sistema,0.65417,2017-12-25
Sistema,0.6505,2017-12-26
Sistema,0.64928,2017-12-27
Sistema,0.64681,2017-12-28
Sistema,0.64539,2017-12-29
Sistema,0.645,2017-12-30
Sistema,0.64558,2017-12-31
Sistema,0.64686,2018-01-01
Sistema,0.64794,2018-01-02
Sistema,0.64868,2018-01-03
Sistema,0.64879,2018-01-04
Sistema,0.64889,2018-01-05
Sistema,0.64812,2018-01-06
Sistema,0.64718,2018-01-07
Sistema,0.64534,2018-01-08
Sistema,0.64537,2018-01-09
Sistema,0.64595,2018-01-10
Sistema,0.64491,2018-01-11
Sistema,0.64534,2018-01-12
Sistema,0.64188,2018-01-13
Sistema,0.64121,2018-01-14
Sistema,0.63956,2018-01-15
Sistema,0.63761,2018-01-16
Sistema,0.63722,2018-01-17
Sistema,0.63793,2018-01-18
Sistema,0.63972,2018-01-19
Sistema,0.63923,2018-01-20
Sistema,0.63769,2018-01-21
Sistema,0.63408,2018-01-22
Sistema,0.63035,2018-01-23
Sistema,0.62658,2018-01-24
Sistema,0.6212,2018-01-25
Sistema,0.61646,2018-01-26
Sistema,0.61209,2018-01-27
Sistema,0.60947,2018-01-28
Sistema,0.60445,2018-01-29
Sistema,0.59967,2018-01-30
Sistema,0.59396,2018-01-31
Sistema,0.58839,2018-02-01
Sistema,0.58463,2018-02-02
Sistema,0.58241,2018-02-03
Sistema,0.58026,2018-02-04
Sistema,0.57648,2018-02-05
Sistema,0.57263,2018-02-06
Sistema,0.56887,2018-02-07
Sistema,0.56383,2018-02-08
Sistema,0.55861,2018-02-09
Sistema,0.55492,2018-02-10
Sistema,0.55324,2018-02-11
Sistema,0.55082,2018-02-12
Sistema,0.5475,2018-02-13
Sistema,0.54438,2018-02-14
Sistema,0.5412,2018-02-15
Sistema,0.53767,2018-02-16
Sistema,0.5343,2018-02-17
Sistema,0.53181,2018-02-18
Sistema,0.52837,2018-02-19
Sistema,0.52383,2018-02-20
Sistema,0.5196,2018-02-21
Sistema,0.51585,2018-02-22
Sistema,0.5131,2018-02-23
Sistema,0.51139,2018-02-24
Sistema,0.50992,2018-02-25
Sistema,0.50581,2018-02-26
Sistema,0.50145,2018-02-27
Sistema,0.49601,2018-02-28
Sistema,0.48986,2018-03-01
Sistema,0.48486,2018-03-02
Sistema,0.48022,2018-03-03
Sistema,0.47662,2018-03-04
Sistema,0.47419,2018-03-05
Sistema,0.47013,2018-03-06
Sistema,0.46598,2018-03-07
Sistema,0.46323,2018-03-08
Sistema,0.459,2018-03-09
Sistema,0.4543,2018-03-10
Sistema,0.45021,2018-03-11
Sistema,0.44398,2018-03-12
Sistema,0.43937,2018-03-13
Sistema,0.43483,2018-03-14
Sistema,0.43081,2018-03-15
Sistema,0.42734,2018-03-16
Sistema,0.42306,2018-03-17
Sistema,0.4205,2018-03-18
Sistema,0.41798,2018-03-19
Sistema,0.41459,2018-03-20
Sistema,0.41164,2018-03-21
Sistema,0.40773,2018-03-22
Sistema,0.40431,2018-03-23
Sistema,0.40198,2018-03-24
Sistema,0.40099,2018-03-25
Sistema,0.39847,2018-03-26
Sistema,0.39606,2018-03-27
Sistema,0.39368,2018-03-28
Sistema,0.3953,2018-03-29
Sistema,0.39401,2018-03-30
Sistema,0.3966,2018-03-31
Sistema,0.40257,2018-04-01
Sistema,0.40681,2018-04-02
Sistema,0.41138,2018-04-03
Sistema,0.41637,2018-04-04
Sistema,0.41933,2018-04-05
Sistema,0.42531,2018-04-06
Sistema,0.42613,2018-04-07
Sistema,0.42838,2018-04-08
Sistema,0.42743,2018-04-09
Sistema,0.42752,2018-04-10
Sistema,0.42832,2018-04-11
Sistema,0.43107,2018-04-12
Sistema,0.43396,2018-04-13
Sistema,0.4404,2018-04-14
Sistema,0.44316,2018-04-15
Sistema,0.44314,2018-04-16
Sistema,0.44198,2018-04-17
Sistema,0.44127,2018-04-18
Sistema,0.44422,2018-04-19
Sistema,0.44356,2018-04-20
Sistema,0.44125,2018-04-21
Sistema,0.44217,2018-04-22
Sistema,0.44282,2018-04-23
Sistema,0.44232,2018-04-24
Sistema,0.44342,2018-04-25
Sistema,0.4492,2018-04-26
Sistema,0.4601,2018-04-27
Sistema,0.4658,2018-04-28
Sistema,0.47267,2018-04-29
Sistema,0.47458,2018-04-30
Sistema,0.4765,2018-05-01
Sistema,0.48275,2018-05-02
Sistema,0.48488,2018-05-03
Sistema,0.49132,2018-05-04
Sistema,0.49546,2018-05-05
Sistema,0.50095,2018-05-06
Sistema,0.51053,2018-05-07
Sistema,0.52676,2018-05-08
Sistema,0.53893,2018-05-09
Sistema,0.54837,2018-05-10
Sistema,0.55354,2018-05-11
Sistema,0.55607,2018-05-12
Sistema,0.5653,2018-05-13
Sistema,0.57514,2018-05-14
Sistema,0.58489,2018-05-15
Sistema,0.5882,2018-05-16
Sistema,0.5923,2018-05-17
Sistema,0.59499,2018-05-18
Sistema,0.60001,2018-05-19
Sistema,0.60942,2018-05-20
Sistema,0.61474,2018-05-21
Sistema,0.61631,2018-05-22
Sistema,0.62634,2018-05-23
Sistema,0.631,2018-05-24
Sistema,0.63538,2018-05-25
Sistema,0.64397,2018-05-26
Sistema,0.65584,2018-05-27
Sistema,0.66748,2018-05-28
Sistema,0.67009,2018-05-29
Sistema,0.67228,2018-05-30
Sistema,0.67369,2018-05-31
Sistema,0.6799,2018-06-01
Sistema,0.68458,2018-06-02
Sistema,0.6916,2018-06-03
Sistema,0.70277,2018-06-04
Sistema,0.70916,2018-06-05
Sistema,0.72492,2018-06-06
Sistema,0.71879,2018-06-07
Sistema,0.72102,2018-06-08
Sistema,0.72563,2018-06-09
Sistema,0.73009,2018-06-10
Sistema,0.736,2018-06-11
Sistema,0.73823,2018-06-12
Sistema,0.73832,2018-06-13
Sistema,0.74262,2018-06-14
Sistema,0.74616,2018-06-15
Sistema,0.7502,2018-06-16
Sistema,0.7562,2018-06-17
Sistema,0.75908,2018-06-18
Sistema,0.75982,2018-06-19
Sistema,0.76058,2018-06-20
Sistema,0.762,2018-06-21
Sistema,0.76102,2018-06-22
Sistema,0.76282,2018-06-23
Sistema,0.76956,2018-06-24
Sistema,0.7707,2018-06-25
Sistema,0.77426,2018-06-26
Sistema,0.77484,2018-06-27
Sistema,0.78228,2018-06-28
Sistema,0.78365,2018-06-29
Sistema,0.78549,2018-06-30
Sistema,0.78806,2018-07-01
Sistema,0.79329,2018-07-02
Sistema,0.79546,2018-07-03
Sistema,0.79551,2018-07-04
Sistema,0.79442,2018-07-05
Sistema,0.79474,2018-07-06
Sistema,0.79569,2018-07-07
Sistema,0.79686,2018-07-08
Sistema,0.79645,2018-07-09
Sistema,0.79797,2018-07-10
Sistema,0.79719,2018-07-11
Sistema,0.79724,2018-07-12
Sistema,0.79797,2018-07-13
Sistema,0.79772,2018-07-14
Sistema,0.7981,2018-07-15
Sistema,0.79859,2018-07-16
Sistema,0.7985,2018-07-17
Sistema,0.80079,2018-07-18
Sistema,0.8012,2018-07-19
Sistema,0.80167,2018-07-20
Sistema,0.80225,2018-07-21
Sistema,0.80345,2018-07-22
Sistema,0.80276,2018-07-23
Sistema,0.80553,2018-07-24
Sistema,0.80593,2018-07-25
Sistema,0.80535,2018-07-26
Sistema,0.80722,2018-07-27
Sistema,0.80977,2018-07-28
Sistema,0.8109,2018-07-29
Sistema,0.81131,2018-07-30
Sistema,0.81232,2018-07-31
Sistema,0.81263,2018-08-01
Sistema,0.81132,2018-08-02
Sistema,0.81362,2018-08-03
Sistema,0.81689,2018-08-04
Sistema,0.82296,2018-08-05
Sistema,0.81992,2018-08-06
Sistema,0.81866,2018-08-07
Sistema,0.81616,2018-08-08
Sistema,0.81531,2018-08-09
Sistema,0.8126,2018-08-10
Sistema,0.81044,2018-08-11
Sistema,0.81004,2018-08-12
Sistema,0.80917,2018-08-13
Sistema,0.81129,2018-08-14
Sistema,0.81015,2018-08-15
Sistema,0.80793,2018-08-16
Sistema,0.80642,2018-08-17
Sistema,0.80476,2018-08-18
Sistema,0.80683,2018-08-19
Sistema,0.80602,2018-08-20
Sistema,0.80527,2018-08-21
Sistema,0.80507,2018-08-22
Sistema,0.80273,2018-08-23
Sistema,0.80317,2018-08-24
Sistema,0.80083,2018-08-25
Sistema,0.80264,2018-08-26
Sistema,0.80726,2018-08-27
Sistema,0.80523,2018-08-28
Sistema,0.80378,2018-08-29
Sistema,0.80434,2018-08-30
Sistema,0.80274,2018-08-31
Sistema,0.80134,2018-09-01
Sistema,0.8012,2018-09-02
Sistema,0.7989,2018-09-03
Sistema,0.79891,2018-09-04
Sistema,0.7993,2018-09-05
Sistema,0.80252,2018-09-06
Sistema,0.80446,2018-09-07
Sistema,0.808,2018-09-08
Sistema,0.80908,2018-09-09
Sistema,0.80682,2018-09-10
Sistema,0.80422,2018-09-11
Sistema,0.80148,2018-09-12
Sistema,0.79869,2018-09-13
Sistema,0.79851,2018-09-14
Sistema,0.80028,2018-09-15
Sistema,0.80434,2018-09-16
Sistema,0.80246,2018-09-17
Sistema,0.79987,2018-09-18
Sistema,0.79945,2018-09-19
Sistema,0.79741,2018-09-20
Sistema,0.79393,2018-09-21
Sistema,0.79237,2018-09-22
Sistema,0.78937,2018-09-23
Sistema,0.78474,2018-09-24
Sistema,0.78033,2018-09-25
Sistema,0.77702,2018-09-26
Sistema,0.77868,2018-09-27
Sistema,0.77822,2018-09-28
Sistema,0.78086,2018-09-29
Sistema,0.78304,2018-09-30
Sistema,0.78191,2018-10-01
Sistema,0.78114,2018-10-02
Sistema,0.77904,2018-10-03
Sistema,0.77824,2018-10-04
Sistema,0.78029,2018-10-05
Sistema,0.78375,2018-10-06
Sistema,0.78566,2018-10-07
Sistema,0.7862,2018-10-08
Sistema,0.78751,2018-10-09
Sistema,0.79028,2018-10-10
Sistema,0.80344,2018-10-11
Sistema,0.80622,2018-10-12
Sistema,0.8063,2018-10-13
Sistema,0.80755,2018-10-14
Sistema,0.80933,2018-10-15
Sistema,0.81038,2018-10-16
Sistema,0.81049,2018-10-17
Sistema,0.80898,2018-10-18
Sistema,0.80793,2018-10-19
Sistema,0.8087,2018-10-20
Sistema,0.81114,2018-10-21
Sistema,0.81064,2018-10-22
Sistema,0.81077,2018-10-23
Sistema,0.81242,2018-10-24
Sistema,0.81352,2018-10-25
Sistema,0.81444,2018-10-26
Sistema,0.81504,2018-10-27
Sistema,0.8152,2018-10-28
Sistema,0.81486,2018-10-29
Sistema,0.81403,2018-10-30
Sistema,0.81175,2018-10-31
Sistema,0.81014,2018-11-01
Sistema,0.80868,2018-11-02
Sistema,0.81105,2018-11-03
Sistema,0.8144,2018-11-04
Sistema,0.81929,2018-11-05
Sistema,0.82079,2018-11-06
Sistema,0.82136,2018-11-07
Sistema,0.81855,2018-11-08
Sistema,0.81996,2018-11-09
Sistema,0.82104,2018-11-10
Sistema,0.82176,2018-11-11
Sistema,0.82184,2018-11-12
Sistema,0.82235,2018-11-13
Sistema,0.82175,2018-11-14
Sistema,0.82116,2018-11-15
Sistema,0.81819,2018-11-16
Sistema,0.81759,2018-11-17
Sistema,0.82022,2018-11-18
Sistema,0.82051,2018-11-19
Sistema,0.81914,2018-11-20
Sistema,0.81798,2018-11-21
Sistema,0.81634,2018-11-22
Sistema,0.81752,2018-11-23
Sistema,0.81773,2018-11-24
Sistema,0.82184,2018-11-25
Sistema,0.8224,2018-11-26
Sistema,0.82135,2018-11-27
Sistema,0.82086,2018-11-28
Sistema,0.81885,2018-11-29
Sistema,0.81718,2018-11-30
Sistema,0.81576,2018-12-01
Sistema,0.81442,2018-12-02
Sistema,0.81117,2018-12-03
Sistema,0.8076,2018-12-04
Sistema,0.80456,2018-12-05
Sistema,0.80204,2018-12-06
Sistema,0.79843,2018-12-07
Sistema,0.79591,2018-12-08
Sistema,0.79354,2018-12-09
Sistema,0.78901,2018-12-10
Sistema,0.78507,2018-12-11
Sistema,0.78218,2018-12-12
Sistema,0.77799,2018-12-13
Sistema,0.7754,2018-12-14
Sistema,0.77335,2018-12-15
Sistema,0.77059,2018-12-16
Sistema,0.76712,2018-12-17
Sistema,0.7629,2018-12-18
Sistema,0.75992,2018-12-19
Sistema,0.75634,2018-12-20
Sistema,0.75242,2018-12-21
Sistema,0.74866,2018-12-22
Sistema,0.74604,2018-12-23
Sistema,0.73963,2018-12-24
Sistema,0.74227,2018-12-25
Sistema,0.73262,2018-12-26
Sistema,0.73164,2018-12-27
Sistema,0.72674,2018-12-28
Sistema,0.72287,2018-12-29
Sistema,0.72016,2018-12-30
Sistema,0.71729,2018-12-31
Sistema,0.71411,2019-01-01
Sistema,0.71015,2019-01-02
Sistema,0.70524,2019-01-03
Sistema,0.70056,2019-01-04
Sistema,0.69619,2019-01-05
Sistema,0.69319,2019-01-06
Sistema,0.6893,2019-01-07
Sistema,0.68579,2019-01-08
Sistema,0.68286,2019-01-09
Sistema,0.67943,2019-01-10
Sistema,0.67547,2019-01-11
Sistema,0.67245,2019-01-12
Sistema,0.66955,2019-01-13
Sistema,0.66601,2019-01-14
Sistema,0.66233,2019-01-15
Sistema,0.65867,2019-01-16
Sistema,0.65472,2019-01-17
Sistema,0.65107,2019-01-18
Sistema,0.64725,2019-01-19
Sistema,0.64535,2019-01-20
Sistema,0.6434,2019-01-21
Sistema,0.63849,2019-01-22
Sistema,0.63327,2019-01-23
Sistema,0.62727,2019-01-24
Sistema,0.62329,2019-01-25
Sistema,0.61858,2019-01-26
Sistema,0.61553,2019-01-27
Sistema,0.61164,2019-01-28
Sistema,0.60934,2019-01-29
Sistema,0.60423,2019-01-30
Sistema,0.6008,2019-01-31
Sistema,0.59704,2019-02-01
Sistema,0.59277,2019-02-02
Sistema,0.59083,2019-02-03
Sistema,0.58475,2019-02-04
Sistema,0.57981,2019-02-05
Sistema,0.57515,2019-02-06
Sistema,0.56977,2019-02-07
Sistema,0.56472,2019-02-08
Sistema,0.55975,2019-02-09
Sistema,0.55692,2019-02-10
Sistema,0.55368,2019-02-11
Sistema,0.55025,2019-02-12
Sistema,0.54563,2019-02-13
Sistema,0.54255,2019-02-14
Sistema,0.53705,2019-02-15
Sistema,0.53198,2019-02-16
Sistema,0.52873,2019-02-17
Sistema,0.52393,2019-02-18
Sistema,0.52067,2019-02-19
Sistema,0.51772,2019-02-20
Sistema,0.5148,2019-02-21
Sistema,0.51269,2019-02-22
Sistema,0.51086,2019-02-23
Sistema,0.50989,2019-02-24
Sistema,0.50808,2019-02-25
Sistema,0.50488,2019-02-26
Sistema,0.50201,2019-02-27
Sistema,0.49884,2019-02-28
Sistema,0.49495,2019-03-01
Sistema,0.49344,2019-03-02
Sistema,0.49042,2019-03-03
Sistema,0.48621,2019-03-04
Sistema,0.48175,2019-03-05
Sistema,0.48642,2019-03-06
Sistema,0.47431,2019-03-07
Sistema,0.47136,2019-03-08
Sistema,0.46807,2019-03-09
Sistema,0.46729,2019-03-10
Sistema,0.46574,2019-03-11
Sistema,0.46326,2019-03-12
Sistema,0.45936,2019-03-13
Sistema,0.45701,2019-03-14
Sistema,0.45426,2019-03-15
Sistema,0.45139,2019-03-16
Sistema,0.44946,2019-03-17
Sistema,0.44628,2019-03-18
Sistema,0.44715,2019-03-19
Sistema,0.44526,2019-03-20
Sistema,0.44353,2019-03-21
Sistema,0.4439,2019-03-22
Sistema,0.44453,2019-03-23
Sistema,0.44498,2019-03-24
Sistema,0.44452,2019-03-25
Sistema,0.44306,2019-03-26
Sistema,0.43947,2019-03-27
Sistema,0.43606,2019-03-28
Sistema,0.43499,2019-03-29
Sistema,0.434,2019-03-30
Sistema,0.43281,2019-03-31
Sistema,0.43481,2019-04-01
Sistema,0.44066,2019-04-02
Sistema,0.43921,2019-04-03
Sistema,0.43869,2019-04-04
Sistema,0.43919,2019-04-05
Sistema,0.4417,2019-04-06
Sistema,0.44375,2019-04-07
Sistema,0.44307,2019-04-08
Sistema,0.44132,2019-04-09
Sistema,0.43912,2019-04-10
Sistema,0.43701,2019-04-11
Sistema,0.43561,2019-04-12
Sistema,0.43384,2019-04-13
Sistema,0.43321,2019-04-14
Sistema,0.43654,2019-04-15
Sistema,0.43485,2019-04-16
Sistema,0.43405,2019-04-17
Sistema,0.43611,2019-04-18
Sistema,0.43835,2019-04-19
Sistema,0.44156,2019-04-20
Sistema,0.44776,2019-04-21
Sistema,0.45543,2019-04-22
Sistema,0.45949,2019-04-23
Sistema,0.46419,2019-04-24
Sistema,0.46794,2019-04-25
Sistema,0.47183,2019-04-26
Sistema,0.47283,2019-04-27
Sistema,0.47495,2019-04-28
Sistema,0.47385,2019-04-29
Sistema,0.47065,2019-04-30
Sistema,0.4676,2019-05-01
Sistema,0.46347,2019-05-02
Sistema,0.45938,2019-05-03
Sistema,0.45654,2019-05-04
Sistema,0.45447,2019-05-05
Sistema,0.45106,2019-05-06
Sistema,0.44876,2019-05-07
Sistema,0.44953,2019-05-08
Sistema,0.4517,2019-05-09
Sistema,0.45729,2019-05-10
Sistema,0.46666,2019-05-11
Sistema,0.47256,2019-05-12
Sistema,0.48159,2019-05-13
Sistema,0.4911,2019-05-14
Sistema,0.49601,2019-05-15
Sistema,0.4972,2019-05-16
Sistema,0.50085,2019-05-17
Sistema,0.50299,2019-05-18
Sistema,0.50874,2019-05-19
Sistema,0.51253,2019-05-20
Sistema,0.51687,2019-05-21
Sistema,0.52186,2019-05-22
Sistema,0.52809,2019-05-23
Sistema,0.53632,2019-05-24
Sistema,0.54338,2019-05-25
Sistema,0.54854,2019-05-26
Sistema,0.55646,2019-05-27
Sistema,0.55961,2019-05-28
Sistema,0.56296,2019-05-29
Sistema,0.56943,2019-05-30
Sistema,0.57539,2019-05-31
Sistema,0.58473,2019-06-01
Sistema,0.59141,2019-06-02
Sistema,0.59518,2019-06-03
Sistema,0.59612,2019-06-04
Sistema,0.59969,2019-06-05
Sistema,0.60254,2019-06-06
Sistema,0.608,2019-06-07
Sistema,0.61006,2019-06-08
Sistema,0.61155,2019-06-09
Sistema,0.61915,2019-06-10
Sistema,0.62419,2019-06-11
Sistema,0.63149,2019-06-12
Sistema,0.63511,2019-06-13
Sistema,0.64011,2019-06-14
Sistema,0.64557,2019-06-15
Sistema,0.6493,2019-06-16
Sistema,0.6527,2019-06-17
Sistema,0.65661,2019-06-18
Sistema,0.65771,2019-06-19
Sistema,0.66472,2019-06-20
Sistema,0.67443,2019-06-21
Sistema,0.68258,2019-06-22
Sistema,0.69005,2019-06-23
Sistema,0.69712,2019-06-24
Sistema,0.70008,2019-06-25
Sistema,0.70291,2019-06-26
Sistema,0.70187,2019-06-27
Sistema,0.70075,2019-06-28
Sistema,0.70224,2019-06-29
Sistema,0.70631,2019-06-30
Sistema,0.71279,2019-07-01
Sistema,0.71475,2019-07-02
Sistema,0.71655,2019-07-03
Sistema,0.71561,2019-07-04
Sistema,0.71661,2019-07-05
Sistema,0.71722,2019-07-06
Sistema,0.71698,2019-07-07
Sistema,0.71672,2019-07-08
Sistema,0.71675,2019-07-09
Sistema,0.71494,2019-07-10
Sistema,0.71366,2019-07-11
Sistema,0.71172,2019-07-12
Sistema,0.71457,2019-07-13
Sistema,0.72189,2019-07-14
Sistema,0.72691,2019-07-15
Sistema,0.72778,2019-07-16
Sistema,0.72656,2019-07-17
Sistema,0.7243,2019-07-18
Sistema,0.72609,2019-07-19
Sistema,0.73064,2019-07-20
Sistema,0.7338,2019-07-21
Sistema,0.73647,2019-07-22
Sistema,0.7433,2019-07-23
Sistema,0.74445,2019-07-24
Sistema,0.74543,2019-07-25
Sistema,0.74748,2019-07-26
Sistema,0.74923,2019-07-27
Sistema,0.75355,2019-07-28
Sistema,0.75068,2019-07-29
Sistema,0.75028,2019-07-30
Sistema,0.7486,2019-07-31
Sistema,0.74907,2019-08-01
Sistema,0.74758,2019-08-02
Sistema,0.74981,2019-08-03
Sistema,0.75057,2019-08-04
Sistema,0.75091,2019-08-05
Sistema,0.74971,2019-08-06
Sistema,0.74799,2019-08-07
Sistema,0.74724,2019-08-08
Sistema,0.74459,2019-08-09
Sistema,0.74262,2019-08-10
Sistema,0.74442,2019-08-11
Sistema,0.74326,2019-08-12
Sistema,0.74559,2019-08-13
Sistema,0.74681,2019-08-14
Sistema,0.74897,2019-08-15
Sistema,0.74904,2019-08-16
Sistema,0.74903,2019-08-17
Sistema,0.74866,2019-08-18
Sistema,0.74966,2019-08-19
Sistema,0.74807,2019-08-20
Sistema,0.74608,2019-08-21
Sistema,0.74188,2019-08-22
Sistema,0.73758,2019-08-23
Sistema,0.73404,2019-08-24
Sistema,0.73114,2019-08-25
Sistema,0.73178,2019-08-26
Sistema,0.72678,2019-08-27
Sistema,0.72479,2019-08-28
Sistema,0.72219,2019-08-29
Sistema,0.71771,2019-08-30
Sistema,0.71403,2019-08-31
Sistema,0.71231,2019-09-01
Sistema,0.71212,2019-09-02
Sistema,0.70836,2019-09-03
Sistema,0.70483,2019-09-04
Sistema,0.70149,2019-09-05
Sistema,0.70034,2019-09-06
Sistema,0.69675,2019-09-07
Sistema,0.6935,2019-09-08
Sistema,0.68833,2019-09-09
Sistema,0.68345,2019-09-10
Sistema,0.67902,2019-09-11
Sistema,0.67539,2019-09-12
Sistema,0.67383,2019-09-13
Sistema,0.67252,2019-09-14
Sistema,0.67097,2019-09-15
Sistema,0.66948,2019-09-16
Sistema,0.66615,2019-09-17
Sistema,0.66541,2019-09-18
Sistema,0.6668,2019-09-19
Sistema,0.66654,2019-09-20
Sistema,0.66734,2019-09-21
Sistema,0.66757,2019-09-22
Sistema,0.66915,2019-09-23
Sistema,0.6672,2019-09-24
Sistema,0.66672,2019-09-25
Sistema,0.66699,2019-09-26
Sistema,0.66362,2019-09-27
Sistema,0.66115,2019-09-28
Sistema,0.66109,2019-09-29
Sistema,0.65963,2019-09-30
Sistema,0.65965,2019-10-01
Sistema,0.65865,2019-10-02
Sistema,0.6623,2019-10-03
Sistema,0.66156,2019-10-04
Sistema,0.6605,2019-10-05
Sistema,0.66201,2019-10-06
Sistema,0.65988,2019-10-07
Sistema,0.65805,2019-10-08
Sistema,0.65616,2019-10-09
Sistema,0.65648,2019-10-10
Sistema,0.65764,2019-10-11
Sistema,0.66151,2019-10-12
Sistema,0.66882,2019-10-13
Sistema,0.67216,2019-10-14
Sistema,0.67138,2019-10-15
Sistema,0.67008,2019-10-16
Sistema,0.66981,2019-10-17
Sistema,0.67034,2019-10-18
Sistema,0.67537,2019-10-19
Sistema,0.67996,2019-10-20
Sistema,0.68286,2019-10-21
Sistema,0.68419,2019-10-22
Sistema,0.68752,2019-10-23
Sistema,0.69192,2019-10-24
Sistema,0.69425,2019-10-25
Sistema,0.69741,2019-10-26
Sistema,0.70217,2019-10-27
Sistema,0.70202,2019-10-28
Sistema,0.70206,2019-10-29
Sistema,0.70202,2019-10-30
Sistema,0.70153,2019-10-31
Sistema,0.69973,2019-11-01
Sistema,0.69895,2019-11-02
Sistema,0.69838,2019-11-03
Sistema,0.69848,2019-11-04
Sistema,0.69749,2019-11-05
Sistema,0.69527,2019-11-06
Sistema,0.69228,2019-11-07
Sistema,0.68954,2019-11-08
Sistema,0.69007,2019-11-09
Sistema,0.68957,2019-11-10
Sistema,0.69357,2019-11-11
Sistema,0.69634,2019-11-12
Sistema,0.70143,2019-11-13
Sistema,0.70499,2019-11-14
Sistema,0.70745,2019-11-15
Sistema,0.70841,2019-11-16
Sistema,0.7103,2019-11-17
Sistema,0.70979,2019-11-18
Sistema,0.70984,2019-11-19
Sistema,0.71125,2019-11-20
Sistema,0.71134,2019-11-21
Sistema,0.71273,2019-11-22
Sistema,0.71419,2019-11-23
Sistema,0.71541,2019-11-24
Sistema,0.71402,2019-11-25
Sistema,0.71148,2019-11-26
Sistema,0.70983,2019-11-27
Sistema,0.70811,2019-11-28
Sistema,0.69977,2019-11-29
Sistema,0.70284,2019-11-30
Sistema,0.70206,2019-12-01
Sistema,0.6991,2019-12-02
Sistema,0.69657,2019-12-03
Sistema,0.69364,2019-12-04
Sistema,0.69076,2019-12-05
Sistema,0.68695,2019-12-06
Sistema,0.68515,2019-12-07
Sistema,0.68422,2019-12-08
Sistema,0.68128,2019-12-09
Sistema,0.67762,2019-12-10
Sistema,0.67436,2019-12-11
Sistema,0.67216,2019-12-12
Sistema,0.66997,2019-12-13
Sistema,0.67153,2019-12-14
Sistema,0.67457,2019-12-15
Sistema,0.67252,2019-12-16
Sistema,0.67064,2019-12-17
Sistema,0.66844,2019-12-18
Sistema,0.66532,2019-12-19
Sistema,0.66486,2019-12-20
Sistema,0.66384,2019-12-21
Sistema,0.66372,2019-12-22
Sistema,0.66244,2019-12-23
Sistema,0.66069,2019-12-24
Sistema,0.66177,2019-12-25
Sistema,0.66254,2019-12-26
Sistema,0.66138,2019-12-27
Sistema,0.65851,2019-12-28
Sistema,0.65616,2019-12-29
Sistema,0.65523,2019-12-30
Sistema,0.65831,2019-12-31
Sistema,0.65934,2020-01-01
Sistema,0.65846,2020-01-02
Sistema,0.65589,2020-01-03
Sistema,0.6526,2020-01-04
Sistema,0.64998,2020-01-05
Sistema,0.6471,2020-01-06
Sistema,0.6429,2020-01-07
Sistema,0.63867,2020-01-08
Sistema,0.63392,2020-01-09
Sistema,0.62883,2020-01-10
Sistema,0.62412,2020-01-11
Sistema,0.62012,2020-01-12
Sistema,0.61508,2020-01-13
Sistema,0.61025,2020-01-14
Sistema,0.60538,2020-01-15
Sistema,0.59762,2020-01-16
Sistema,0.59514,2020-01-17
Sistema,0.59078,2020-01-18
Sistema,0.5875,2020-01-19
Sistema,0.58326,2020-01-20
Sistema,0.57954,2020-01-21
Sistema,0.57642,2020-01-22
Sistema,0.5729,2020-01-23
Sistema,0.5689,2020-01-24
Sistema,0.5648,2020-01-25
Sistema,0.56238,2020-01-26
Sistema,0.55905,2020-01-27
Sistema,0.55537,2020-01-28
Sistema,0.551,2020-01-29
Sistema,0.54632,2020-01-30
Sistema,0.54178,2020-01-31
Sistema,0.53765,2020-02-01
Sistema,0.53461,2020-02-02
Sistema,0.52884,2020-02-03
Sistema,0.52542,2020-02-04
Sistema,0.52079,2020-02-05
Sistema,0.51602,2020-02-06
Sistema,0.5109,2020-02-07
Sistema,0.50596,2020-02-08
Sistema,0.50323,2020-02-09
Sistema,0.49774,2020-02-10
Sistema,0.49231,2020-02-11
Sistema,0.48682,2020-02-12
Sistema,0.4814,2020-02-13
Sistema,0.47642,2020-02-14
Sistema,0.47393,2020-02-15
Sistema,0.47125,2020-02-16
Sistema,0.46745,2020-02-17
Sistema,0.46135,2020-02-18
Sistema,0.4553,2020-02-19
Sistema,0.45087,2020-02-20
Sistema,0.44785,2020-02-21
Sistema,0.4472,2020-02-22
Sistema,0.44793,2020-02-23
Sistema,0.44719,2020-02-24
Sistema,0.44659,2020-02-25
Sistema,0.44554,2020-02-26
Sistema,0.44256,2020-02-27
Sistema,0.43797,2020-02-28
Sistema,0.43426,2020-02-29
Sistema,0.43221,2020-03-01
Sistema,0.42877,2020-03-02
Sistema,0.42538,2020-03-03
Sistema,0.42209,2020-03-04
Sistema,0.41707,2020-03-05
Sistema,0.41247,2020-03-06
Sistema,0.40947,2020-03-07
Sistema,0.40699,2020-03-08
Sistema,0.40389,2020-03-09
Sistema,0.39965,2020-03-10
Sistema,0.39734,2020-03-11
Sistema,0.39446,2020-03-12
Sistema,0.3918,2020-03-13
Sistema,0.39124,2020-03-14
Sistema,0.39046,2020-03-15
Sistema,0.38761,2020-03-16
Sistema,0.38494,2020-03-17
Sistema,0.38192,2020-03-18
Sistema,0.37861,2020-03-19
Sistema,0.37635,2020-03-20
Sistema,0.37337,2020-03-21
Sistema,0.37114,2020-03-22
Sistema,0.36729,2020-03-23
Sistema,0.3639,2020-03-24
Sistema,0.36123,2020-03-25
Sistema,0.35861,2020-03-26
Sistema,0.35523,2020-03-27
Sistema,0.35229,2020-03-28
Sistema,0.34912,2020-03-29
Sistema,0.34699,2020-03-30
Sistema,0.3462,2020-03-31
Sistema,0.34875,2020-04-01
Sistema,0.34763,2020-04-02
Sistema,0.34505,2020-04-03
Sistema,0.34412,2020-04-04
Sistema,0.34298,2020-04-05
Sistema,0.34028,2020-04-06
Sistema,0.3414,2020-04-07
Sistema,0.33994,2020-04-08
Sistema,0.33999,2020-04-09
Sistema,0.33908,2020-04-10
Sistema,0.34333,2020-04-11
Sistema,0.34346,2020-04-12
Sistema,0.34155,2020-04-13
Sistema,0.33936,2020-04-14
Sistema,0.33785,2020-04-15
Sistema,0.33504,2020-04-16
Sistema,0.33224,2020-04-17
Sistema,0.33243,2020-04-18
Sistema,0.33214,2020-04-19
Sistema,0.33066,2020-04-20
Sistema,0.33084,2020-04-21
Sistema,0.3296,2020-04-22
Sistema,0.33122,2020-04-23
Sistema,0.32952,2020-04-24
Sistema,0.32656,2020-04-25
Sistema,0.32454,2020-04-26
Sistema,0.32127,2020-04-27
Sistema,0.32151,2020-04-28
Sistema,0.3198,2020-04-29
Sistema,0.31812,2020-04-30
Sistema,0.32102,2020-05-01
Sistema,0.32104,2020-05-02
Sistema,0.32336,2020-05-03
Sistema,0.32395,2020-05-04
Sistema,0.32435,2020-05-05
Sistema,0.32318,2020-05-06
Sistema,0.32706,2020-05-07
Sistema,0.32774,2020-05-08
Sistema,0.3276,2020-05-09
Sistema,0.32768,2020-05-10
Sistema,0.32657,2020-05-11
Sistema,0.32447,2020-05-12
Sistema,0.32532,2020-05-13
Sistema,0.3231,2020-05-14
Sistema,0.32172,2020-05-15
Sistema,0.32299,2020-05-16
Sistema,0.32507,2020-05-17
Sistema,0.32741,2020-05-18
Sistema,0.33341,2020-05-19
Sistema,0.33415,2020-05-20
Sistema,0.33218,2020-05-21
Sistema,0.33083,2020-05-22
Sistema,0.32935,2020-05-23
Sistema,0.3283,2020-05-24
Sistema,0.32832,2020-05-25
Sistema,0.32878,2020-05-26
Sistema,0.33256,2020-05-27
Sistema,0.33668,2020-05-28
Sistema,0.33814,2020-05-29
Sistema,0.34547,2020-05-30
Sistema,0.35162,2020-05-31
Sistema,0.35728,2020-06-01
Sistema,0.36007,2020-06-02
Sistema,0.36176,2020-06-03
Sistema,0.36461,2020-06-04
Sistema,0.36445,2020-06-05
Sistema,0.37074,2020-06-06
Sistema,0.37351,2020-06-07
Sistema,0.37346,2020-06-08
Sistema,0.37264,2020-06-09
Sistema,0.37663,2020-06-10
Sistema,0.38221,2020-06-11
Sistema,0.39161,2020-06-12
Sistema,0.39477,2020-06-13
Sistema,0.39955,2020-06-14
Sistema,0.40595,2020-06-15
Sistema,0.40739,2020-06-16
Sistema,0.41198,2020-06-17
Sistema,0.41429,2020-06-18
Sistema,0.4168,2020-06-19
Sistema,0.42632,2020-06-20
Sistema,0.43703,2020-06-21
Sistema,0.44503,2020-06-22
Sistema,0.45041,2020-06-23
Sistema,0.45251,2020-06-24
Sistema,0.45374,2020-06-25
Sistema,0.4575,2020-06-26
Sistema,0.46156,2020-06-27
Sistema,0.47058,2020-06-28
Sistema,0.47314,2020-06-29
Sistema,0.47457,2020-06-30
Sistema,0.4776,2020-07-01
Sistema,0.48871,2020-07-02
Sistema,0.4944,2020-07-03
Sistema,0.509,2020-07-04
Sistema,0.52109,2020-07-05
Sistema,0.52654,2020-07-06
Sistema,0.53136,2020-07-07
Sistema,0.53649,2020-07-08
Sistema,0.54302,2020-07-09
Sistema,0.54593,2020-07-10
Sistema,0.55369,2020-07-11
Sistema,0.55791,2020-07-12
Sistema,0.5612,2020-07-13
Sistema,0.56547,2020-07-14
Sistema,0.56632,2020-07-15
Sistema,0.56796,2020-07-16
Sistema,0.56901,2020-07-17
Sistema,0.56884,2020-07-18
Sistema,0.56962,2020-07-19
Sistema,0.5703,2020-07-20
Sistema,0.57162,2020-07-21
Sistema,0.57342,2020-07-22
Sistema,0.57507,2020-07-23
Sistema,0.58195,2020-07-24
Sistema,0.59802,2020-07-25
Sistema,0.60593,2020-07-26
Sistema,0.6153,2020-07-27
Sistema,0.62005,2020-07-28
Sistema,0.62127,2020-07-29
Sistema,0.62417,2020-07-30
Sistema,0.6253,2020-07-31
Sistema,0.62582,2020-08-01
Sistema,0.62531,2020-08-02
Sistema,0.62301,2020-08-03
Sistema,0.62037,2020-08-04
Sistema,0.61788,2020-08-05
Sistema,0.61603,2020-08-06
Sistema,0.61458,2020-08-07
Sistema,0.6172,2020-08-08
Sistema,0.61681,2020-08-09
Sistema,0.61498,2020-08-10
Sistema,0.6139,2020-08-11
Sistema,0.61348,2020-08-12
Sistema,0.61625,2020-08-13
Sistema,0.61989,2020-08-14
Sistema,0.62276,2020-08-15
Sistema,0.62557,2020-08-16
Sistema,0.62918,2020-08-17
Sistema,0.62817,2020-08-18
Sistema,0.62782,2020-08-19
Sistema,0.6324,2020-08-20
Sistema,0.63529,2020-08-21
Sistema,0.64193,2020-08-22
Sistema,0.6464,2020-08-23
Sistema,0.64818,2020-08-24
Sistema,0.65115,2020-08-25
Sistema,0.65238,2020-08-26
Sistema,0.65124,2020-08-27
Sistema,0.65195,2020-08-28
Sistema,0.65013,2020-08-29
Sistema,0.65041,2020-08-30
Sistema,0.64782,2020-08-31
Sistema,0.64752,2020-09-01
Sistema,0.64779,2020-09-02
Sistema,0.64746,2020-09-03
Sistema,0.65066,2020-09-04
Sistema,0.6535,2020-09-05
Sistema,0.65709,2020-09-06
Sistema,0.65793,2020-09-07
Sistema,0.66705,2020-09-08
Sistema,0.66743,2020-09-09
Sistema,0.66741,2020-09-10
Sistema,0.66685,2020-09-11
Sistema,0.66846,2020-09-12
Sistema,0.66966,2020-09-13
Sistema,0.66925,2020-09-14
Sistema,0.66819,2020-09-15
Sistema,0.66851,2020-09-16
Sistema,0.66805,2020-09-17
Sistema,0.67094,2020-09-18
Sistema,0.67452,2020-09-19
Sistema,0.67863,2020-09-20
Sistema,0.68162,2020-09-21
Sistema,0.6835,2020-09-22
Sistema,0.68543,2020-09-23
Sistema,0.68655,2020-09-24
Sistema,0.68727,2020-09-25
Sistema,0.68812,2020-09-26
Sistema,0.69054,2020-09-27
Sistema,0.68955,2020-09-28
Sistema,0.68811,2020-09-29
Sistema,0.68928,2020-09-30
Sistema,0.68858,2020-10-01
Sistema,0.6886,2020-10-02
Sistema,0.6865,2020-10-03
Sistema,0.69096,2020-10-04
Sistema,0.69194,2020-10-05
Sistema,0.69392,2020-10-06
Sistema,0.69236,2020-10-07
Sistema,0.69232,2020-10-08
Sistema,0.69231,2020-10-09
Sistema,0.69099,2020-10-10
Sistema,0.68873,2020-10-11
Sistema,0.68778,2020-10-12
Sistema,0.68847,2020-10-13
Sistema,0.68896,2020-10-14
Sistema,0.68733,2020-10-15
Sistema,0.68541,2020-10-16
Sistema,0.68305,2020-10-17
Sistema,0.68285,2020-10-18
Sistema,0.68194,2020-10-19
Sistema,0.67963,2020-10-20
Sistema,0.67763,2020-10-21
Sistema,0.67847,2020-10-22
Sistema,0.67762,2020-10-23
Sistema,0.68078,2020-10-24
Sistema,0.68074,2020-10-25
Sistema,0.67964,2020-10-26
Sistema,0.677,2020-10-27
Sistema,0.67593,2020-10-28
Sistema,0.67457,2020-10-29
Sistema,0.67206,2020-10-30
Sistema,0.67853,2020-10-31
Sistema,0.68899,2020-11-01
Sistema,0.69057,2020-11-02
Sistema,0.69127,2020-11-03
Sistema,0.69061,2020-11-04
Sistema,0.69151,2020-11-05
Sistema,0.69355,2020-11-06
Sistema,0.69377,2020-11-07
Sistema,0.69579,2020-11-08
Sistema,0.69553,2020-11-09
Sistema,0.69879,2020-11-10
Sistema,0.7094,2020-11-11
Sistema,0.71417,2020-11-12
Sistema,0.72622,2020-11-13
Sistema,0.73418,2020-11-14
Sistema,0.73969,2020-11-15
Sistema,0.74622,2020-11-16
Sistema,0.75054,2020-11-17
Sistema,0.75671,2020-11-18
Sistema,0.75939,2020-11-19
Sistema,0.75941,2020-11-20
Sistema,0.76155,2020-11-21
Sistema,0.76268,2020-11-22
Sistema,0.76182,2020-11-23
Sistema,0.76122,2020-11-24
Sistema,0.75959,2020-11-25
Sistema,0.75891,2020-11-26
Sistema,0.75483,2020-11-27
Sistema,0.76296,2020-11-28
Sistema,0.76676,2020-11-29
Sistema,0.76546,2020-11-30
Sistema,0.76486,2020-12-01
Sistema,0.76516,2020-12-02
Sistema,0.76922,2020-12-03
Sistema,0.76831,2020-12-04
Sistema,0.76678,2020-12-05
Sistema,0.76754,2020-12-06
Sistema,0.76702,2020-12-07
Sistema,0.76572,2020-12-08
Sistema,0.7613,2020-12-09
Sistema,0.75928,2020-12-10
Sistema,0.75447,2020-12-11
Sistema,0.75083,2020-12-12
Sistema,0.74835,2020-12-13
Sistema,0.74456,2020-12-14
Sistema,0.74222,2020-12-15
Sistema,0.73914,2020-12-16
Sistema,0.73589,2020-12-17
Sistema,0.73313,2020-12-18
Sistema,0.73106,2020-12-19
Sistema,0.73057,2020-12-20
Sistema,0.7252,2020-12-21
Sistema,0.72541,2020-12-22
Sistema,0.72245,2020-12-23
Sistema,0.7216,2020-12-24
Sistema,0.72438,2020-12-25
Sistema,0.72553,2020-12-26
Sistema,0.72476,2020-12-27
Sistema,0.72359,2020-12-28
Sistema,0.7216,2020-12-29
Sistema,0.7197,2020-12-30
Sistema,0.71882,2020-12-31
Sistema,0.7192,2021-01-01
Sistema,0.71863,2021-01-02
Sistema,0.71867,2021-01-03
Sistema,0.71612,2021-01-04
Sistema,0.71331,2021-01-05
Sistema,0.71026,2021-01-06
Sistema,0.70781,2021-01-07
Sistema,0.70703,2021-01-08
Sistema,0.7061,2021-01-09
Sistema,0.70676,2021-01-10
Sistema,0.71037,2021-01-11
Sistema,0.70925,2021-01-12
Sistema,0.70585,2021-01-13
Sistema,0.70138,2021-01-14
Sistema,0.69612,2021-01-15
Sistema,0.6911,2021-01-16
Sistema,0.68766,2021-01-17
Sistema,0.68149,2021-01-18
Sistema,0.67623,2021-01-19
Sistema,0.67109,2021-01-20
Sistema,0.66531,2021-01-21
Sistema,0.66069,2021-01-22
Sistema,0.65822,2021-01-23
Sistema,0.65677,2021-01-24
Sistema,0.65424,2021-01-25
Sistema,0.65077,2021-01-26
Sistema,0.64658,2021-01-27
Sistema,0.6419,2021-01-28
Sistema,0.63642,2021-01-29
Sistema,0.63168,2021-01-30
Sistema,0.62779,2021-01-31
Sistema,0.62272,2021-02-01
Sistema,0.61754,2021-02-02
Sistema,0.6138,2021-02-03
Sistema,0.60857,2021-02-04
Sistema,0.60515,2021-02-05
Sistema,0.60115,2021-02-06
Sistema,0.59757,2021-02-07
Sistema,0.59263,2021-02-08
Sistema,0.59059,2021-02-09
Sistema,0.58685,2021-02-10
Sistema,0.58279,2021-02-11
Sistema,0.57886,2021-02-12
Sistema,0.5752,2021-02-13
Sistema,0.57227,2021-02-14
Sistema,0.56908,2021-02-15
Sistema,0.56432,2021-02-16
Sistema,0.55909,2021-02-17
Sistema,0.55461,2021-02-18
Sistema,0.55186,2021-02-19
Sistema,0.54837,2021-02-20
Sistema,0.54676,2021-02-21
Sistema,0.54447,2021-02-22
Sistema,0.54131,2021-02-23
Sistema,0.5371,2021-02-24
Sistema,0.53552,2021-02-25
Sistema,0.53419,2021-02-26
Sistema,0.53501,2021-02-27
Sistema,0.53492,2021-02-28
Sistema,0.53383,2021-03-01
Sistema,0.5343,2021-03-02
Sistema,0.53364,2021-03-03
Sistema,0.53175,2021-03-04
Sistema,0.5303,2021-03-05
Sistema,0.52979,2021-03-06
Sistema,0.53252,2021-03-07
Sistema,0.53631,2021-03-08
Sistema,0.53528,2021-03-09
Sistema,0.53362,2021-03-10
Sistema,0.53147,2021-03-11
Sistema,0.53369,2021-03-12
Sistema,0.53635,2021-03-13
Sistema,0.5375,2021-03-14
Sistema,0.53932,2021-03-15
Sistema,0.54302,2021-03-16
Sistema,0.54661,2021-03-17
Sistema,0.55232,2021-03-18
Sistema,0.5549,2021-03-19
Sistema,0.55881,2021-03-20
Sistema,0.56203,2021-03-21
Sistema,0.56555,2021-03-22
Sistema,0.56566,2021-03-23
Sistema,0.56939,2021-03-24
Sistema,0.56921,2021-03-25
Sistema,0.57098,2021-03-26
Sistema,0.57415,2021-03-27
Sistema,0.57499,2021-03-28
Sistema,0.57489,2021-03-29
Sistema,0.57808,2021-03-30
Sistema,0.57875,2021-03-31
Sistema,0.57946,2021-04-01
Sistema,0.5802,2021-04-02
Sistema,0.5831,2021-04-03
Sistema,0.5864,2021-04-04
Sistema,0.58762,2021-04-05
Sistema,0.59195,2021-04-06
Sistema,0.59283,2021-04-07
Sistema,0.59315,2021-04-08
Sistema,0.59974,2021-04-09
Sistema,0.60065,2021-04-10
Sistema,0.60154,2021-04-11
Sistema,0.611,2021-04-12
Sistema,0.6109,2021-04-13
Sistema,0.60963,2021-04-14
Sistema,0.60957,2021-04-15
Sistema,0.61046,2021-04-16
Sistema,0.61312,2021-04-17
Sistema,0.61472,2021-04-18
Sistema,0.61431,2021-04-19
Sistema,0.61125,2021-04-20
Sistema,0.60939,2021-04-21
Sistema,0.60633,2021-04-22
Sistema,0.60699,2021-04-23
Sistema,0.60622,2021-04-24
Sistema,0.60536,2021-04-25
Sistema,0.60328,2021-04-26
Sistema,0.60523,2021-04-27
Sistema,0.60788,2021-04-28
Sistema,0.61444,2021-04-29
Sistema,0.62808,2021-04-30
Sistema,0.63326,2021-05-01
Sistema,0.6436,2021-05-02
Sistema,0.6592,2021-05-03
Sistema,0.67006,2021-05-04
Sistema,0.70477,2021-05-05
Sistema,0.68532,2021-05-06
Sistema,0.69141,2021-05-07
Sistema,0.70034,2021-05-08
Sistema,0.71034,2021-05-09
Sistema,0.72371,2021-05-10
Sistema,0.72899,2021-05-11
Sistema,0.73352,2021-05-12
Sistema,0.7373,2021-05-13
Sistema,0.73944,2021-05-14
Sistema,0.74239,2021-05-15
Sistema,0.74959,2021-05-16
Sistema,0.76441,2021-05-17
Sistema,0.77564,2021-05-18
Sistema,0.77841,2021-05-19
Sistema,0.77715,2021-05-20
Sistema,0.77467,2021-05-21
Sistema,0.77528,2021-05-22
Sistema,0.77785,2021-05-23
Sistema,0.77918,2021-05-24
Sistema,0.78462,2021-05-25
Sistema,0.78687,2021-05-26
Sistema,0.78964,2021-05-27
Sistema,0.79026,2021-05-28
Sistema,0.79308,2021-05-29
Sistema,0.79728,2021-05-30
Sistema,0.80143,2021-05-31
Sistema,0.81316,2021-06-01
Sistema,0.81533,2021-06-02
Sistema,0.81514,2021-06-03
Sistema,0.81331,2021-06-04
Sistema,0.8097,2021-06-05
Sistema,0.811,2021-06-06
Sistema,0.81002,2021-06-07
Sistema,0.81946,2021-06-08
Sistema,0.82291,2021-06-09
Sistema,0.82224,2021-06-10
Sistema,0.82357,2021-06-11
Sistema,0.82802,2021-06-12
Sistema,0.83329,2021-06-13
Sistema,0.83757,2021-06-14
Sistema,0.83785,2021-06-15
Sistema,0.83753,2021-06-16
Sistema,0.83609,2021-06-17
Sistema,0.83614,2021-06-18
Sistema,0.83737,2021-06-19
Sistema,0.84872,2021-06-20
Sistema,0.8543,2021-06-21
Sistema,0.85391,2021-06-22
Sistema,0.85219,2021-06-23
Sistema,0.85348,2021-06-24
Sistema,0.85197,2021-06-25
Sistema,0.85038,2021-06-26
Sistema,0.84828,2021-06-27
Sistema,0.84581,2021-06-28
Sistema,0.84392,2021-06-29
Sistema,0.84256,2021-06-30
Sistema,0.84176,2021-07-01
Sistema,0.84164,2021-07-02
Sistema,0.83711,2021-07-03
Sistema,0.83589,2021-07-04
Sistema,0.83424,2021-07-05
Sistema,0.83269,2021-07-06
Sistema,0.82905,2021-07-07
Sistema,0.83127,2021-07-08
Sistema,0.8364,2021-07-09
Sistema,0.83798,2021-07-10
Sistema,0.8435,2021-07-11
Sistema,0.84306,2021-07-12
Sistema,0.84372,2021-07-13
Sistema,0.8436,2021-07-14
Sistema,0.8427,2021-07-15
Sistema,0.84499,2021-07-16
Sistema,0.8494,2021-07-17
Sistema,0.85263,2021-07-18
Sistema,0.85106,2021-07-19
Sistema,0.84986,2021-07-20
Sistema,0.85211,2021-07-21
Sistema,0.85495,2021-07-22
Sistema,0.85953,2021-07-23
Sistema,0.85785,2021-07-24
Sistema,0.86145,2021-07-25
Sistema,0.86109,2021-07-26
Sistema,0.86209,2021-07-27
Sistema,0.86083,2021-07-28
Sistema,0.8594,2021-07-29
Sistema,0.86206,2021-07-30
Sistema,0.85976,2021-07-31
Sistema,0.85839,2021-08-01
Sistema,0.85612,2021-08-02
Sistema,0.85462,2021-08-03
Sistema,0.85241,2021-08-04
Sistema,0.84923,2021-08-05
Sistema,0.84546,2021-08-06
Sistema,0.84283,2021-08-07
Sistema,0.84155,2021-08-08
Sistema,0.83925,2021-08-09
Sistema,0.84259,2021-08-10
Sistema,0.84314,2021-08-11
Sistema,0.84741,2021-08-12
Sistema,0.85153,2021-08-13
Sistema,0.85588,2021-08-14
Sistema,0.86021,2021-08-15
Sistema,0.86145,2021-08-16
Sistema,0.86657,2021-08-17
Sistema,0.86795,2021-08-18
Sistema,0.86859,2021-08-19
Sistema,0.86949,2021-08-20
Sistema,0.86862,2021-08-21
Sistema,0.86778,2021-08-22
Sistema,0.87001,2021-08-23
Sistema,0.87046,2021-08-24
Sistema,0.87135,2021-08-25
Sistema,0.8703,2021-08-26
Sistema,0.86774,2021-08-27
Sistema,0.86748,2021-08-28
Sistema,0.86596,2021-08-29
Sistema,0.86763,2021-08-30
Sistema,0.86783,2021-08-31
Sistema,0.86734,2021-09-01
Sistema,0.86448,2021-09-02
Sistema,0.86103,2021-09-03
Sistema,0.85955,2021-09-04
Sistema,0.86212,2021-09-05
Sistema,0.86241,2021-09-06
Sistema,0.86398,2021-09-07
Sistema,0.86417,2021-09-08
Sistema,0.86146,2021-09-09
Sistema,0.85911,2021-09-10
Sistema,0.86068,2021-09-11
Sistema,0.85998,2021-09-12
Sistema,0.85797,2021-09-13
Sistema,0.85438,2021-09-14
Sistema,0.85426,2021-09-15
Sistema,0.85148,2021-09-16
Sistema,0.84717,2021-09-17
Sistema,0.84366,2021-09-18
Sistema,0.84319,2021-09-19
Sistema,0.84044,2021-09-20
Sistema,0.84227,2021-09-21
Sistema,0.8449,2021-09-22
Sistema,0.85445,2021-09-23
Sistema,0.85449,2021-09-24
Sistema,0.85239,2021-09-25
Sistema,0.85028,2021-09-26
Sistema,0.84674,2021-09-27
Sistema,0.84419,2021-09-28
Sistema,0.84369,2021-09-29
Sistema,0.84571,2021-09-30
Sistema,0.84478,2021-10-01
Sistema,0.84551,2021-10-02
Sistema,0.84555,2021-10-03
Sistema,0.84262,2021-10-04
Sistema,0.84085,2021-10-05
Sistema,0.8431,2021-10-06
Sistema,0.84436,2021-10-07
Sistema,0.84278,2021-10-08
Sistema,0.84076,2021-10-09
Sistema,0.84083,2021-10-10
Sistema,0.84156,2021-10-11
Sistema,0.83883,2021-10-12
Sistema,0.83732,2021-10-13
Sistema,0.83656,2021-10-14
Sistema,0.83546,2021-10-15
Sistema,0.83895,2021-10-16
Sistema,0.84209,2021-10-17
Sistema,0.84061,2021-10-18
Sistema,0.8395,2021-10-19
Sistema,0.83859,2021-10-20
Sistema,0.83789,2021-10-21
Sistema,0.83824,2021-10-22
Sistema,0.83695,2021-10-23
Sistema,0.83608,2021-10-24
Sistema,0.83389,2021-10-25
Sistema,0.83763,2021-10-26
Sistema,0.84214,2021-10-27
Sistema,0.84373,2021-10-28
Sistema,0.8458,2021-10-29
Sistema,0.84638,2021-10-30
Sistema,0.84834,2021-10-31
Sistema,0.84899,2021-11-01
Sistema,0.84803,2021-11-02
Sistema,0.85007,2021-11-03
Sistema,0.85443,2021-11-04
Sistema,0.85196,2021-11-05
Sistema,0.84868,2021-11-06
Sistema,0.84781,2021-11-07
Sistema,0.84667,2021-11-08
Sistema,0.84724,2021-11-09
Sistema,0.84797,2021-11-10
Sistema,0.8471,2021-11-11
Sistema,0.84536,2021-11-12
Sistema,0.8458,2021-11-13
Sistema,0.84628,2021-11-14
Sistema,0.84552,2021-11-15
Sistema,0.84228,2021-11-16
Sistema,0.83893,2021-11-17
Sistema,0.83519,2021-11-18
Sistema,0.83241,2021-11-19
Sistema,0.83241,2021-11-20
Sistema,0.83177,2021-11-21
Sistema,0.83033,2021-11-22
Sistema,0.83204,2021-11-23
Sistema,0.83564,2021-11-24
Sistema,0.8404,2021-11-25
Sistema,0.84465,2021-11-26
Sistema,0.84772,2021-11-27
Sistema,0.8475,2021-11-28
Sistema,0.8465,2021-11-29
Sistema,0.84631,2021-11-30
Sistema,0.84661,2021-12-01
Sistema,0.84431,2021-12-02
Sistema,0.84229,2021-12-03
Sistema,0.84122,2021-12-04
Sistema,0.8401,2021-12-05
Sistema,0.8373,2021-12-06
Sistema,0.83336,2021-12-07
Sistema,0.83018,2021-12-08
Sistema,0.82592,2021-12-09
Sistema,0.82202,2021-12-10
Sistema,0.81923,2021-12-11
Sistema,0.81908,2021-12-12
Sistema,0.81713,2021-12-13
Sistema,0.81392,2021-12-14
Sistema,0.81073,2021-12-15
Sistema,0.80759,2021-12-16
Sistema,0.80483,2021-12-17
Sistema,0.80385,2021-12-18
Sistema,0.80282,2021-12-19
Sistema,0.80085,2021-12-20
Sistema,0.79974,2021-12-21
Sistema,0.79883,2021-12-22
Sistema,0.79753,2021-12-23
Sistema,0.79615,2021-12-24
Sistema,0.79499,2021-12-25
Sistema,0.79537,2021-12-26
Sistema,0.79487,2021-12-27
Sistema,0.79375,2021-12-28
Sistema,0.79316,2021-12-29
Sistema,0.79219,2021-12-30
Sistema,0.79052,2021-12-31
Sistema,0.79065,2022-01-01
Sistema,0.79012,2022-01-02
Sistema,0.78786,2022-01-03
Sistema,0.78436,2022-01-04
Sistema,0.77895,2022-01-05
Sistema,0.77623,2022-01-06
Sistema,0.77386,2022-01-07
Sistema,0.7697,2022-01-08
Sistema,0.76606,2022-01-09
Sistema,0.76263,2022-01-10
Sistema,0.75815,2022-01-11
Sistema,0.75422,2022-01-12
Sistema,0.75104,2022-01-13
Sistema,0.75074,2022-01-14
Sistema,0.7478,2022-01-15
Sistema,0.74468,2022-01-16
Sistema,0.7403,2022-01-17
Sistema,0.73587,2022-01-18
Sistema,0.73063,2022-01-19
Sistema,0.72496,2022-01-20
Sistema,0.71945,2022-01-21
Sistema,0.7162,2022-01-22
Sistema,0.71262,2022-01-23
Sistema,0.70766,2022-01-24
Sistema,0.705,2022-01-25
Sistema,0.70096,2022-01-26
Sistema,0.69644,2022-01-27
Sistema,0.69159,2022-01-28
Sistema,0.68692,2022-01-29
Sistema,0.68301,2022-01-30
Sistema,0.67796,2022-01-31
Sistema,0.6725,2022-02-01
Sistema,0.66674,2022-02-02
Sistema,0.66135,2022-02-03
Sistema,0.65569,2022-02-04
Sistema,0.65201,2022-02-05
Sistema,0.65025,2022-02-06
Sistema,0.64733,2022-02-07
Sistema,0.64532,2022-02-08
Sistema,0.64342,2022-02-09
Sistema,0.63943,2022-02-10
Sistema,0.63012,2022-02-11
Sistema,0.62606,2022-02-12
Sistema,0.62326,2022-02-13
Sistema,0.61954,2022-02-14
Sistema,0.61582,2022-02-15
Sistema,0.61169,2022-02-16
Sistema,0.60682,2022-02-17
Sistema,0.6046,2022-02-18
Sistema,0.60248,2022-02-19
Sistema,0.60282,2022-02-20
Sistema,0.60252,2022-02-21
Sistema,0.60051,2022-02-22
Sistema,0.59695,2022-02-23
Sistema,0.59272,2022-02-24
Sistema,0.5899,2022-02-25
Sistema,0.5882,2022-02-26
Sistema,0.58911,2022-02-27
Sistema,0.59309,2022-02-28
Sistema,0.59618,2022-03-01
Sistema,0.59915,2022-03-02
Sistema,0.60033,2022-03-03
Sistema,0.59951,2022-03-04
Sistema,0.59908,2022-03-05
Sistema,0.60496,2022-03-06
Sistema,0.60716,2022-03-07
Sistema,0.60572,2022-03-08
Sistema,0.60221,2022-03-09
Sistema,0.59922,2022-03-10
Sistema,0.59626,2022-03-11
Sistema,0.59603,2022-03-12
Sistema,0.59477,2022-03-13
Sistema,0.59347,2022-03-14
Sistema,0.59215,2022-03-15
Sistema,0.59001,2022-03-16
Sistema,0.58787,2022-03-17
Sistema,0.58465,2022-03-18
Sistema,0.58174,2022-03-19
Sistema,0.58167,2022-03-20
Sistema,0.58094,2022-03-21
Sistema,0.57912,2022-03-22
Sistema,0.57636,2022-03-23
Sistema,0.5725,2022-03-24
Sistema,0.56854,2022-03-25
Sistema,0.56658,2022-03-26
Sistema,0.56869,2022-03-27
Sistema,0.56818,2022-03-28
Sistema,0.56956,2022-03-29
Sistema,0.57101,2022-03-30
Sistema,0.57381,2022-03-31
Sistema,0.57801,2022-04-01
Sistema,0.57929,2022-04-02
Sistema,0.57867,2022-04-03
Sistema,0.57903,2022-04-04
Sistema,0.57919,2022-04-05
Sistema,0.58002,2022-04-06
Sistema,0.58605,2022-04-07
Sistema,0.588,2022-04-08
Sistema,0.58933,2022-04-09
Sistema,0.59001,2022-04-10
Sistema,0.58825,2022-04-11
Sistema,0.5882,2022-04-12
Sistema,0.5871,2022-04-13
Sistema,0.58444,2022-04-14
Sistema,0.58271,2022-04-15
Sistema,0.58134,2022-04-16
Sistema,0.58177,2022-04-17
Sistema,0.58217,2022-04-18
Sistema,0.58617,2022-04-19
Sistema,0.59195,2022-04-20
Sistema,0.60077,2022-04-21
Sistema,0.60974,2022-04-22
Sistema,0.61612,2022-04-23
Sistema,0.61962,2022-04-24
Sistema,0.62702,2022-04-25
Sistema,0.62834,2022-04-26
Sistema,0.63261,2022-04-27
Sistema,0.63576,2022-04-28
Sistema,0.63993,2022-04-29
Sistema,0.63974,2022-04-30
Sistema,0.64005,2022-05-01
Sistema,0.64026,2022-05-02
Sistema,0.63771,2022-05-03
Sistema,0.63515,2022-05-04
Sistema,0.63765,2022-05-05
Sistema,0.63867,2022-05-06
Sistema,0.64886,2022-05-07
Sistema,0.65458,2022-05-08
Sistema,0.656,2022-05-09
Sistema,0.65665,2022-05-10
Sistema,0.65925,2022-05-11
Sistema,0.66072,2022-05-12
Sistema,0.66302,2022-05-13
Sistema,0.66866,2022-05-14
Sistema,0.67176,2022-05-15
Sistema,0.67589,2022-05-16
Sistema,0.67941,2022-05-17
Sistema,0.68657,2022-05-18
Sistema,0.69494,2022-05-19
Sistema,0.70074,2022-05-20
Sistema,0.7033,2022-05-21
Sistema,0.7036,2022-05-22
Sistema,0.70317,2022-05-23
Sistema,0.70256,2022-05-24
Sistema,0.70475,2022-05-25
Sistema,0.70568,2022-05-26
Sistema,0.70952,2022-05-27
Sistema,0.70903,2022-05-28
Sistema,0.71278,2022-05-29
Sistema,0.7177,2022-05-30
Sistema,0.71966,2022-05-31
Sistema,0.72133,2022-06-01
Sistema,0.72401,2022-06-02
Sistema,0.72465,2022-06-03
Sistema,0.7266,2022-06-04
Sistema,0.72987,2022-06-05
Sistema,0.73155,2022-06-06
Sistema,0.73628,2022-06-07
Sistema,0.73763,2022-06-08
Sistema,0.73879,2022-06-09
Sistema,0.73911,2022-06-10
Sistema,0.74722,2022-06-11
Sistema,0.75261,2022-06-12
Sistema,0.75495,2022-06-13
Sistema,0.75931,2022-06-14
Sistema,0.76498,2022-06-15
Sistema,0.76994,2022-06-16
Sistema,0.76993,2022-06-17
Sistema,0.77075,2022-06-18
Sistema,0.7761,2022-06-19
Sistema,0.778,2022-06-20
Sistema,0.77711,2022-06-21
Sistema,0.77793,2022-06-22
Sistema,0.77991,2022-06-23
Sistema,0.78155,2022-06-24
Sistema,0.78711,2022-06-25
Sistema,0.79711,2022-06-26
Sistema,0.80141,2022-06-27
Sistema,0.8089,2022-06-28
Sistema,0.81391,2022-06-29
Sistema,0.81448,2022-06-30
Sistema,0.81397,2022-07-01
Sistema,0.81616,2022-07-02
Sistema,0.81676,2022-07-03
Sistema,0.82448,2022-07-04
Sistema,0.82647,2022-07-05
Sistema,0.82855,2022-07-06
Sistema,0.82896,2022-07-07
Sistema,0.83384,2022-07-08
Sistema,0.83235,2022-07-09
Sistema,0.83239,2022-07-10
Sistema,0.83623,2022-07-11
Sistema,0.83595,2022-07-12
Sistema,0.83957,2022-07-13
Sistema,0.83964,2022-07-14
Sistema,0.83722,2022-07-15
Sistema,0.83467,2022-07-16
Sistema,0.83717,2022-07-17
Sistema,0.83944,2022-07-18
Sistema,0.83803,2022-07-19
Sistema,0.83965,2022-07-20
Sistema,0.83863,2022-07-21
Sistema,0.83926,2022-07-22
Sistema,0.84129,2022-07-23
Sistema,0.84316,2022-07-24
Sistema,0.84583,2022-07-25
Sistema,0.84826,2022-07-26
Sistema,0.85049,2022-07-27
Sistema,0.86125,2022-07-28
Sistema,0.86565,2022-07-29
Sistema,0.86527,2022-07-30
Sistema,0.86518,2022-07-31
Sistema,0.86966,2022-08-01
Sistema,0.87488,2022-08-02
Sistema,0.8725,2022-08-03
Sistema,0.87093,2022-08-04
Sistema,0.87382,2022-08-05
Sistema,0.88244,2022-08-06
Sistema,0.87885,2022-08-07
Sistema,0.87552,2022-08-08
Sistema,0.87427,2022-08-09
Sistema,0.87361,2022-08-10
Sistema,0.87269,2022-08-11
Sistema,0.87066,2022-08-12
Sistema,0.86974,2022-08-13
Sistema,0.87262,2022-08-14
Sistema,0.87564,2022-08-15
Sistema,0.87589,2022-08-16
Sistema,0.87242,2022-08-17
Sistema,0.86876,2022-08-18
Sistema,0.86593,2022-08-19
Sistema,0.86509,2022-08-20
Sistema,0.86477,2022-08-21
Sistema,0.86618,2022-08-22
Sistema,0.86332,2022-08-23
Sistema,0.85952,2022-08-24
Sistema,0.85592,2022-08-25
Sistema,0.85253,2022-08-26
Sistema,0.84982,2022-08-27
Sistema,0.85123,2022-08-28
Sistema,0.85434,2022-08-29
Sistema,0.85054,2022-08-30
Sistema,0.85094,2022-08-31
Sistema,0.85086,2022-09-01
Sistema,0.85065,2022-09-02
Sistema,0.85426,2022-09-03
Sistema,0.85473,2022-09-04
Sistema,0.8514,2022-09-05
Sistema,0.84979,2022-09-06
Sistema,0.84833,2022-09-07
Sistema,0.84702,2022-09-08
Sistema,0.84616,2022-09-09
Sistema,0.84452,2022-09-10
Sistema,0.84442,2022-09-11
Sistema,0.84416,2022-09-12
Sistema,0.8464,2022-09-13
Sistema,0.84727,2022-09-14
Sistema,0.84621,2022-09-15
Sistema,0.854,2022-09-16
Sistema,0.85272,2022-09-17
Sistema,0.85571,2022-09-18
Sistema,0.86162,2022-09-19
Sistema,0.8558,2022-09-20
Sistema,0.85358,2022-09-21
Sistema,0.85372,2022-09-22
Sistema,0.85384,2022-09-23
Sistema,0.85558,2022-09-24
Sistema,0.85701,2022-09-25
Sistema,0.85427,2022-09-26
Sistema,0.84933,2022-09-27
Sistema,0.84417,2022-09-28
Sistema,0.84088,2022-09-29
Sistema,0.81858,2022-09-30
Sistema,0.83269,2022-10-01
Sistema,0.83075,2022-10-02
Sistema,0.82655,2022-10-03
Sistema,0.8238,2022-10-04
Sistema,0.82264,2022-10-05
Sistema,0.822,2022-10-06
Sistema,0.82299,2022-10-07
Sistema,0.82744,2022-10-08
Sistema,0.82881,2022-10-09
Sistema,0.82799,2022-10-10
Sistema,0.82552,2022-10-11
Sistema,0.82124,2022-10-12
Sistema,0.81776,2022-10-13
Sistema,0.81493,2022-10-14
Sistema,0.8131,2022-10-15
Sistema,0.81528,2022-10-16
Sistema,0.81765,2022-10-17
Sistema,0.82075,2022-10-18
Sistema,0.82466,2022-10-19
Sistema,0.83143,2022-10-20
Sistema,0.8327,2022-10-21
Sistema,0.83634,2022-10-22
Sistema,0.84147,2022-10-23
Sistema,0.84398,2022-10-24
Sistema,0.84551,2022-10-25
Sistema,0.84709,2022-10-26
Sistema,0.85019,2022-10-27
Sistema,0.85741,2022-10-28
Sistema,0.86178,2022-10-29
Sistema,0.86044,2022-10-30
Sistema,0.85672,2022-10-31
Sistema,0.85262,2022-11-01
Sistema,0.8531,2022-11-02
Sistema,0.85399,2022-11-03
Sistema,0.85377,2022-11-04
Sistema,0.85406,2022-11-05
Sistema,0.85629,2022-11-06
Sistema,0.85758,2022-11-07
Sistema,0.86172,2022-11-08
Sistema,0.86639,2022-11-09
Sistema,0.87125,2022-11-10
Sistema,0.87128,2022-11-11
Sistema,0.87359,2022-11-12
Sistema,0.87714,2022-11-13
Sistema,0.87797,2022-11-14
Sistema,0.87641,2022-11-15
Sistema,0.87371,2022-11-16
Sistema,0.87004,2022-11-17
Sistema,0.86917,2022-11-18
Sistema,0.86672,2022-11-19
Sistema,0.8655,2022-11-20
Sistema,0.863,2022-11-21
Sistema,0.86291,2022-11-22
Sistema,0.86271,2022-11-23
Sistema,0.86266,2022-11-24
Sistema,0.8612,2022-11-25
Sistema,0.86155,2022-11-26
Sistema,0.86314,2022-11-27
Sistema,0.86598,2022-11-28
Sistema,0.8699,2022-11-29
Sistema,0.87142,2022-11-30
Sistema,0.85935,2022-12-01
Sistema,0.85638,2022-12-02
Sistema,0.85504,2022-12-03
Sistema,0.85493,2022-12-04
Sistema,0.85365,2022-12-05
Sistema,0.85233,2022-12-06
Sistema,0.85142,2022-12-07
Sistema,0.85207,2022-12-08
Sistema,0.85002,2022-12-09
Sistema,0.84769,2022-12-10
Sistema,0.84694,2022-12-11
Sistema,0.84591,2022-12-12
Sistema,0.84333,2022-12-13
Sistema,0.84034,2022-12-14
Sistema,0.83742,2022-12-15
Sistema,0.83406,2022-12-16
Sistema,0.8315,2022-12-17
Sistema,0.82981,2022-12-18
Sistema,0.8267,2022-12-19
Sistema,0.8227,2022-12-20
Sistema,0.81934,2022-12-21
Sistema,0.81493,2022-12-22
Sistema,0.81028,2022-12-23
Sistema,0.80741,2022-12-24
Sistema,0.80638,2022-12-25
Sistema,0.80379,2022-12-26
Sistema,0.80159,2022-12-27
Sistema,0.79858,2022-12-28
Sistema,0.79464,2022-12-29
Sistema,0.79153,2022-12-30
Sistema,0.79041,2022-12-31
Sistema,0.79006,2023-01-01
Sistema,0.78828,2023-01-02
Sistema,0.78659,2023-01-03
Sistema,0.78374,2023-01-04
Sistema,0.78072,2023-01-05
Sistema,0.77881,2023-01-06
Sistema,0.77964,2023-01-07
Sistema,0.78111,2023-01-08
Sistema,0.78089,2023-01-09
Sistema,0.78219,2023-01-10
Sistema,0.78435,2023-01-11
Sistema,0.78622,2023-01-12
Sistema,0.78584,2023-01-13
Sistema,0.78524,2023-01-14
Sistema,0.78445,2023-01-15
Sistema,0.78174,2023-01-16
Sistema,0.77822,2023-01-17
Sistema,0.77655,2023-01-18
Sistema,0.77353,2023-01-19
Sistema,0.76984,2023-01-20
Sistema,0.7661,2023-01-21
Sistema,0.76336,2023-01-22
Sistema,0.75825,2023-01-23
Sistema,0.75267,2023-01-24
Sistema,0.74667,2023-01-25
Sistema,0.74054,2023-01-26
Sistema,0.73491,2023-01-27
Sistema,0.72908,2023-01-28
Sistema,0.72496,2023-01-29
Sistema,0.71919,2023-01-30
Sistema,0.71332,2023-01-31
Sistema,0.70823,2023-02-01
Sistema,0.70392,2023-02-02
Sistema,0.69962,2023-02-03
Sistema,0.6964,2023-02-04
Sistema,0.6932,2023-02-05
Sistema,0.68746,2023-02-06
Sistema,0.68275,2023-02-07
Sistema,0.67815,2023-02-08
Sistema,0.67324,2023-02-09
Sistema,0.66761,2023-02-10
Sistema,0.6634,2023-02-11
Sistema,0.65988,2023-02-12
Sistema,0.65712,2023-02-13
Sistema,0.65264,2023-02-14
Sistema,0.65191,2023-02-15
Sistema,0.64836,2023-02-16
Sistema,0.64432,2023-02-17
Sistema,0.64032,2023-02-18
Sistema,0.63837,2023-02-19
Sistema,0.63547,2023-02-20
Sistema,0.6321,2023-02-21
Sistema,0.6275,2023-02-22
Sistema,0.62236,2023-02-23
Sistema,0.61662,2023-02-24
Sistema,0.61104,2023-02-25
Sistema,0.606,2023-02-26
Sistema,0.59999,2023-02-27
Sistema,0.59494,2023-02-28
Sistema,0.58958,2023-03-01
Sistema,0.58399,2023-03-02
Sistema,0.57863,2023-03-03
Sistema,0.57689,2023-03-04
Sistema,0.57971,2023-03-05
Sistema,0.57939,2023-03-06
Sistema,0.57762,2023-03-07
Sistema,0.57853,2023-03-08
Sistema,0.58314,2023-03-09
Sistema,0.58247,2023-03-10
Sistema,0.59274,2023-03-11
Sistema,0.6011,2023-03-12
Sistema,0.60828,2023-03-13
Sistema,0.61032,2023-03-14
Sistema,0.612,2023-03-15
Sistema,0.61352,2023-03-16
Sistema,0.6152,2023-03-17
Sistema,0.61656,2023-03-18
Sistema,0.61761,2023-03-19
Sistema,0.61696,2023-03-20
Sistema,0.61412,2023-03-21
Sistema,0.61051,2023-03-22
Sistema,0.60858,2023-03-23
Sistema,0.60759,2023-03-24
Sistema,0.60776,2023-03-25
Sistema,0.60825,2023-03-26
Sistema,0.60716,2023-03-27
Sistema,0.60556,2023-03-28
Sistema,0.60314,2023-03-29
Sistema,0.60029,2023-03-30
Sistema,0.59881,2023-03-31
Sistema,0.59709,2023-04-01
Sistema,0.60065,2023-04-02
Sistema,0.59984,2023-04-03
Sistema,0.59756,2023-04-04
Sistema,0.59468,2023-04-05
Sistema,0.59548,2023-04-06
Sistema,0.59766,2023-04-07
Sistema,0.5988,2023-04-08
Sistema,0.59811,2023-04-09
Sistema,0.59527,2023-04-10
Sistema,0.59334,2023-04-11
Sistema,0.59124,2023-04-12
Sistema,0.5883,2023-04-13
Sistema,0.58428,2023-04-14
Sistema,0.58082,2023-04-15
Sistema,0.58255,2023-04-16
Sistema,0.58723,2023-04-17
Sistema,0.59146,2023-04-18
Sistema,0.59038,2023-04-19
Sistema,0.58955,2023-04-20
Sistema,0.58977,2023-04-21
Sistema,0.5916,2023-04-22
Sistema,0.59457,2023-04-23
Sistema,0.59687,2023-04-24
Sistema,0.59805,2023-04-25
Sistema,0.60151,2023-04-26
Sistema,0.60255,2023-04-27
Sistema,0.61016,2023-04-28
Sistema,0.614,2023-04-29
Sistema,0.62109,2023-04-30
Sistema,0.62239,2023-05-01
Sistema,0.62047,2023-05-02
Sistema,0.61669,2023-05-03
Sistema,0.61308,2023-05-04
Sistema,0.60838,2023-05-05
Sistema,0.60419,2023-05-06
Sistema,0.60152,2023-05-07
Sistema,0.59753,2023-05-08
Sistema,0.59348,2023-05-09
Sistema,0.591,2023-05-10
Sistema,0.58909,2023-05-11
Sistema,0.58674,2023-05-12
Sistema,0.58463,2023-05-13
Sistema,0.58454,2023-05-14
Sistema,0.58386,2023-05-15
Sistema,0.58246,2023-05-16
Sistema,0.58495,2023-05-17
Sistema,0.58266,2023-05-18
Sistema,0.58151,2023-05-19
Sistema,0.58322,2023-05-20
Sistema,0.58585,2023-05-21
Sistema,0.58982,2023-05-22
Sistema,0.59764,2023-05-23
Sistema,0.60282,2023-05-24
Sistema,0.61141,2023-05-25
Sistema,0.62182,2023-05-26
Sistema,0.62812,2023-05-27
Sistema,0.63778,2023-05-28
Sistema,0.64488,2023-05-29
Sistema,0.6517,2023-05-30
Sistema,0.65426,2023-05-31
Sistema,0.6653,2023-06-01
Sistema,0.66877,2023-06-02
Sistema,0.66853,2023-06-03
Sistema,0.66916,2023-06-04
Sistema,0.6751,2023-06-05
Sistema,0.68089,2023-06-06
Sistema,0.68223,2023-06-07
Sistema,0.68882,2023-06-08
Sistema,0.69244,2023-06-09
Sistema,0.69436,2023-06-10
Sistema,0.70027,2023-06-11
Sistema,0.70074,2023-06-12
Sistema,0.69867,2023-06-13
Sistema,0.69765,2023-06-14
Sistema,0.69868,2023-06-15
Sistema,0.70097,2023-06-16
Sistema,0.70382,2023-06-17
Sistema,0.70723,2023-06-18
Sistema,0.70803,2023-06-19
Sistema,0.70642,2023-06-20
Sistema,0.70491,2023-06-21
Sistema,0.70471,2023-06-22
Sistema,0.70594,2023-06-23
Sistema,0.70991,2023-06-24
Sistema,0.71589,2023-06-25
Sistema,0.72383,2023-06-26
Sistema,0.72493,2023-06-27
Sistema,0.72473,2023-06-28
Sistema,0.72442,2023-06-29
Sistema,0.72427,2023-06-30
Sistema,0.72388,2023-07-01
Sistema,0.72973,2023-07-02
Sistema,0.73287,2023-07-03
Sistema,0.73521,2023-07-04
Sistema,0.73625,2023-07-05
Sistema,0.73932,2023-07-06
Sistema,0.74417,2023-07-07
Sistema,0.74796,2023-07-08
Sistema,0.7507,2023-07-09
Sistema,0.75488,2023-07-10
Sistema,0.75553,2023-07-11
Sistema,0.7557,2023-07-12
Sistema,0.75603,2023-07-13
Sistema,0.76357,2023-07-14
Sistema,0.76731,2023-07-15
Sistema,0.77528,2023-07-16
Sistema,0.78771,2023-07-17
Sistema,0.79569,2023-07-18
Sistema,0.80206,2023-07-19
Sistema,0.8042,2023-07-20
Sistema,0.80783,2023-07-21
Sistema,0.81042,2023-07-22
Sistema,0.8111,2023-07-23
Sistema,0.81281,2023-07-24
Sistema,0.81231,2023-07-25
Sistema,0.81236,2023-07-26
Sistema,0.81266,2023-07-27
Sistema,0.81244,2023-07-28
Sistema,0.81159,2023-07-29
Sistema,0.81244,2023-07-30
Sistema,0.81231,2023-07-31
Sistema,0.81429,2023-08-01
Sistema,0.81548,2023-08-02
Sistema,0.81513,2023-08-03
Sistema,0.81329,2023-08-04
Sistema,0.8146,2023-08-05
Sistema,0.81446,2023-08-06
Sistema,0.81545,2023-08-07
Sistema,0.81398,2023-08-08
Sistema,0.81437,2023-08-09
Sistema,0.81273,2023-08-10
Sistema,0.81247,2023-08-11
Sistema,0.8133,2023-08-12
Sistema,0.81578,2023-08-13
Sistema,0.81534,2023-08-14
Sistema,0.81753,2023-08-15
Sistema,0.818,2023-08-16
Sistema,0.81746,2023-08-17
Sistema,0.81843,2023-08-18
Sistema,0.81667,2023-08-19
Sistema,0.81872,2023-08-20
Sistema,0.82186,2023-08-21
Sistema,0.83286,2023-08-22
Sistema,0.83312,2023-08-23
Sistema,0.83112,2023-08-24
Sistema,0.82983,2023-08-25
Sistema,0.82787,2023-08-26
Sistema,0.82513,2023-08-27
Sistema,0.82051,2023-08-28
Sistema,0.81692,2023-08-29
Sistema,0.81182,2023-08-30
Sistema,0.8076,2023-08-31
Sistema,0.80331,2023-09-01
Sistema,0.8007,2023-09-02
Sistema,0.80032,2023-09-03
Sistema,0.79962,2023-09-04
Sistema,0.79653,2023-09-05
Sistema,0.79276,2023-09-06
Sistema,0.78824,2023-09-07
Sistema,0.7836,2023-09-08
Sistema,0.781,2023-09-09
Sistema,0.78254,2023-09-10
Sistema,0.78801,2023-09-11
Sistema,0.78972,2023-09-12
Sistema,0.78051,2023-09-13
Sistema,0.78011,2023-09-14
Sistema,0.77832,2023-09-15
Sistema,0.77605,2023-09-16
Sistema,0.77738,2023-09-17
Sistema,0.77469,2023-09-18
Sistema,0.77092,2023-09-19
Sistema,0.76775,2023-09-20
Sistema,0.7641,2023-09-21
Sistema,0.75984,2023-09-22
Sistema,0.75747,2023-09-23
Sistema,0.75804,2023-09-24
Sistema,0.75426,2023-09-25
Sistema,0.75142,2023-09-26
Sistema,0.74712,2023-09-27
Sistema,0.74359,2023-09-28
Sistema,0.74045,2023-09-29
Sistema,0.73683,2023-09-30
Sistema,0.73795,2023-10-01
Sistema,0.73566,2023-10-02
Sistema,0.73295,2023-10-03
Sistema,0.73224,2023-10-04
Sistema,0.73055,2023-10-05
Sistema,0.72941,2023-10-06
Sistema,0.73071,2023-10-07
Sistema,0.73412,2023-10-08
Sistema,0.73234,2023-10-09
Sistema,0.73189,2023-10-10
Sistema,0.73092,2023-10-11
Sistema,0.72831,2023-10-12
Sistema,0.72547,2023-10-13
Sistema,0.72523,2023-10-14
Sistema,0.72499,2023-10-15
Sistema,0.72428,2023-10-16
Sistema,0.72278,2023-10-17
Sistema,0.72024,2023-10-18
Sistema,0.71723,2023-10-19
Sistema,0.71388,2023-10-20
Sistema,0.71212,2023-10-21
Sistema,0.7115,2023-10-22
Sistema,0.71135,2023-10-23
Sistema,0.71399,2023-10-24
Sistema,0.7144,2023-10-25
Sistema,0.71766,2023-10-26
Sistema,0.72027,2023-10-27
Sistema,0.7206,2023-10-28
Sistema,0.7228,2023-10-29
Sistema,0.72472,2023-10-30
Sistema,0.72793,2023-10-31
Sistema,0.72813,2023-11-01
Sistema,0.7353,2023-11-02
Sistema,0.74059,2023-11-03
Sistema,0.74609,2023-11-04
Sistema,0.74813,2023-11-05
Sistema,0.75022,2023-11-06
Sistema,0.75165,2023-11-07
Sistema,0.74971,2023-11-08
Sistema,0.74771,2023-11-09
Sistema,0.74809,2023-11-10
Sistema,0.74816,2023-11-11
Sistema,0.75132,2023-11-12
Sistema,0.7512,2023-11-13
Sistema,0.75131,2023-11-14
Sistema,0.75574,2023-11-15
Sistema,0.75488,2023-11-16
Sistema,0.75532,2023-11-17
Sistema,0.75996,2023-11-18
Sistema,0.76424,2023-11-19
Sistema,0.76674,2023-11-20
Sistema,0.76678,2023-11-21
Sistema,0.76516,2023-11-22
Sistema,0.76203,2023-11-23
Sistema,0.76014,2023-11-24
Sistema,0.75995,2023-11-25
Sistema,0.75867,2023-11-26
Sistema,0.75575,2023-11-27
Sistema,0.7528,2023-11-28
Sistema,0.7503,2023-11-29
Sistema,0.74812,2023-11-30
Sistema,0.74533,2023-12-01
Sistema,0.74343,2023-12-02
Sistema,0.74246,2023-12-03
Sistema,0.73917,2023-12-04
Sistema,0.73594,2023-12-05
Sistema,0.73281,2023-12-06
Sistema,0.73047,2023-12-07
Sistema,0.72964,2023-12-08
Sistema,0.72778,2023-12-09
Sistema,0.72799,2023-12-10
Sistema,0.72924,2023-12-11
Sistema,0.72365,2023-12-12
Sistema,0.72026,2023-12-13
Sistema,0.71696,2023-12-14
Sistema,0.71465,2023-12-15
Sistema,0.71519,2023-12-16
Sistema,0.71875,2023-12-17
Sistema,0.71785,2023-12-18
Sistema,0.71609,2023-12-19
Sistema,0.71362,2023-12-20
Sistema,0.71149,2023-12-21
Sistema,0.70789,2023-12-22
Sistema,0.70609,2023-12-23
Sistema,0.70522,2023-12-24
Sistema,0.70538,2023-12-25
Sistema,0.70455,2023-12-26
Sistema,0.70373,2023-12-27
Sistema,0.705,2023-12-28
Sistema,0.70585,2023-12-29
Sistema,0.70402,2023-12-30
Sistema,0.70199,2023-12-31
Sistema,0.70058,2024-01-01
Sistema,0.69708,2024-01-02
Sistema,0.69339,2024-01-03
Sistema,0.68929,2024-01-04
Sistema,0.68471,2024-01-05
Sistema,0.68132,2024-01-06
Sistema,0.67808,2024-01-07
Sistema,0.67446,2024-01-08
Sistema,0.66992,2024-01-09
Sistema,0.66576,2024-01-10
Sistema,0.66071,2024-01-11
Sistema,0.65657,2024-01-12
Sistema,0.65372,2024-01-13
Sistema,0.65184,2024-01-14
Sistema,0.64775,2024-01-15
Sistema,0.64305,2024-01-16
Sistema,0.63738,2024-01-17
Sistema,0.63121,2024-01-18
Sistema,0.6249,2024-01-19
Sistema,0.62008,2024-01-20
Sistema,0.61597,2024-01-21
Sistema,0.61118,2024-01-22
Sistema,0.60603,2024-01-23
Sistema,0.60074,2024-01-24
Sistema,0.5955,2024-01-25
Sistema,0.58937,2024-01-26
Sistema,0.58342,2024-01-27
Sistema,0.57805,2024-01-28
Sistema,0.57099,2024-01-29
Sistema,0.56437,2024-01-30
Sistema,0.55791,2024-01-31
Sistema,0.55325,2024-02-01
Sistema,0.54998,2024-02-02
Sistema,0.5495,2024-02-03
Sistema,0.54968,2024-02-04
Sistema,0.54765,2024-02-05
Sistema,0.54462,2024-02-06
Sistema,0.54122,2024-02-07
Sistema,0.53693,2024-02-08
Sistema,0.53191,2024-02-09
Sistema,0.52827,2024-02-10
Sistema,0.52448,2024-02-11
Sistema,0.51895,2024-02-12
Sistema,0.51331,2024-02-13
Sistema,0.50796,2024-02-14
Sistema,0.50316,2024-02-15
Sistema,0.49839,2024-02-16
Sistema,0.49349,2024-02-17
Sistema,0.48999,2024-02-18
Sistema,0.48382,2024-02-19
Sistema,0.47784,2024-02-20
Sistema,0.47275,2024-02-21
Sistema,0.46901,2024-02-22
Sistema,0.4644,2024-02-23
Sistema,0.46044,2024-02-24
Sistema,0.45793,2024-02-25
Sistema,0.45316,2024-02-26
Sistema,0.44846,2024-02-27
Sistema,0.44321,2024-02-28
Sistema,0.43805,2024-02-29
Sistema,0.43289,2024-03-01
Sistema,0.42768,2024-03-02
Sistema,0.42403,2024-03-03
Sistema,0.41862,2024-03-04
Sistema,0.41361,2024-03-05
Sistema,0.40883,2024-03-06
Sistema,0.40391,2024-03-07
Sistema,0.39901,2024-03-08
Sistema,0.39572,2024-03-09
Sistema,0.39286,2024-03-10
Sistema,0.39001,2024-03-11
Sistema,0.386,2024-03-12
Sistema,0.38035,2024-03-13
Sistema,0.37661,2024-03-14
Sistema,0.37107,2024-03-15
Sistema,0.36611,2024-03-16
Sistema,0.36286,2024-03-17
Sistema,0.35742,2024-03-18
Sistema,0.35331,2024-03-19
Sistema,0.34834,2024-03-20
Sistema,0.34437,2024-03-21
Sistema,0.33993,2024-03-22
Sistema,0.33544,2024-03-23
Sistema,0.33158,2024-03-24
Sistema,0.32838,2024-03-25
Sistema,0.32453,2024-03-26
Sistema,0.32174,2024-03-27
Sistema,0.32005,2024-03-28
Sistema,0.31858,2024-03-29
Sistema,0.31614,2024-03-30
Sistema,0.31508,2024-03-31
Sistema,0.31387,2024-04-01
Sistema,0.31452,2024-04-02
Sistema,0.31418,2024-04-03
Sistema,0.31649,2024-04-04
Sistema,0.31705,2024-04-05
Sistema,0.31722,2024-04-06
Sistema,0.31631,2024-04-07
Sistema,0.3148,2024-04-08
Sistema,0.31273,2024-04-09
Sistema,0.31019,2024-04-10
Sistema,0.3064,2024-04-11
Sistema,0.30243,2024-04-12
Sistema,0.29973,2024-04-13
Sistema,0.29794,2024-04-14
Sistema,0.29467,2024-04-15
Sistema,0.29087,2024-04-16
Sistema,0.28736,2024-04-17
Sistema,0.28564,2024-04-18
Sistema,0.2865,2024-04-19
Sistema,0.28877,2024-04-20
Sistema,0.29401,2024-04-21
Sistema,0.30024,2024-04-22
Sistema,0.30366,2024-04-23
Sistema,0.30485,2024-04-24
Sistema,0.30763,2024-04-25
Sistema,0.31101,2024-04-26
Sistema,0.31418,2024-04-27
Sistema,0.32017,2024-04-28
Sistema,0.32677,2024-04-29
Sistema,0.32911,2024-04-30
Sistema,0.32998,2024-05-01
Sistema,0.33031,2024-05-02
Sistema,0.32946,2024-05-03
Sistema,0.33681,2024-05-04
Sistema,0.34419,2024-05-05
Sistema,0.34544,2024-05-06
Sistema,0.34512,2024-05-07
Sistema,0.34906,2024-05-08
Sistema,0.36045,2024-05-09
Sistema,0.36847,2024-05-10
Sistema,0.37151,2024-05-11
Sistema,0.37505,2024-05-12
Sistema,0.3813,2024-05-13
Sistema,0.38222,2024-05-14
Sistema,0.38946,2024-05-15
Sistema,0.39402,2024-05-16
Sistema,0.39462,2024-05-17
Sistema,0.39515,2024-05-18
Sistema,0.39673,2024-05-19
Sistema,0.39572,2024-05-20
Sistema,0.39571,2024-05-21
Sistema,0.39571,2024-05-22
Sistema,0.39616,2024-05-23
Sistema,0.39834,2024-05-24
Sistema,0.40102,2024-05-25
Sistema,0.40399,2024-05-26
Sistema,0.40233,2024-05-27
Sistema,0.40768,2024-05-28
Sistema,0.42196,2024-05-29
Sistema,0.42926,2024-05-30
Sistema,0.43694,2024-05-31
Sistema,0.44024,2024-06-01
Sistema,0.44164,2024-06-02
Sistema,0.44493,2024-06-03
Sistema,0.4605,2024-06-04
Sistema,0.46726,2024-06-05
Sistema,0.47022,2024-06-06
Sistema,0.47179,2024-06-07
Sistema,0.47406,2024-06-08
Sistema,0.4797,2024-06-09
Sistema,0.48613,2024-06-10
Sistema,0.49116,2024-06-11
Sistema,0.49283,2024-06-12
Sistema,0.49311,2024-06-13
Sistema,0.49693,2024-06-14
Sistema,0.50788,2024-06-15
Sistema,0.52802,2024-06-16
Sistema,0.53289,2024-06-17
Sistema,0.53485,2024-06-18
Sistema,0.53823,2024-06-19
Sistema,0.54293,2024-06-20
Sistema,0.54597,2024-06-21
Sistema,0.54988,2024-06-22
Sistema,0.55522,2024-06-23
Sistema,0.55592,2024-06-24
Sistema,0.55951,2024-06-25
Sistema,0.56811,2024-06-26
Sistema,0.57418,2024-06-27
Sistema,0.5774,2024-06-28
Sistema,0.57827,2024-06-29
Sistema,0.57943,2024-06-30
Sistema,0.58004,2024-07-01
Sistema,0.58176,2024-07-02
Sistema,0.58524,2024-07-03
Sistema,0.58878,2024-07-04
Sistema,0.59624,2024-07-05
Sistema,0.59927,2024-07-06
Sistema,0.60061,2024-07-07
Sistema,0.59868,2024-07-08
Sistema,0.59825,2024-07-09
Sistema,0.5961,2024-07-10
Sistema,0.59429,2024-07-11
Sistema,0.59384,2024-07-12
Sistema,0.59498,2024-07-13
Sistema,0.596,2024-07-14
Sistema,0.59601,2024-07-15
Sistema,0.59591,2024-07-16
Sistema,0.59462,2024-07-17
Sistema,0.59328,2024-07-18
Sistema,0.59187,2024-07-19
Sistema,0.59052,2024-07-20
Sistema,0.59278,2024-07-21
Sistema,0.5936,2024-07-22
Sistema,0.59316,2024-07-23
Sistema,0.59233,2024-07-24
Sistema,0.59118,2024-07-25
Sistema,0.58918,2024-07-26
Sistema,0.5906,2024-07-27
Sistema,0.596,2024-07-28
Sistema,0.5953,2024-07-29
Sistema,0.59469,2024-07-30
Sistema,0.59326,2024-07-31
Sistema,0.5901,2024-08-01
Sistema,0.58728,2024-08-02
Sistema,0.58494,2024-08-03
Sistema,0.58493,2024-08-04
Sistema,0.58487,2024-08-05
Sistema,0.58562,2024-08-06
Sistema,0.58563,2024-08-07
Sistema,0.58198,2024-08-08
Sistema,0.58092,2024-08-09
Sistema,0.58075,2024-08-10
Sistema,0.5822,2024-08-11
Sistema,0.58177,2024-08-12
Sistema,0.58303,2024-08-13
Sistema,0.58103,2024-08-14
Sistema,0.57718,2024-08-15
Sistema,0.57585,2024-08-16
Sistema,0.57437,2024-08-17
Sistema,0.57283,2024-08-18
Sistema,0.57126,2024-08-19
Sistema,0.56801,2024-08-20
Sistema,0.56487,2024-08-21
Sistema,0.56322,2024-08-22
Sistema,0.56424,2024-08-23
Sistema,0.56493,2024-08-24
Sistema,0.56688,2024-08-25
Sistema,0.56467,2024-08-26
Sistema,0.56097,2024-08-27
Sistema,0.55725,2024-08-28
Sistema,0.55386,2024-08-29
Sistema,0.54948,2024-08-30
Sistema,0.54517,2024-08-31
Sistema,0.54532,2024-09-01
Sistema,0.54414,2024-09-02
Sistema,0.54216,2024-09-03
Sistema,0.54019,2024-09-04
Sistema,0.5428,2024-09-05
Sistema,0.53919,2024-09-06
Sistema,0.53804,2024-09-07
Sistema,0.53534,2024-09-08
Sistema,0.53069,2024-09-09
Sistema,0.52706,2024-09-10
Sistema,0.52207,2024-09-11
Sistema,0.51853,2024-09-12
Sistema,0.51693,2024-09-13
Sistema,0.51399,2024-09-14
Sistema,0.51207,2024-09-15
Sistema,0.50933,2024-09-16
Sistema,0.50956,2024-09-17
Sistema,0.5063,2024-09-18
Sistema,0.50185,2024-09-19
Sistema,0.49822,2024-09-20
Sistema,0.49733,2024-09-21
Sistema,0.49965,2024-09-22
Sistema,0.5018,2024-09-23
Sistema,0.49909,2024-09-24
Sistema,0.49726,2024-09-25
Sistema,0.49665,2024-09-26
Sistema,0.495,2024-09-27
Sistema,0.49437,2024-09-28
Sistema,0.49922,2024-09-29
Sistema,0.50191,2024-09-30
Sistema,0.50353,2024-10-01
Sistema,0.50509,2024-10-02
Sistema,0.50607,2024-10-03
Sistema,0.50638,2024-10-04
Sistema,0.50822,2024-10-05
Sistema,0.50969,2024-10-06
Sistema,0.51186,2024-10-07
Sistema,0.51527,2024-10-08
Sistema,0.51982,2024-10-09
Sistema,0.52648,2024-10-10
Sistema,0.52789,2024-10-11
Sistema,0.52774,2024-10-12
Sistema,0.53113,2024-10-13
Sistema,0.53168,2024-10-14
Sistema,0.53144,2024-10-15
Sistema,0.53158,2024-10-16
Sistema,0.53212,2024-10-17
Sistema,0.53157,2024-10-18
Sistema,0.53379,2024-10-19
Sistema,0.53641,2024-10-20
Sistema,0.53719,2024-10-21
Sistema,0.54017,2024-10-22
Sistema,0.54286,2024-10-23
Sistema,0.54644,2024-10-24
Sistema,0.5479,2024-10-25
Sistema,0.54857,2024-10-26
Sistema,0.55094,2024-10-27
Sistema,0.55201,2024-10-28
Sistema,0.55195,2024-10-29
Sistema,0.55235,2024-10-30
Sistema,0.55293,2024-10-31
Sistema,0.55342,2024-11-01
Sistema,0.56087,2024-11-02
Sistema,0.56283,2024-11-03
Sistema,0.56767,2024-11-04
Sistema,0.5701,2024-11-05
Sistema,0.5723,2024-11-06
Sistema,0.57599,2024-11-07
Sistema,0.58166,2024-11-08
Sistema,0.5894,2024-11-09
Sistema,0.60395,2024-11-10
Sistema,0.61406,2024-11-11
Sistema,0.62013,2024-11-12
Sistema,0.62712,2024-11-13
Sistema,0.63529,2024-11-14
Sistema,0.64088,2024-11-15
Sistema,0.64375,2024-11-16
Sistema,0.64664,2024-11-17
Sistema,0.64805,2024-11-18
Sistema,0.6511,2024-11-19
Sistema,0.65206,2024-11-20
Sistema,0.65793,2024-11-21
Sistema,0.66261,2024-11-22
Sistema,0.66664,2024-11-23
Sistema,0.66895,2024-11-24
Sistema,0.66781,2024-11-25
Sistema,0.66767,2024-11-26
Sistema,0.66953,2024-11-27
Sistema,0.67145,2024-11-28
Sistema,0.67145,2024-11-29
Sistema,0.67024,2024-11-30
Sistema,0.66931,2024-12-01
Sistema,0.66869,2024-12-02
Sistema,0.66735,2024-12-03
Sistema,0.6655,2024-12-04
Sistema,0.66443,2024-12-05
Sistema,0.66303,2024-12-06
Sistema,0.66192,2024-12-07
Sistema,0.66139,2024-12-08
Sistema,0.66004,2024-12-09
Sistema,0.65804,2024-12-10
Sistema,0.65652,2024-12-11
Sistema,0.65533,2024-12-12
Sistema,0.6548,2024-12-13
Sistema,0.65458,2024-12-14
Sistema,0.65712,2024-12-15
Sistema,0.65834,2024-12-16
Sistema,0.6586,2024-12-17
Sistema,0.65758,2024-12-18
Sistema,0.65669,2024-12-19
Sistema,0.65609,2024-12-20
Sistema,0.65864,2024-12-21
Sistema,0.66254,2024-12-22
Sistema,0.66715,2024-12-23
Sistema,0.66859,2024-12-24
Sistema,0.66927,2024-12-25
Sistema,0.67029,2024-12-26
Sistema,0.67205,2024-12-27
Sistema,0.67312,2024-12-28
Sistema,0.67588,2024-12-29
Sistema,0.67833,2024-12-30
Sistema,0.68023,2024-12-31
Sistema,0.68223,2025-01-01
Sistema,0.68338,2025-01-02
Sistema,0.68582,2025-01-03
Sistema,0.68942,2025-01-04
Sistema,0.69374,2025-01-05
Sistema,0.69529,2025-01-06
Sistema,0.6947,2025-01-07
Sistema,0.69275,2025-01-08
Sistema,0.69005,2025-01-09
Sistema,0.68661,2025-01-10
Sistema,0.68388,2025-01-11
Sistema,0.68179,2025-01-12
Sistema,0.67738,2025-01-13
Sistema,0.67315,2025-01-14
Sistema,0.66851,2025-01-15
Sistema,0.66324,2025-01-16
Sistema,0.65856,2025-01-17
Sistema,0.65501,2025-01-18
Sistema,0.65221,2025-01-19
Sistema,0.64694,2025-01-20
Sistema,0.64182,2025-01-21
Sistema,0.63642,2025-01-22
Sistema,0.6315,2025-01-23
Sistema,0.62583,2025-01-24
Sistema,0.62094,2025-01-25
Sistema,0.61895,2025-01-26
Sistema,0.61633,2025-01-27
Sistema,0.61296,2025-01-28
Sistema,0.6099,2025-01-29
Sistema,0.60776,2025-01-30
Sistema,0.60387,2025-01-31
Sistema,0.60039,2025-02-01
Sistema,0.59705,2025-02-02
Sistema,0.59272,2025-02-03
Sistema,0.58924,2025-02-04
Sistema,0.58513,2025-02-05
Sistema,0.58069,2025-02-06
Sistema,0.57674,2025-02-07
Sistema,0.57389,2025-02-08
Sistema,0.57478,2025-02-09
Sistema,0.5723,2025-02-10
Sistema,0.56909,2025-02-11
Sistema,0.56606,2025-02-12
Sistema,0.56329,2025-02-13
Sistema,0.56227,2025-02-14
Sistema,0.56228,2025-02-15
Sistema,0.56353,2025-02-16
Sistema,0.56435,2025-02-17
Sistema,0.56438,2025-02-18
Sistema,0.56199,2025-02-19
Sistema,0.55907,2025-02-20
Sistema,0.55628,2025-02-21
Sistema,0.55653,2025-02-22
Sistema,0.55792,2025-02-23
Sistema,0.55534,2025-02-24
Sistema,0.55512,2025-02-25
Sistema,0.55227,2025-02-26
Sistema,0.54973,2025-02-27
Sistema,0.54715,2025-02-28
Sistema,0.54495,2025-03-01
Sistema,0.54265,2025-03-02
Sistema,0.53959,2025-03-03
Sistema,0.5388,2025-03-04
Sistema,0.53726,2025-03-05
Sistema,0.53592,2025-03-06
Sistema,0.53436,2025-03-07
Sistema,0.53233,2025-03-08
Sistema,0.52983,2025-03-09
Sistema,0.52503,2025-03-10
Sistema,0.52082,2025-03-11
Sistema,0.51914,2025-03-12
Sistema,0.51639,2025-03-13
Sistema,0.51333,2025-03-14
Sistema,0.50994,2025-03-15
Sistema,0.50978,2025-03-16
Sistema,0.5119,2025-03-17
Sistema,0.51447,2025-03-18
Sistema,0.51256,2025-03-19
Sistema,0.51079,2025-03-20
Sistema,0.51088,2025-03-21
Sistema,0.51031,2025-03-22
Sistema,0.50863,2025-03-23
Sistema,0.50611,2025-03-24
Sistema,0.50174,2025-03-25
Sistema,0.49703,2025-03-26
Sistema,0.49334,2025-03-27
Sistema,0.49112,2025-03-28
Sistema,0.4906,2025-03-29
Sistema,0.49091,2025-03-30
Sistema,0.49247,2025-03-31
Sistema,0.49406,2025-04-01
Sistema,0.49441,2025-04-02
Sistema,0.49485,2025-04-03
Sistema,0.49627,2025-04-04
Sistema,0.49948,2025-04-05
Sistema,0.50293,2025-04-06
Sistema,0.50595,2025-04-07
Sistema,0.51048,2025-04-08
Sistema,0.51289,2025-04-09
Sistema,0.52257,2025-04-10
Sistema,0.5347,2025-04-11
Sistema,0.5404,2025-04-12
Sistema,0.54281,2025-04-13
Sistema,0.54219,2025-04-14
Sistema,0.53987,2025-04-15
Sistema,0.53697,2025-04-16
Sistema,0.53688,2025-04-17
Sistema,0.5366,2025-04-18
Sistema,0.53774,2025-04-19
Sistema,0.54549,2025-04-20
Sistema,0.5475,2025-04-21
Sistema,0.5477,2025-04-22
Sistema,0.54933,2025-04-23
Sistema,0.55386,2025-04-24
Sistema,0.55704,2025-04-25
Sistema,0.56556,2025-04-26
Sistema,0.57273,2025-04-27
Sistema,0.58196,2025-04-28
Sistema,0.58926,2025-04-29
Sistema,0.60008,2025-04-30
Sistema,0.60583,2025-05-01
Sistema,0.60863,2025-05-02
Sistema,0.61405,2025-05-03
Sistema,0.61738,2025-05-04
Sistema,0.62537,2025-05-05
Sistema,0.63404,2025-05-06
Sistema,0.64252,2025-05-07
Sistema,0.64662,2025-05-08
Sistema,0.64918,2025-05-09
Sistema,0.65051,2025-05-10
Sistema,0.65306,2025-05-11
Sistema,0.65312,2025-05-12
Sistema,0.65434,2025-05-13
Sistema,0.65713,2025-05-14
Sistema,0.66223,2025-05-15
Sistema,0.66421,2025-05-16
Sistema,0.67476,2025-05-17
Sistema,0.68278,2025-05-18
Sistema,0.69258,2025-05-19
Sistema,0.70544,2025-05-20
Sistema,0.7109,2025-05-21
Sistema,0.71729,2025-05-22
Sistema,0.71716,2025-05-23
Sistema,0.72005,2025-05-24
Sistema,0.72058,2025-05-25
Sistema,0.72046,2025-05-26
Sistema,0.72443,2025-05-27
Sistema,0.72476,2025-05-28
Sistema,0.72402,2025-05-29
Sistema,0.72725,2025-05-30
Sistema,0.73058,2025-05-31
Sistema,0.74258,2025-06-01
Sistema,0.74663,2025-06-02
Sistema,0.74817,2025-06-03
Sistema,0.75152,2025-06-04
Sistema,0.753,2025-06-05
Sistema,0.75973,2025-06-06
Sistema,0.76049,2025-06-07
Sistema,0.76141,2025-06-08
Sistema,0.76518,2025-06-09
Sistema,0.76987,2025-06-10
Sistema,0.77235,2025-06-11
Sistema,0.77425,2025-06-12
Sistema,0.77945,2025-06-13
Sistema,0.78495,2025-06-14
Sistema,0.79009,2025-06-15
Sistema,0.79122,2025-06-16
Sistema,0.79855,2025-06-17
Sistema,0.80319,2025-06-18
Sistema,0.80259,2025-06-19
Sistema,0.80274,2025-06-20
Sistema,0.80151,2025-06-21
Sistema,0.80342,2025-06-22
Sistema,0.80845,2025-06-23
Sistema,0.81459,2025-06-24
Sistema,0.81352,2025-06-25
Sistema,0.81184,2025-06-26
Sistema,0.8141,2025-06-27
Sistema,0.82069,2025-06-28
Sistema,0.82139,2025-06-29
Sistema,0.82353,2025-06-30
Sistema,0.82715,2025-07-01
Sistema,0.82871,2025-07-02
Sistema,0.83223,2025-07-03
Sistema,0.83191,2025-07-04
Sistema,0.83168,2025-07-05
Sistema,0.83,2025-07-06
Sistema,0.82562,2025-07-07
Sistema,0.82363,2025-07-08
Sistema,0.82202,2025-07-09
Sistema,0.82219,2025-07-10
Sistema,0.82894,2025-07-11
Sistema,0.83055,2025-07-12
Sistema,0.83202,2025-07-13
Sistema,0.83342,2025-07-14
Sistema,0.83016,2025-07-15
Sistema,0.82574,2025-07-16
Sistema,0.82035,2025-07-17
Sistema,0.81906,2025-07-18
Sistema,0.82202,2025-07-19
Sistema,0.82012,2025-07-20
Sistema,0.81997,2025-07-21
Sistema,0.81614,2025-07-22
Sistema,0.81375,2025-07-23
Sistema,0.81027,2025-07-24
Sistema,0.80891,2025-07-25
Sistema,0.81151,2025-07-26
Sistema,0.81543,2025-07-27
Sistema,0.81909,2025-07-28
Sistema,0.8219,2025-07-29
Sistema,0.82201,2025-07-30
Sistema,0.81864,2025-07-31
Sistema,0.81594,2025-08-01
Sistema,0.81609,2025-08-02
Sistema,0.8201,2025-08-03
Sistema,0.82392,2025-08-04
Sistema,0.82265,2025-08-05
Sistema,0.82002,2025-08-06
Sistema,0.81987,2025-08-07
Sistema,0.8205,2025-08-08
Sistema,0.82383,2025-08-09
Sistema,0.82434,2025-08-10
Sistema,0.8255,2025-08-11
Sistema,0.82414,2025-08-12
Sistema,0.82203,2025-08-13
Sistema,0.81929,2025-08-14
Sistema,0.81969,2025-08-15
Sistema,0.82239,2025-08-16
Sistema,0.82425,2025-08-17
Sistema,0.83012,2025-08-18
Sistema,0.83133,2025-08-19
Sistema,0.8298,2025-08-20
Sistema,0.83099,2025-08-21
Sistema,0.83036,2025-08-22
Sistema,0.83094,2025-08-23
Sistema,0.83094,2025-08-24
Sistema,0.83057,2025-08-25
Sistema,0.82908,2025-08-26
Sistema,0.83016,2025-08-27
Sistema,0.82984,2025-08-28
Sistema,0.82766,2025-08-29
Sistema,0.82671,2025-08-30
Sistema,0.82753,2025-08-31
