Id,Value,Date
Sistema,5367000.0,2000-01-01
Sistema,5784000.0,2000-01-02
Sistema,6653000.0,2000-01-03
Sistema,6718000.0,2000-01-04
Sistema,6628000.0,2000-01-05
Sistema,6608000.0,2000-01-06
Sistema,6575000.0,2000-01-07
Sistema,6130000.0,2000-01-08
Sistema,5643000.0,2000-01-09
Sistema,5991000.0,2000-01-10
Sistema,6629000.0,2000-01-11
Sistema,6722000.0,2000-01-12
Sistema,6767000.0,2000-01-13
Sistema,6683000.0,2000-01-14
Sistema,6348000.0,2000-01-15
Sistema,5853000.0,2000-01-16
Sistema,6773000.0,2000-01-17
Sistema,6607000.0,2000-01-18
Sistema,6772000.0,2000-01-19
Sistema,6707000.0,2000-01-20
Sistema,6740000.0,2000-01-21
Sistema,6449000.0,2000-01-22
Sistema,5930000.0,2000-01-23
Sistema,6928000.0,2000-01-24
Sistema,6887000.0,2000-01-25
Sistema,6784000.0,2000-01-26
Sistema,6812000.0,2000-01-27
Sistema,6789000.0,2000-01-28
Sistema,6427000.0,2000-01-29
Sistema,5960000.0,2000-01-30
Sistema,6870000.0,2000-01-31
Sistema,6843000.0,2000-02-01
Sistema,6859000.0,2000-02-02
Sistema,6848000.0,2000-02-03
Sistema,6751000.0,2000-02-04
Sistema,6429000.0,2000-02-05
Sistema,5995000.0,2000-02-06
Sistema,6963000.0,2000-02-07
Sistema,7029000.0,2000-02-08
Sistema,6998000.0,2000-02-09
Sistema,6979000.0,2000-02-10
Sistema,6725000.0,2000-02-11
Sistema,6406000.0,2000-02-12
Sistema,6085000.0,2000-02-13
Sistema,7016000.0,2000-02-14
Sistema,6912000.0,2000-02-15
Sistema,6940000.0,2000-02-16
Sistema,6871000.0,2000-02-17
Sistema,6793000.0,2000-02-18
Sistema,6462000.0,2000-02-19
Sistema,5984000.0,2000-02-20
Sistema,6988000.0,2000-02-21
Sistema,6935000.0,2000-02-22
Sistema,6963000.0,2000-02-23
Sistema,6877000.0,2000-02-24
Sistema,6770000.0,2000-02-25
Sistema,6336000.0,2000-02-26
Sistema,5943000.0,2000-02-27
Sistema,6845000.0,2000-02-28
Sistema,6847000.0,2000-02-29
Sistema,6883000.0,2000-03-01
Sistema,6902000.0,2000-03-02
Sistema,6702000.0,2000-03-03
Sistema,6336000.0,2000-03-04
Sistema,5981000.0,2000-03-05
Sistema,6916000.0,2000-03-06
Sistema,6827000.0,2000-03-07
Sistema,6832000.0,2000-03-08
Sistema,6931000.0,2000-03-09
Sistema,6903000.0,2000-03-10
Sistema,6473000.0,2000-03-11
Sistema,6009000.0,2000-03-12
Sistema,6979000.0,2000-03-13
Sistema,6958000.0,2000-03-14
Sistema,6945000.0,2000-03-15
Sistema,6954000.0,2000-03-16
Sistema,6856000.0,2000-03-17
Sistema,6477000.0,2000-03-18
Sistema,5825000.0,2000-03-19
Sistema,6181000.0,2000-03-20
Sistema,7193000.0,2000-03-21
Sistema,6929000.0,2000-03-22
Sistema,6800000.0,2000-03-23
Sistema,6822000.0,2000-03-24
Sistema,6350000.0,2000-03-25
Sistema,5950000.0,2000-03-26
Sistema,6960000.0,2000-03-27
Sistema,7057000.0,2000-03-28
Sistema,6826000.0,2000-03-29
Sistema,6948000.0,2000-03-30
Sistema,6862000.0,2000-03-31
Sistema,6422000.0,2000-04-01
Sistema,5961000.0,2000-04-02
Sistema,6872000.0,2000-04-03
Sistema,6871000.0,2000-04-04
Sistema,6856000.0,2000-04-05
Sistema,6952000.0,2000-04-06
Sistema,6752000.0,2000-04-07
Sistema,6420000.0,2000-04-08
Sistema,6053000.0,2000-04-09
Sistema,6900000.0,2000-04-10
Sistema,6965000.0,2000-04-11
Sistema,6986000.0,2000-04-12
Sistema,6946000.0,2000-04-13
Sistema,6754000.0,2000-04-14
Sistema,6454000.0,2000-04-15
Sistema,5804000.0,2000-04-16
Sistema,6707000.0,2000-04-17
Sistema,6732000.0,2000-04-18
Sistema,6446000.0,2000-04-19
Sistema,5566000.0,2000-04-20
Sistema,5269000.0,2000-04-21
Sistema,5883000.0,2000-04-22
Sistema,5869000.0,2000-04-23
Sistema,6762000.0,2000-04-24
Sistema,6955000.0,2000-04-25
Sistema,6975000.0,2000-04-26
Sistema,6904000.0,2000-04-27
Sistema,6810000.0,2000-04-28
Sistema,6396000.0,2000-04-29
Sistema,5815000.0,2000-04-30
Sistema,6089000.0,2000-05-01
Sistema,6937000.0,2000-05-02
Sistema,7008000.0,2000-05-03
Sistema,6950000.0,2000-05-04
Sistema,6848000.0,2000-05-05
Sistema,6387000.0,2000-05-06
Sistema,5952000.0,2000-05-07
Sistema,6965000.0,2000-05-08
Sistema,6910000.0,2000-05-09
Sistema,6910000.0,2000-05-10
Sistema,6959000.0,2000-05-11
Sistema,6717000.0,2000-05-12
Sistema,6374000.0,2000-05-13
Sistema,5567000.0,2000-05-14
Sistema,6969000.0,2000-05-15
Sistema,6986000.0,2000-05-16
Sistema,7053000.0,2000-05-17
Sistema,6931000.0,2000-05-18
Sistema,6832000.0,2000-05-19
Sistema,6417000.0,2000-05-20
Sistema,5973000.0,2000-05-21
Sistema,6818000.0,2000-05-22
Sistema,6955000.0,2000-05-23
Sistema,6867000.0,2000-05-24
Sistema,6840000.0,2000-05-25
Sistema,6865000.0,2000-05-26
Sistema,6447000.0,2000-05-27
Sistema,5883000.0,2000-05-28
Sistema,6838000.0,2000-05-29
Sistema,6861000.0,2000-05-30
Sistema,6879000.0,2000-05-31
Sistema,6899000.0,2000-06-01
Sistema,6818000.0,2000-06-02
Sistema,6440000.0,2000-06-03
Sistema,5761000.0,2000-06-04
Sistema,6155000.0,2000-06-05
Sistema,6901000.0,2000-06-06
Sistema,6948000.0,2000-06-07
Sistema,6945000.0,2000-06-08
Sistema,6792000.0,2000-06-09
Sistema,6380000.0,2000-06-10
Sistema,5963000.0,2000-06-11
Sistema,6913000.0,2000-06-12
Sistema,6894000.0,2000-06-13
Sistema,6942000.0,2000-06-14
Sistema,6895000.0,2000-06-15
Sistema,6836000.0,2000-06-16
Sistema,6398000.0,2000-06-17
Sistema,5694000.0,2000-06-18
Sistema,6887000.0,2000-06-19
Sistema,6911000.0,2000-06-20
Sistema,6866000.0,2000-06-21
Sistema,6817000.0,2000-06-22
Sistema,6696000.0,2000-06-23
Sistema,6232000.0,2000-06-24
Sistema,5719000.0,2000-06-25
Sistema,6051000.0,2000-06-26
Sistema,6878000.0,2000-06-27
Sistema,6949000.0,2000-06-28
Sistema,6931000.0,2000-06-29
Sistema,6794000.0,2000-06-30
Sistema,6341000.0,2000-07-01
Sistema,5684000.0,2000-07-02
Sistema,6036000.0,2000-07-03
Sistema,6808000.0,2000-07-04
Sistema,6812000.0,2000-07-05
Sistema,6795000.0,2000-07-06
Sistema,6717000.0,2000-07-07
Sistema,6400000.0,2000-07-08
Sistema,5929000.0,2000-07-09
Sistema,6934000.0,2000-07-10
Sistema,6959000.0,2000-07-11
Sistema,6918000.0,2000-07-12
Sistema,6881000.0,2000-07-13
Sistema,6812000.0,2000-07-14
Sistema,6294000.0,2000-07-15
Sistema,5886000.0,2000-07-16
Sistema,6923000.0,2000-07-17
Sistema,6958000.0,2000-07-18
Sistema,6810000.0,2000-07-19
Sistema,6164000.0,2000-07-20
Sistema,6702000.0,2000-07-21
Sistema,6403000.0,2000-07-22
Sistema,6033000.0,2000-07-23
Sistema,6989000.0,2000-07-24
Sistema,7015000.0,2000-07-25
Sistema,6943000.0,2000-07-26
Sistema,6952000.0,2000-07-27
Sistema,6779000.0,2000-07-28
Sistema,6286000.0,2000-07-29
Sistema,5924000.0,2000-07-30
Sistema,6912000.0,2000-07-31
Sistema,6947000.0,2000-08-01
Sistema,6900000.0,2000-08-02
Sistema,6788000.0,2000-08-03
Sistema,6711000.0,2000-08-04
Sistema,6374000.0,2000-08-05
Sistema,5766000.0,2000-08-06
Sistema,6029000.0,2000-08-07
Sistema,6875000.0,2000-08-08
Sistema,6846000.0,2000-08-09
Sistema,6941000.0,2000-08-10
Sistema,6756000.0,2000-08-11
Sistema,6410000.0,2000-08-12
Sistema,5970000.0,2000-08-13
Sistema,6959000.0,2000-08-14
Sistema,6858000.0,2000-08-15
Sistema,7030000.0,2000-08-16
Sistema,6907000.0,2000-08-17
Sistema,6819000.0,2000-08-18
Sistema,6460000.0,2000-08-19
Sistema,5863000.0,2000-08-20
Sistema,6230000.0,2000-08-21
Sistema,6965000.0,2000-08-22
Sistema,7021000.0,2000-08-23
Sistema,6988000.0,2000-08-24
Sistema,6894000.0,2000-08-25
Sistema,6442000.0,2000-08-26
Sistema,6043000.0,2000-08-27
Sistema,6893000.0,2000-08-28
Sistema,6920000.0,2000-08-29
Sistema,6960000.0,2000-08-30
Sistema,6899000.0,2000-08-31
Sistema,6815000.0,2000-09-01
Sistema,6461000.0,2000-09-02
Sistema,5918000.0,2000-09-03
Sistema,6816000.0,2000-09-04
Sistema,6863000.0,2000-09-05
Sistema,6742000.0,2000-09-06
Sistema,7020000.0,2000-09-07
Sistema,6884000.0,2000-09-08
Sistema,6401000.0,2000-09-09
Sistema,5993000.0,2000-09-10
Sistema,6960000.0,2000-09-11
Sistema,7060000.0,2000-09-12
Sistema,7103000.0,2000-09-13
Sistema,7005000.0,2000-09-14
Sistema,6865000.0,2000-09-15
Sistema,6454000.0,2000-09-16
Sistema,6023000.0,2000-09-17
Sistema,6950000.0,2000-09-18
Sistema,6996000.0,2000-09-19
Sistema,6945000.0,2000-09-20
Sistema,6987000.0,2000-09-21
Sistema,6876000.0,2000-09-22
Sistema,6350000.0,2000-09-23
Sistema,5985000.0,2000-09-24
Sistema,6956000.0,2000-09-25
Sistema,7003000.0,2000-09-26
Sistema,6866000.0,2000-09-27
Sistema,7029000.0,2000-09-28
Sistema,6836000.0,2000-09-29
Sistema,6419000.0,2000-09-30
Sistema,6047000.0,2000-10-01
Sistema,6877000.0,2000-10-02
Sistema,6998000.0,2000-10-03
Sistema,6994000.0,2000-10-04
Sistema,7059000.0,2000-10-05
Sistema,7011000.0,2000-10-06
Sistema,6541000.0,2000-10-07
Sistema,6012000.0,2000-10-08
Sistema,7014000.0,2000-10-09
Sistema,7008000.0,2000-10-10
Sistema,7163000.0,2000-10-11
Sistema,7098000.0,2000-10-12
Sistema,6919000.0,2000-10-13
Sistema,6447000.0,2000-10-14
Sistema,5797000.0,2000-10-15
Sistema,6208000.0,2000-10-16
Sistema,7089000.0,2000-10-17
Sistema,7127000.0,2000-10-18
Sistema,7185000.0,2000-10-19
Sistema,7105000.0,2000-10-20
Sistema,6473000.0,2000-10-21
Sistema,5870000.0,2000-10-22
Sistema,7137000.0,2000-10-23
Sistema,7009000.0,2000-10-24
Sistema,7040000.0,2000-10-25
Sistema,7119000.0,2000-10-26
Sistema,6940000.0,2000-10-27
Sistema,6482000.0,2000-10-28
Sistema,5911000.0,2000-10-29
Sistema,7117000.0,2000-10-30
Sistema,6869000.0,2000-10-31
Sistema,7182000.0,2000-11-01
Sistema,7203000.0,2000-11-02
Sistema,7118000.0,2000-11-03
Sistema,6646000.0,2000-11-04
Sistema,6034000.0,2000-11-05
Sistema,6363000.0,2000-11-06
Sistema,7237000.0,2000-11-07
Sistema,7215000.0,2000-11-08
Sistema,7249000.0,2000-11-09
Sistema,7015000.0,2000-11-10
Sistema,6671000.0,2000-11-11
Sistema,5980000.0,2000-11-12
Sistema,6338000.0,2000-11-13
Sistema,7225000.0,2000-11-14
Sistema,7298000.0,2000-11-15
Sistema,7279000.0,2000-11-16
Sistema,7208000.0,2000-11-17
Sistema,6706000.0,2000-11-18
Sistema,6110000.0,2000-11-19
Sistema,7238000.0,2000-11-20
Sistema,7246000.0,2000-11-21
Sistema,7273000.0,2000-11-22
Sistema,7177000.0,2000-11-23
Sistema,7179000.0,2000-11-24
Sistema,6759000.0,2000-11-25
Sistema,6253000.0,2000-11-26
Sistema,7344000.0,2000-11-27
Sistema,7284000.0,2000-11-28
Sistema,7306000.0,2000-11-29
Sistema,7284000.0,2000-11-30
Sistema,7235000.0,2000-12-01
Sistema,6635000.0,2000-12-02
Sistema,6235000.0,2000-12-03
Sistema,7251000.0,2000-12-04
Sistema,7437000.0,2000-12-05
Sistema,7502000.0,2000-12-06
Sistema,7292000.0,2000-12-07
Sistema,6112000.0,2000-12-08
Sistema,6964000.0,2000-12-09
Sistema,6592000.0,2000-12-10
Sistema,7572000.0,2000-12-11
Sistema,7617000.0,2000-12-12
Sistema,7566000.0,2000-12-13
Sistema,7436000.0,2000-12-14
Sistema,7359000.0,2000-12-15
Sistema,6887000.0,2000-12-16
Sistema,6435000.0,2000-12-17
Sistema,7393000.0,2000-12-18
Sistema,7378000.0,2000-12-19
Sistema,7351000.0,2000-12-20
Sistema,7338000.0,2000-12-21
Sistema,7224000.0,2000-12-22
Sistema,6776000.0,2000-12-23
Sistema,6437000.0,2000-12-24
Sistema,5906000.0,2000-12-25
Sistema,7167000.0,2000-12-26
Sistema,7180000.0,2000-12-27
Sistema,7126000.0,2000-12-28
Sistema,6954000.0,2000-12-29
Sistema,6526000.0,2000-12-30
Sistema,6304000.0,2000-12-31
Sistema,5664000.0,2001-01-01
Sistema,6802000.0,2001-01-02
Sistema,6944000.0,2001-01-03
Sistema,6897000.0,2001-01-04
Sistema,6867000.0,2001-01-05
Sistema,6457000.0,2001-01-06
Sistema,5954000.0,2001-01-07
Sistema,6150000.0,2001-01-08
Sistema,6817000.0,2001-01-09
Sistema,6760000.0,2001-01-10
Sistema,6871000.0,2001-01-11
Sistema,6843000.0,2001-01-12
Sistema,6546000.0,2001-01-13
Sistema,6123000.0,2001-01-14
Sistema,7097000.0,2001-01-15
Sistema,7002000.0,2001-01-16
Sistema,6984000.0,2001-01-17
Sistema,7060000.0,2001-01-18
Sistema,6949000.0,2001-01-19
Sistema,6591000.0,2001-01-20
Sistema,6175000.0,2001-01-21
Sistema,7053000.0,2001-01-22
Sistema,7091000.0,2001-01-23
Sistema,7102000.0,2001-01-24
Sistema,7106000.0,2001-01-25
Sistema,7047000.0,2001-01-26
Sistema,6591000.0,2001-01-27
Sistema,6222000.0,2001-01-28
Sistema,7154000.0,2001-01-29
Sistema,7177000.0,2001-01-30
Sistema,7240000.0,2001-01-31
Sistema,7080000.0,2001-02-01
Sistema,6964000.0,2001-02-02
Sistema,6607000.0,2001-02-03
Sistema,6196000.0,2001-02-04
Sistema,7144000.0,2001-02-05
Sistema,7001000.0,2001-02-06
Sistema,7110000.0,2001-02-07
Sistema,7126000.0,2001-02-08
Sistema,7028000.0,2001-02-09
Sistema,6686000.0,2001-02-10
Sistema,6247000.0,2001-02-11
Sistema,7122000.0,2001-02-12
Sistema,7243000.0,2001-02-13
Sistema,7194000.0,2001-02-14
Sistema,7200000.0,2001-02-15
Sistema,7076000.0,2001-02-16
Sistema,6741000.0,2001-02-17
Sistema,6245000.0,2001-02-18
Sistema,7250000.0,2001-02-19
Sistema,7163000.0,2001-02-20
Sistema,7167000.0,2001-02-21
Sistema,7206000.0,2001-02-22
Sistema,7064000.0,2001-02-23
Sistema,6642000.0,2001-02-24
Sistema,6261000.0,2001-02-25
Sistema,7065000.0,2001-02-26
Sistema,7155000.0,2001-02-27
Sistema,7013000.0,2001-02-28
Sistema,7099000.0,2001-03-01
Sistema,6850000.0,2001-03-02
Sistema,6651000.0,2001-03-03
Sistema,6173000.0,2001-03-04
Sistema,7156000.0,2001-03-05
Sistema,7217000.0,2001-03-06
Sistema,7096000.0,2001-03-07
Sistema,7114000.0,2001-03-08
Sistema,7016000.0,2001-03-09
Sistema,6687000.0,2001-03-10
Sistema,6282000.0,2001-03-11
Sistema,7273000.0,2001-03-12
Sistema,7297000.0,2001-03-13
Sistema,7196000.0,2001-03-14
Sistema,7165000.0,2001-03-15
Sistema,7086000.0,2001-03-16
Sistema,6710000.0,2001-03-17
Sistema,5970000.0,2001-03-18
Sistema,6378000.0,2001-03-19
Sistema,7142000.0,2001-03-20
Sistema,7158000.0,2001-03-21
Sistema,7044000.0,2001-03-22
Sistema,6977000.0,2001-03-23
Sistema,6618000.0,2001-03-24
Sistema,6294000.0,2001-03-25
Sistema,7075000.0,2001-03-26
Sistema,7204000.0,2001-03-27
Sistema,7235000.0,2001-03-28
Sistema,7210000.0,2001-03-29
Sistema,7128000.0,2001-03-30
Sistema,6718000.0,2001-03-31
Sistema,6286000.0,2001-04-01
Sistema,7247000.0,2001-04-02
Sistema,7226000.0,2001-04-03
Sistema,7037000.0,2001-04-04
Sistema,7228000.0,2001-04-05
Sistema,7147000.0,2001-04-06
Sistema,6720000.0,2001-04-07
Sistema,6276000.0,2001-04-08
Sistema,7172000.0,2001-04-09
Sistema,7160000.0,2001-04-10
Sistema,6792000.0,2001-04-11
Sistema,5831000.0,2001-04-12
Sistema,5510000.0,2001-04-13
Sistema,6174000.0,2001-04-14
Sistema,6157000.0,2001-04-15
Sistema,7077000.0,2001-04-16
Sistema,7081000.0,2001-04-17
Sistema,7200000.0,2001-04-18
Sistema,7181000.0,2001-04-19
Sistema,7131000.0,2001-04-20
Sistema,6754000.0,2001-04-21
Sistema,6265000.0,2001-04-22
Sistema,7276000.0,2001-04-23
Sistema,7314000.0,2001-04-24
Sistema,7279000.0,2001-04-25
Sistema,7183000.0,2001-04-26
Sistema,7227000.0,2001-04-27
Sistema,6712000.0,2001-04-28
Sistema,6278000.0,2001-04-29
Sistema,6966000.0,2001-04-30
Sistema,6386000.0,2001-05-01
Sistema,7207000.0,2001-05-02
Sistema,7197000.0,2001-05-03
Sistema,7098000.0,2001-05-04
Sistema,6648000.0,2001-05-05
Sistema,6279000.0,2001-05-06
Sistema,7256000.0,2001-05-07
Sistema,7070000.0,2001-05-08
Sistema,7197000.0,2001-05-09
Sistema,7210000.0,2001-05-10
Sistema,7152000.0,2001-05-11
Sistema,6696000.0,2001-05-12
Sistema,5899000.0,2001-05-13
Sistema,7176000.0,2001-05-14
Sistema,7213000.0,2001-05-15
Sistema,7199000.0,2001-05-16
Sistema,7232000.0,2001-05-17
Sistema,7073000.0,2001-05-18
Sistema,6599000.0,2001-05-19
Sistema,6303000.0,2001-05-20
Sistema,7030000.0,2001-05-21
Sistema,7096000.0,2001-05-22
Sistema,7174000.0,2001-05-23
Sistema,7206000.0,2001-05-24
Sistema,7070000.0,2001-05-25
Sistema,6580000.0,2001-05-26
Sistema,5950000.0,2001-05-27
Sistema,6399000.0,2001-05-28
Sistema,7145000.0,2001-05-29
Sistema,7112000.0,2001-05-30
Sistema,7156000.0,2001-05-31
Sistema,6934000.0,2001-06-01
Sistema,6552000.0,2001-06-02
Sistema,6081000.0,2001-06-03
Sistema,7143000.0,2001-06-04
Sistema,7099000.0,2001-06-05
Sistema,7070000.0,2001-06-06
Sistema,7095000.0,2001-06-07
Sistema,7066000.0,2001-06-08
Sistema,6671000.0,2001-06-09
Sistema,6130000.0,2001-06-10
Sistema,7014000.0,2001-06-11
Sistema,7046000.0,2001-06-12
Sistema,7058000.0,2001-06-13
Sistema,7056000.0,2001-06-14
Sistema,6998000.0,2001-06-15
Sistema,6584000.0,2001-06-16
Sistema,5669000.0,2001-06-17
Sistema,6335000.0,2001-06-18
Sistema,7075000.0,2001-06-19
Sistema,7060000.0,2001-06-20
Sistema,7067000.0,2001-06-21
Sistema,7041000.0,2001-06-22
Sistema,6649000.0,2001-06-23
Sistema,5953000.0,2001-06-24
Sistema,6310000.0,2001-06-25
Sistema,7075000.0,2001-06-26
Sistema,7151000.0,2001-06-27
Sistema,7201000.0,2001-06-28
Sistema,7024000.0,2001-06-29
Sistema,6522000.0,2001-06-30
Sistema,5894000.0,2001-07-01
Sistema,6275000.0,2001-07-02
Sistema,7106000.0,2001-07-03
Sistema,7049000.0,2001-07-04
Sistema,7005000.0,2001-07-05
Sistema,6919000.0,2001-07-06
Sistema,6640000.0,2001-07-07
Sistema,6127000.0,2001-07-08
Sistema,7100000.0,2001-07-09
Sistema,7047000.0,2001-07-10
Sistema,7124000.0,2001-07-11
Sistema,7117000.0,2001-07-12
Sistema,6983000.0,2001-07-13
Sistema,6623000.0,2001-07-14
Sistema,6125000.0,2001-07-15
Sistema,7035000.0,2001-07-16
Sistema,7085000.0,2001-07-17
Sistema,7129000.0,2001-07-18
Sistema,7040000.0,2001-07-19
Sistema,6374000.0,2001-07-20
Sistema,6449000.0,2001-07-21
Sistema,6134000.0,2001-07-22
Sistema,7069000.0,2001-07-23
Sistema,7168000.0,2001-07-24
Sistema,7188000.0,2001-07-25
Sistema,7057000.0,2001-07-26
Sistema,6939000.0,2001-07-27
Sistema,6563000.0,2001-07-28
Sistema,5975000.0,2001-07-29
Sistema,7040000.0,2001-07-30
Sistema,7104000.0,2001-07-31
Sistema,7211000.0,2001-08-01
Sistema,7046000.0,2001-08-02
Sistema,7062000.0,2001-08-03
Sistema,6604000.0,2001-08-04
Sistema,6123000.0,2001-08-05
Sistema,6978000.0,2001-08-06
Sistema,6447000.0,2001-08-07
Sistema,7135000.0,2001-08-08
Sistema,7221000.0,2001-08-09
Sistema,7146000.0,2001-08-10
Sistema,6735000.0,2001-08-11
Sistema,6266000.0,2001-08-12
Sistema,7210000.0,2001-08-13
Sistema,7316000.0,2001-08-14
Sistema,7302000.0,2001-08-15
Sistema,7266000.0,2001-08-16
Sistema,7095000.0,2001-08-17
Sistema,6769000.0,2001-08-18
Sistema,6033000.0,2001-08-19
Sistema,6409000.0,2001-08-20
Sistema,7278000.0,2001-08-21
Sistema,7265000.0,2001-08-22
Sistema,7187000.0,2001-08-23
Sistema,7156000.0,2001-08-24
Sistema,6719000.0,2001-08-25
Sistema,6130000.0,2001-08-26
Sistema,7192000.0,2001-08-27
Sistema,7240000.0,2001-08-28
Sistema,7298000.0,2001-08-29
Sistema,7302000.0,2001-08-30
Sistema,7166000.0,2001-08-31
Sistema,6641000.0,2001-09-01
Sistema,6164000.0,2001-09-02
Sistema,7171000.0,2001-09-03
Sistema,7233000.0,2001-09-04
Sistema,7261000.0,2001-09-05
Sistema,7211000.0,2001-09-06
Sistema,7147000.0,2001-09-07
Sistema,6721000.0,2001-09-08
Sistema,6239000.0,2001-09-09
Sistema,7262000.0,2001-09-10
Sistema,7321000.0,2001-09-11
Sistema,7095000.0,2001-09-12
Sistema,7045000.0,2001-09-13
Sistema,6963000.0,2001-09-14
Sistema,6599000.0,2001-09-15
Sistema,6183000.0,2001-09-16
Sistema,7251000.0,2001-09-17
Sistema,7132000.0,2001-09-18
Sistema,7208000.0,2001-09-19
Sistema,7229000.0,2001-09-20
Sistema,7121000.0,2001-09-21
Sistema,6594000.0,2001-09-22
Sistema,6162000.0,2001-09-23
Sistema,7207000.0,2001-09-24
Sistema,7280000.0,2001-09-25
Sistema,7230000.0,2001-09-26
Sistema,7219000.0,2001-09-27
Sistema,7022000.0,2001-09-28
Sistema,6656000.0,2001-09-29
Sistema,6169000.0,2001-09-30
Sistema,7248000.0,2001-10-01
Sistema,7299000.0,2001-10-02
Sistema,7362000.0,2001-10-03
Sistema,7299000.0,2001-10-04
Sistema,7280000.0,2001-10-05
Sistema,6707000.0,2001-10-06
Sistema,6262000.0,2001-10-07
Sistema,7346000.0,2001-10-08
Sistema,7346000.0,2001-10-09
Sistema,7291000.0,2001-10-10
Sistema,7241000.0,2001-10-11
Sistema,7236000.0,2001-10-12
Sistema,6787000.0,2001-10-13
Sistema,5995000.0,2001-10-14
Sistema,6495000.0,2001-10-15
Sistema,7348000.0,2001-10-16
Sistema,7379000.0,2001-10-17
Sistema,7311000.0,2001-10-18
Sistema,7290000.0,2001-10-19
Sistema,6651000.0,2001-10-20
Sistema,6195000.0,2001-10-21
Sistema,7353000.0,2001-10-22
Sistema,7309000.0,2001-10-23
Sistema,7174000.0,2001-10-24
Sistema,7267000.0,2001-10-25
Sistema,7271000.0,2001-10-26
Sistema,6706000.0,2001-10-27
Sistema,6213000.0,2001-10-28
Sistema,7286000.0,2001-10-29
Sistema,7204000.0,2001-10-30
Sistema,6920000.0,2001-10-31
Sistema,7114000.0,2001-11-01
Sistema,7041000.0,2001-11-02
Sistema,6640000.0,2001-11-03
Sistema,6068000.0,2001-11-04
Sistema,6459000.0,2001-11-05
Sistema,7296000.0,2001-11-06
Sistema,7427000.0,2001-11-07
Sistema,7387000.0,2001-11-08
Sistema,7293000.0,2001-11-09
Sistema,6816000.0,2001-11-10
Sistema,6093000.0,2001-11-11
Sistema,6469000.0,2001-11-12
Sistema,7347000.0,2001-11-13
Sistema,7341000.0,2001-11-14
Sistema,7234000.0,2001-11-15
Sistema,7248000.0,2001-11-16
Sistema,6839000.0,2001-11-17
Sistema,6284000.0,2001-11-18
Sistema,7348000.0,2001-11-19
Sistema,7381000.0,2001-11-20
Sistema,7393000.0,2001-11-21
Sistema,7334000.0,2001-11-22
Sistema,7340000.0,2001-11-23
Sistema,6828000.0,2001-11-24
Sistema,6287000.0,2001-11-25
Sistema,7319000.0,2001-11-26
Sistema,7442000.0,2001-11-27
Sistema,7412000.0,2001-11-28
Sistema,7496000.0,2001-11-29
Sistema,7298000.0,2001-11-30
Sistema,6817000.0,2001-12-01
Sistema,6411000.0,2001-12-02
Sistema,7475000.0,2001-12-03
Sistema,7501000.0,2001-12-04
Sistema,7586000.0,2001-12-05
Sistema,7646000.0,2001-12-06
Sistema,7355000.0,2001-12-07
Sistema,6709000.0,2001-12-08
Sistema,6651000.0,2001-12-09
Sistema,7667000.0,2001-12-10
Sistema,7593000.0,2001-12-11
Sistema,7783000.0,2001-12-12
Sistema,7558000.0,2001-12-13
Sistema,7536000.0,2001-12-14
Sistema,7127000.0,2001-12-15
Sistema,6672000.0,2001-12-16
Sistema,7666000.0,2001-12-17
Sistema,7667000.0,2001-12-18
Sistema,7681000.0,2001-12-19
Sistema,7537000.0,2001-12-20
Sistema,7554000.0,2001-12-21
Sistema,7123000.0,2001-12-22
Sistema,6677000.0,2001-12-23
Sistema,6765000.0,2001-12-24
Sistema,6080000.0,2001-12-25
Sistema,7240000.0,2001-12-26
Sistema,7384000.0,2001-12-27
Sistema,7323000.0,2001-12-28
Sistema,6945000.0,2001-12-29
Sistema,6525000.0,2001-12-30
Sistema,6688000.0,2001-12-31
Sistema,5751000.0,2002-01-01
Sistema,7068000.0,2002-01-02
Sistema,7113000.0,2002-01-03
Sistema,7141000.0,2002-01-04
Sistema,6808000.0,2002-01-05
Sistema,6208000.0,2002-01-06
Sistema,6318000.0,2002-01-07
Sistema,6956000.0,2002-01-08
Sistema,7072000.0,2002-01-09
Sistema,7085000.0,2002-01-10
Sistema,7020000.0,2002-01-11
Sistema,6684000.0,2002-01-12
Sistema,6256000.0,2002-01-13
Sistema,7214000.0,2002-01-14
Sistema,7216000.0,2002-01-15
Sistema,7273000.0,2002-01-16
Sistema,7211000.0,2002-01-17
Sistema,7151000.0,2002-01-18
Sistema,6724000.0,2002-01-19
Sistema,6206000.0,2002-01-20
Sistema,7282000.0,2002-01-21
Sistema,7269000.0,2002-01-22
Sistema,7210000.0,2002-01-23
Sistema,7151000.0,2002-01-24
Sistema,7154000.0,2002-01-25
Sistema,6829000.0,2002-01-26
Sistema,6327000.0,2002-01-27
Sistema,7359000.0,2002-01-28
Sistema,7230000.0,2002-01-29
Sistema,7186000.0,2002-01-30
Sistema,7246000.0,2002-01-31
Sistema,7189000.0,2002-02-01
Sistema,6755000.0,2002-02-02
Sistema,6265000.0,2002-02-03
Sistema,7199000.0,2002-02-04
Sistema,7092000.0,2002-02-05
Sistema,7300000.0,2002-02-06
Sistema,7206000.0,2002-02-07
Sistema,7071000.0,2002-02-08
Sistema,6768000.0,2002-02-09
Sistema,6428000.0,2002-02-10
Sistema,7254000.0,2002-02-11
Sistema,7350000.0,2002-02-12
Sistema,7394000.0,2002-02-13
Sistema,7509000.0,2002-02-14
Sistema,7322000.0,2002-02-15
Sistema,6940000.0,2002-02-16
Sistema,6489000.0,2002-02-17
Sistema,7430000.0,2002-02-18
Sistema,7414000.0,2002-02-19
Sistema,7198000.0,2002-02-20
Sistema,7360000.0,2002-02-21
Sistema,7204000.0,2002-02-22
Sistema,6914000.0,2002-02-23
Sistema,6485000.0,2002-02-24
Sistema,7380000.0,2002-02-25
Sistema,7362000.0,2002-02-26
Sistema,7446000.0,2002-02-27
Sistema,7362000.0,2002-02-28
Sistema,7140000.0,2002-03-01
Sistema,6770000.0,2002-03-02
Sistema,6378000.0,2002-03-03
Sistema,7355000.0,2002-03-04
Sistema,7320000.0,2002-03-05
Sistema,7238000.0,2002-03-06
Sistema,7263000.0,2002-03-07
Sistema,7200000.0,2002-03-08
Sistema,6875000.0,2002-03-09
Sistema,6491000.0,2002-03-10
Sistema,7416000.0,2002-03-11
Sistema,7359000.0,2002-03-12
Sistema,7425000.0,2002-03-13
Sistema,7417000.0,2002-03-14
Sistema,7202000.0,2002-03-15
Sistema,7094000.0,2002-03-16
Sistema,6538000.0,2002-03-17
Sistema,7449000.0,2002-03-18
Sistema,7407000.0,2002-03-19
Sistema,7352000.0,2002-03-20
Sistema,7377000.0,2002-03-21
Sistema,7182000.0,2002-03-22
Sistema,6867000.0,2002-03-23
Sistema,6221000.0,2002-03-24
Sistema,6582000.0,2002-03-25
Sistema,6981000.0,2002-03-26
Sistema,6673000.0,2002-03-27
Sistema,5858000.0,2002-03-28
Sistema,5669000.0,2002-03-29
Sistema,6368000.0,2002-03-30
Sistema,6355000.0,2002-03-31
Sistema,7358000.0,2002-04-01
Sistema,7270000.0,2002-04-02
Sistema,7385000.0,2002-04-03
Sistema,7353000.0,2002-04-04
Sistema,6981000.0,2002-04-05
Sistema,6707000.0,2002-04-06
Sistema,6342000.0,2002-04-07
Sistema,7233000.0,2002-04-08
Sistema,7217000.0,2002-04-09
Sistema,7191000.0,2002-04-10
Sistema,7207000.0,2002-04-11
Sistema,7049000.0,2002-04-12
Sistema,6748000.0,2002-04-13
Sistema,6358000.0,2002-04-14
Sistema,7331000.0,2002-04-15
Sistema,7318000.0,2002-04-16
Sistema,7215000.0,2002-04-17
Sistema,7075000.0,2002-04-18
Sistema,7109000.0,2002-04-19
Sistema,6722000.0,2002-04-20
Sistema,6352000.0,2002-04-21
Sistema,7281000.0,2002-04-22
Sistema,7297000.0,2002-04-23
Sistema,7316000.0,2002-04-24
Sistema,7249000.0,2002-04-25
Sistema,7189000.0,2002-04-26
Sistema,6784000.0,2002-04-27
Sistema,6362000.0,2002-04-28
Sistema,7410000.0,2002-04-29
Sistema,7200000.0,2002-04-30
Sistema,6535000.0,2002-05-01
Sistema,7358000.0,2002-05-02
Sistema,7241000.0,2002-05-03
Sistema,6835000.0,2002-05-04
Sistema,6350000.0,2002-05-05
Sistema,7489000.0,2002-05-06
Sistema,7443000.0,2002-05-07
Sistema,7494000.0,2002-05-08
Sistema,7346000.0,2002-05-09
Sistema,7263000.0,2002-05-10
Sistema,6887000.0,2002-05-11
Sistema,6029000.0,2002-05-12
Sistema,6618000.0,2002-05-13
Sistema,7403000.0,2002-05-14
Sistema,7511000.0,2002-05-15
Sistema,7477000.0,2002-05-16
Sistema,7302000.0,2002-05-17
Sistema,6821000.0,2002-05-18
Sistema,6439000.0,2002-05-19
Sistema,7338000.0,2002-05-20
Sistema,7409000.0,2002-05-21
Sistema,7316000.0,2002-05-22
Sistema,7267000.0,2002-05-23
Sistema,6935000.0,2002-05-24
Sistema,6819000.0,2002-05-25
Sistema,6132000.0,2002-05-26
Sistema,7240000.0,2002-05-27
Sistema,7245000.0,2002-05-28
Sistema,7254000.0,2002-05-29
Sistema,7200000.0,2002-05-30
Sistema,7061000.0,2002-05-31
Sistema,6722000.0,2002-06-01
Sistema,6115000.0,2002-06-02
Sistema,6554000.0,2002-06-03
Sistema,7229000.0,2002-06-04
Sistema,7093000.0,2002-06-05
Sistema,7240000.0,2002-06-06
Sistema,7094000.0,2002-06-07
Sistema,6801000.0,2002-06-08
Sistema,6105000.0,2002-06-09
Sistema,6451000.0,2002-06-10
Sistema,7324000.0,2002-06-11
Sistema,7374000.0,2002-06-12
Sistema,7256000.0,2002-06-13
Sistema,7176000.0,2002-06-14
Sistema,6805000.0,2002-06-15
Sistema,6104000.0,2002-06-16
Sistema,7303000.0,2002-06-17
Sistema,7184000.0,2002-06-18
Sistema,7291000.0,2002-06-19
Sistema,7312000.0,2002-06-20
Sistema,7201000.0,2002-06-21
Sistema,6783000.0,2002-06-22
Sistema,6268000.0,2002-06-23
Sistema,7262000.0,2002-06-24
Sistema,7290000.0,2002-06-25
Sistema,7286000.0,2002-06-26
Sistema,7263000.0,2002-06-27
Sistema,7133000.0,2002-06-28
Sistema,6673000.0,2002-06-29
Sistema,6070000.0,2002-06-30
Sistema,6375000.0,2002-07-01
Sistema,7046000.0,2002-07-02
Sistema,7255000.0,2002-07-03
Sistema,7164000.0,2002-07-04
Sistema,6980000.0,2002-07-05
Sistema,6667000.0,2002-07-06
Sistema,6128000.0,2002-07-07
Sistema,7242000.0,2002-07-08
Sistema,7233000.0,2002-07-09
Sistema,7211000.0,2002-07-10
Sistema,7097000.0,2002-07-11
Sistema,7103000.0,2002-07-12
Sistema,6617000.0,2002-07-13
Sistema,6202000.0,2002-07-14
Sistema,7068000.0,2002-07-15
Sistema,7215000.0,2002-07-16
Sistema,7211000.0,2002-07-17
Sistema,7156000.0,2002-07-18
Sistema,7082000.0,2002-07-19
Sistema,6372000.0,2002-07-20
Sistema,6226000.0,2002-07-21
Sistema,7305000.0,2002-07-22
Sistema,7400000.0,2002-07-23
Sistema,7277000.0,2002-07-24
Sistema,7323000.0,2002-07-25
Sistema,7242000.0,2002-07-26
Sistema,6798000.0,2002-07-27
Sistema,6339000.0,2002-07-28
Sistema,7332000.0,2002-07-29
Sistema,7278000.0,2002-07-30
Sistema,7259000.0,2002-07-31
Sistema,7333000.0,2002-08-01
Sistema,7184000.0,2002-08-02
Sistema,6812000.0,2002-08-03
Sistema,6263000.0,2002-08-04
Sistema,7330000.0,2002-08-05
Sistema,7057000.0,2002-08-06
Sistema,6525000.0,2002-08-07
Sistema,7316000.0,2002-08-08
Sistema,7254000.0,2002-08-09
Sistema,6813000.0,2002-08-10
Sistema,6218000.0,2002-08-11
Sistema,7337000.0,2002-08-12
Sistema,7336000.0,2002-08-13
Sistema,7402000.0,2002-08-14
Sistema,7399000.0,2002-08-15
Sistema,7245000.0,2002-08-16
Sistema,6906000.0,2002-08-17
Sistema,6182000.0,2002-08-18
Sistema,6574000.0,2002-08-19
Sistema,7282000.0,2002-08-20
Sistema,7465000.0,2002-08-21
Sistema,7446000.0,2002-08-22
Sistema,7297000.0,2002-08-23
Sistema,6911000.0,2002-08-24
Sistema,6382000.0,2002-08-25
Sistema,7291000.0,2002-08-26
Sistema,7330000.0,2002-08-27
Sistema,7365000.0,2002-08-28
Sistema,7344000.0,2002-08-29
Sistema,7293000.0,2002-08-30
Sistema,6856000.0,2002-08-31
Sistema,6313000.0,2002-09-01
Sistema,7317000.0,2002-09-02
Sistema,7420000.0,2002-09-03
Sistema,7433000.0,2002-09-04
Sistema,7364000.0,2002-09-05
Sistema,7291000.0,2002-09-06
Sistema,6928000.0,2002-09-07
Sistema,6518000.0,2002-09-08
Sistema,7498000.0,2002-09-09
Sistema,7388000.0,2002-09-10
Sistema,7394000.0,2002-09-11
Sistema,7414000.0,2002-09-12
Sistema,7436000.0,2002-09-13
Sistema,7002000.0,2002-09-14
Sistema,6498000.0,2002-09-15
Sistema,7390000.0,2002-09-16
Sistema,7291000.0,2002-09-17
Sistema,7357000.0,2002-09-18
Sistema,7424000.0,2002-09-19
Sistema,7304000.0,2002-09-20
Sistema,6923000.0,2002-09-21
Sistema,6500000.0,2002-09-22
Sistema,7498000.0,2002-09-23
Sistema,7456000.0,2002-09-24
Sistema,7354000.0,2002-09-25
Sistema,7273000.0,2002-09-26
Sistema,7274000.0,2002-09-27
Sistema,6750000.0,2002-09-28
Sistema,6260000.0,2002-09-29
Sistema,7355000.0,2002-09-30
Sistema,7349000.0,2002-10-01
Sistema,7256000.0,2002-10-02
Sistema,7327000.0,2002-10-03
Sistema,7370000.0,2002-10-04
Sistema,6939000.0,2002-10-05
Sistema,6420000.0,2002-10-06
Sistema,7306000.0,2002-10-07
Sistema,7298000.0,2002-10-08
Sistema,7430000.0,2002-10-09
Sistema,7395000.0,2002-10-10
Sistema,7361000.0,2002-10-11
Sistema,6852000.0,2002-10-12
Sistema,6218000.0,2002-10-13
Sistema,6670000.0,2002-10-14
Sistema,7427000.0,2002-10-15
Sistema,7397000.0,2002-10-16
Sistema,7461000.0,2002-10-17
Sistema,7507000.0,2002-10-18
Sistema,6974000.0,2002-10-19
Sistema,6371000.0,2002-10-20
Sistema,7502000.0,2002-10-21
Sistema,7462000.0,2002-10-22
Sistema,7472000.0,2002-10-23
Sistema,7464000.0,2002-10-24
Sistema,7382000.0,2002-10-25
Sistema,6708000.0,2002-10-26
Sistema,6286000.0,2002-10-27
Sistema,7495000.0,2002-10-28
Sistema,7406000.0,2002-10-29
Sistema,7280000.0,2002-10-30
Sistema,7240000.0,2002-10-31
Sistema,7462000.0,2002-11-01
Sistema,6829000.0,2002-11-02
Sistema,6069000.0,2002-11-03
Sistema,6583000.0,2002-11-04
Sistema,7447000.0,2002-11-05
Sistema,7416000.0,2002-11-06
Sistema,7502000.0,2002-11-07
Sistema,7350000.0,2002-11-08
Sistema,6828000.0,2002-11-09
Sistema,6223000.0,2002-11-10
Sistema,6628000.0,2002-11-11
Sistema,7466000.0,2002-11-12
Sistema,7447000.0,2002-11-13
Sistema,7483000.0,2002-11-14
Sistema,7473000.0,2002-11-15
Sistema,7045000.0,2002-11-16
Sistema,6421000.0,2002-11-17
Sistema,7539000.0,2002-11-18
Sistema,7590000.0,2002-11-19
Sistema,7575000.0,2002-11-20
Sistema,7703000.0,2002-11-21
Sistema,7501000.0,2002-11-22
Sistema,6997000.0,2002-11-23
Sistema,6539000.0,2002-11-24
Sistema,7606000.0,2002-11-25
Sistema,7697000.0,2002-11-26
Sistema,7605000.0,2002-11-27
Sistema,7616000.0,2002-11-28
Sistema,7585000.0,2002-11-29
Sistema,7178000.0,2002-11-30
Sistema,6730000.0,2002-12-01
Sistema,7693000.0,2002-12-02
Sistema,7725000.0,2002-12-03
Sistema,7853000.0,2002-12-04
Sistema,7914000.0,2002-12-05
Sistema,7830000.0,2002-12-06
Sistema,7373000.0,2002-12-07
Sistema,6737000.0,2002-12-08
Sistema,7966000.0,2002-12-09
Sistema,7848000.0,2002-12-10
Sistema,7784000.0,2002-12-11
Sistema,8018000.0,2002-12-12
Sistema,7834000.0,2002-12-13
Sistema,7334000.0,2002-12-14
Sistema,6831000.0,2002-12-15
Sistema,7671000.0,2002-12-16
Sistema,7711000.0,2002-12-17
Sistema,7678000.0,2002-12-18
Sistema,7648000.0,2002-12-19
Sistema,7595000.0,2002-12-20
Sistema,7222000.0,2002-12-21
Sistema,6766000.0,2002-12-22
Sistema,7444000.0,2002-12-23
Sistema,6929000.0,2002-12-24
Sistema,6168000.0,2002-12-25
Sistema,7410000.0,2002-12-26
Sistema,7481000.0,2002-12-27
Sistema,7098000.0,2002-12-28
Sistema,6700000.0,2002-12-29
Sistema,7239000.0,2002-12-30
Sistema,6821000.0,2002-12-31
Sistema,5930000.0,2003-01-01
Sistema,7055000.0,2003-01-02
Sistema,7137000.0,2003-01-03
Sistema,6901000.0,2003-01-04
Sistema,6377000.0,2003-01-05
Sistema,6495000.0,2003-01-06
Sistema,7146000.0,2003-01-07
Sistema,7191000.0,2003-01-08
Sistema,7167000.0,2003-01-09
Sistema,7227000.0,2003-01-10
Sistema,6792000.0,2003-01-11
Sistema,6460000.0,2003-01-12
Sistema,7367000.0,2003-01-13
Sistema,7441000.0,2003-01-14
Sistema,7381000.0,2003-01-15
Sistema,7369000.0,2003-01-16
Sistema,7194000.0,2003-01-17
Sistema,6991000.0,2003-01-18
Sistema,6324000.0,2003-01-19
Sistema,7355000.0,2003-01-20
Sistema,7326000.0,2003-01-21
Sistema,7456000.0,2003-01-22
Sistema,7527000.0,2003-01-23
Sistema,7420000.0,2003-01-24
Sistema,7055000.0,2003-01-25
Sistema,6573000.0,2003-01-26
Sistema,7464000.0,2003-01-27
Sistema,7570000.0,2003-01-28
Sistema,7549000.0,2003-01-29
Sistema,7463000.0,2003-01-30
Sistema,7310000.0,2003-01-31
Sistema,6836000.0,2003-02-01
Sistema,6338000.0,2003-02-02
Sistema,7414000.0,2003-02-03
Sistema,7390000.0,2003-02-04
Sistema,7548000.0,2003-02-05
Sistema,7395000.0,2003-02-06
Sistema,7280000.0,2003-02-07
Sistema,6914000.0,2003-02-08
Sistema,6535000.0,2003-02-09
Sistema,7503000.0,2003-02-10
Sistema,7470000.0,2003-02-11
Sistema,7399000.0,2003-02-12
Sistema,7481000.0,2003-02-13
Sistema,7410000.0,2003-02-14
Sistema,6931000.0,2003-02-15
Sistema,6550000.0,2003-02-16
Sistema,7401000.0,2003-02-17
Sistema,7428000.0,2003-02-18
Sistema,7473000.0,2003-02-19
Sistema,7458000.0,2003-02-20
Sistema,7377000.0,2003-02-21
Sistema,7011000.0,2003-02-22
Sistema,6493000.0,2003-02-23
Sistema,7519000.0,2003-02-24
Sistema,7474000.0,2003-02-25
Sistema,7308000.0,2003-02-26
Sistema,7338000.0,2003-02-27
Sistema,7266000.0,2003-02-28
Sistema,7022000.0,2003-03-01
Sistema,6610000.0,2003-03-02
Sistema,7635000.0,2003-03-03
Sistema,7620000.0,2003-03-04
Sistema,7702000.0,2003-03-05
Sistema,7806000.0,2003-03-06
Sistema,7670000.0,2003-03-07
Sistema,7256000.0,2003-03-08
Sistema,6772000.0,2003-03-09
Sistema,7731000.0,2003-03-10
Sistema,7769000.0,2003-03-11
Sistema,7773000.0,2003-03-12
Sistema,7702000.0,2003-03-13
Sistema,7557000.0,2003-03-14
Sistema,7071000.0,2003-03-15
Sistema,6517000.0,2003-03-16
Sistema,7663000.0,2003-03-17
Sistema,7543000.0,2003-03-18
Sistema,7694000.0,2003-03-19
Sistema,7726000.0,2003-03-20
Sistema,7474000.0,2003-03-21
Sistema,7129000.0,2003-03-22
Sistema,6422000.0,2003-03-23
Sistema,6938000.0,2003-03-24
Sistema,7672000.0,2003-03-25
Sistema,7654000.0,2003-03-26
Sistema,7747000.0,2003-03-27
Sistema,7525000.0,2003-03-28
Sistema,7178000.0,2003-03-29
Sistema,6705000.0,2003-03-30
Sistema,7545000.0,2003-03-31
Sistema,7626000.0,2003-04-01
Sistema,7663000.0,2003-04-02
Sistema,7423000.0,2003-04-03
Sistema,7578000.0,2003-04-04
Sistema,7307000.0,2003-04-05
Sistema,6662000.0,2003-04-06
Sistema,7784000.0,2003-04-07
Sistema,7835000.0,2003-04-08
Sistema,7695000.0,2003-04-09
Sistema,7734000.0,2003-04-10
Sistema,7493000.0,2003-04-11
Sistema,7053000.0,2003-04-12
Sistema,6357000.0,2003-04-13
Sistema,7461000.0,2003-04-14
Sistema,7314000.0,2003-04-15
Sistema,7072000.0,2003-04-16
Sistema,6186000.0,2003-04-17
Sistema,5881000.0,2003-04-18
Sistema,6615000.0,2003-04-19
Sistema,6492000.0,2003-04-20
Sistema,7371000.0,2003-04-21
Sistema,7607000.0,2003-04-22
Sistema,7590000.0,2003-04-23
Sistema,7632000.0,2003-04-24
Sistema,7458000.0,2003-04-25
Sistema,7033000.0,2003-04-26
Sistema,6631000.0,2003-04-27
Sistema,7688000.0,2003-04-28
Sistema,7574000.0,2003-04-29
Sistema,7483000.0,2003-04-30
Sistema,6846000.0,2003-05-01
Sistema,7558000.0,2003-05-02
Sistema,7000000.0,2003-05-03
Sistema,6687000.0,2003-05-04
Sistema,7705000.0,2003-05-05
Sistema,7661000.0,2003-05-06
Sistema,7638000.0,2003-05-07
Sistema,7227000.0,2003-05-08
Sistema,7200000.0,2003-05-09
Sistema,6847000.0,2003-05-10
Sistema,6061000.0,2003-05-11
Sistema,7361000.0,2003-05-12
Sistema,7449000.0,2003-05-13
Sistema,7318000.0,2003-05-14
Sistema,7373000.0,2003-05-15
Sistema,7277000.0,2003-05-16
Sistema,6912000.0,2003-05-17
Sistema,6429000.0,2003-05-18
Sistema,7406000.0,2003-05-19
Sistema,7497000.0,2003-05-20
Sistema,7457000.0,2003-05-21
Sistema,7468000.0,2003-05-22
Sistema,7339000.0,2003-05-23
Sistema,7009000.0,2003-05-24
Sistema,6522000.0,2003-05-25
Sistema,7464000.0,2003-05-26
Sistema,7579000.0,2003-05-27
Sistema,7480000.0,2003-05-28
Sistema,7494000.0,2003-05-29
Sistema,7312000.0,2003-05-30
Sistema,6885000.0,2003-05-31
Sistema,6165000.0,2003-06-01
Sistema,6497000.0,2003-06-02
Sistema,7356000.0,2003-06-03
Sistema,7404000.0,2003-06-04
Sistema,7258000.0,2003-06-05
Sistema,7199000.0,2003-06-06
Sistema,6822000.0,2003-06-07
Sistema,6446000.0,2003-06-08
Sistema,7382000.0,2003-06-09
Sistema,7397000.0,2003-06-10
Sistema,7228000.0,2003-06-11
Sistema,7222000.0,2003-06-12
Sistema,7253000.0,2003-06-13
Sistema,6874000.0,2003-06-14
Sistema,6186000.0,2003-06-15
Sistema,7246000.0,2003-06-16
Sistema,7266000.0,2003-06-17
Sistema,7035000.0,2003-06-18
Sistema,7251000.0,2003-06-19
Sistema,7204000.0,2003-06-20
Sistema,6730000.0,2003-06-21
Sistema,6089000.0,2003-06-22
Sistema,6502000.0,2003-06-23
Sistema,7275000.0,2003-06-24
Sistema,7452000.0,2003-06-25
Sistema,7296000.0,2003-06-26
Sistema,7223000.0,2003-06-27
Sistema,6861000.0,2003-06-28
Sistema,6055000.0,2003-06-29
Sistema,6371000.0,2003-06-30
Sistema,7215000.0,2003-07-01
Sistema,7278000.0,2003-07-02
Sistema,7250000.0,2003-07-03
Sistema,7197000.0,2003-07-04
Sistema,6693000.0,2003-07-05
Sistema,6405000.0,2003-07-06
Sistema,7314000.0,2003-07-07
Sistema,7189000.0,2003-07-08
Sistema,7350000.0,2003-07-09
Sistema,7256000.0,2003-07-10
Sistema,7086000.0,2003-07-11
Sistema,6838000.0,2003-07-12
Sistema,6239000.0,2003-07-13
Sistema,7329000.0,2003-07-14
Sistema,7341000.0,2003-07-15
Sistema,7204000.0,2003-07-16
Sistema,7330000.0,2003-07-17
Sistema,7238000.0,2003-07-18
Sistema,6920000.0,2003-07-19
Sistema,6398000.0,2003-07-20
Sistema,7499000.0,2003-07-21
Sistema,7479000.0,2003-07-22
Sistema,7458000.0,2003-07-23
Sistema,7453000.0,2003-07-24
Sistema,7264000.0,2003-07-25
Sistema,6872000.0,2003-07-26
Sistema,6440000.0,2003-07-27
Sistema,7500000.0,2003-07-28
Sistema,7490000.0,2003-07-29
Sistema,7439000.0,2003-07-30
Sistema,7283000.0,2003-07-31
Sistema,7181000.0,2003-08-01
Sistema,6830000.0,2003-08-02
Sistema,6376000.0,2003-08-03
Sistema,7449000.0,2003-08-04
Sistema,7422000.0,2003-08-05
Sistema,7283000.0,2003-08-06
Sistema,6789000.0,2003-08-07
Sistema,7281000.0,2003-08-08
Sistema,6937000.0,2003-08-09
Sistema,6476000.0,2003-08-10
Sistema,7460000.0,2003-08-11
Sistema,7225000.0,2003-08-12
Sistema,7318000.0,2003-08-13
Sistema,7420000.0,2003-08-14
Sistema,7137000.0,2003-08-15
Sistema,6903000.0,2003-08-16
Sistema,6283000.0,2003-08-17
Sistema,6662000.0,2003-08-18
Sistema,7439000.0,2003-08-19
Sistema,7484000.0,2003-08-20
Sistema,7454000.0,2003-08-21
Sistema,7315000.0,2003-08-22
Sistema,6935000.0,2003-08-23
Sistema,6592000.0,2003-08-24
Sistema,7549000.0,2003-08-25
Sistema,7391000.0,2003-08-26
Sistema,7451000.0,2003-08-27
Sistema,7517000.0,2003-08-28
Sistema,7302000.0,2003-08-29
Sistema,6773000.0,2003-08-30
Sistema,6501000.0,2003-08-31
Sistema,7440000.0,2003-09-01
Sistema,7464000.0,2003-09-02
Sistema,7475000.0,2003-09-03
Sistema,7470000.0,2003-09-04
Sistema,7223000.0,2003-09-05
Sistema,6891000.0,2003-09-06
Sistema,6521000.0,2003-09-07
Sistema,7514000.0,2003-09-08
Sistema,7379000.0,2003-09-09
Sistema,7378000.0,2003-09-10
Sistema,7409000.0,2003-09-11
Sistema,7390000.0,2003-09-12
Sistema,6941000.0,2003-09-13
Sistema,6474000.0,2003-09-14
Sistema,7456000.0,2003-09-15
Sistema,7471000.0,2003-09-16
Sistema,7422000.0,2003-09-17
Sistema,7388000.0,2003-09-18
Sistema,7333000.0,2003-09-19
Sistema,6879000.0,2003-09-20
Sistema,6406000.0,2003-09-21
Sistema,7378000.0,2003-09-22
Sistema,7467000.0,2003-09-23
Sistema,7336000.0,2003-09-24
Sistema,7336000.0,2003-09-25
Sistema,7233000.0,2003-09-26
Sistema,6873000.0,2003-09-27
Sistema,6253000.0,2003-09-28
Sistema,7404000.0,2003-09-29
Sistema,7394000.0,2003-09-30
Sistema,7292000.0,2003-10-01
Sistema,7428000.0,2003-10-02
Sistema,7411000.0,2003-10-03
Sistema,6989000.0,2003-10-04
Sistema,6437000.0,2003-10-05
Sistema,7366000.0,2003-10-06
Sistema,7458000.0,2003-10-07
Sistema,7505000.0,2003-10-08
Sistema,7488000.0,2003-10-09
Sistema,7379000.0,2003-10-10
Sistema,6899000.0,2003-10-11
Sistema,6264000.0,2003-10-12
Sistema,6545000.0,2003-10-13
Sistema,7519000.0,2003-10-14
Sistema,7484000.0,2003-10-15
Sistema,7527000.0,2003-10-16
Sistema,7432000.0,2003-10-17
Sistema,6973000.0,2003-10-18
Sistema,6414000.0,2003-10-19
Sistema,7545000.0,2003-10-20
Sistema,7467000.0,2003-10-21
Sistema,7497000.0,2003-10-22
Sistema,7629000.0,2003-10-23
Sistema,7391000.0,2003-10-24
Sistema,6739000.0,2003-10-25
Sistema,6300000.0,2003-10-26
Sistema,7495000.0,2003-10-27
Sistema,7653000.0,2003-10-28
Sistema,7532000.0,2003-10-29
Sistema,7493000.0,2003-10-30
Sistema,7205000.0,2003-10-31
Sistema,6881000.0,2003-11-01
Sistema,6316000.0,2003-11-02
Sistema,6589000.0,2003-11-03
Sistema,7572000.0,2003-11-04
Sistema,7591000.0,2003-11-05
Sistema,7550000.0,2003-11-06
Sistema,7507000.0,2003-11-07
Sistema,7035000.0,2003-11-08
Sistema,6508000.0,2003-11-09
Sistema,7556000.0,2003-11-10
Sistema,7554000.0,2003-11-11
Sistema,7624000.0,2003-11-12
Sistema,7604000.0,2003-11-13
Sistema,7424000.0,2003-11-14
Sistema,7101000.0,2003-11-15
Sistema,6405000.0,2003-11-16
Sistema,6784000.0,2003-11-17
Sistema,7649000.0,2003-11-18
Sistema,7736000.0,2003-11-19
Sistema,7693000.0,2003-11-20
Sistema,7677000.0,2003-11-21
Sistema,7055000.0,2003-11-22
Sistema,6552000.0,2003-11-23
Sistema,7664000.0,2003-11-24
Sistema,7768000.0,2003-11-25
Sistema,7684000.0,2003-11-26
Sistema,7714000.0,2003-11-27
Sistema,7594000.0,2003-11-28
Sistema,7074000.0,2003-11-29
Sistema,6657000.0,2003-11-30
Sistema,7668000.0,2003-12-01
Sistema,7724000.0,2003-12-02
Sistema,7689000.0,2003-12-03
Sistema,7760000.0,2003-12-04
Sistema,7670000.0,2003-12-05
Sistema,7218000.0,2003-12-06
Sistema,6769000.0,2003-12-07
Sistema,6940000.0,2003-12-08
Sistema,8050000.0,2003-12-09
Sistema,8024000.0,2003-12-10
Sistema,7989000.0,2003-12-11
Sistema,7934000.0,2003-12-12
Sistema,7479000.0,2003-12-13
Sistema,7100000.0,2003-12-14
Sistema,8000000.0,2003-12-15
Sistema,7971000.0,2003-12-16
Sistema,7981000.0,2003-12-17
Sistema,8028000.0,2003-12-18
Sistema,7929000.0,2003-12-19
Sistema,7408000.0,2003-12-20
Sistema,6984000.0,2003-12-21
Sistema,7684000.0,2003-12-22
Sistema,7633000.0,2003-12-23
Sistema,7041000.0,2003-12-24
Sistema,6256000.0,2003-12-25
Sistema,7442000.0,2003-12-26
Sistema,7156000.0,2003-12-27
Sistema,6763000.0,2003-12-28
Sistema,7428000.0,2003-12-29
Sistema,7198000.0,2003-12-30
Sistema,6725000.0,2003-12-31
Sistema,6095000.0,2004-01-01
Sistema,7289000.0,2004-01-02
Sistema,7092000.0,2004-01-03
Sistema,6735000.0,2004-01-04
Sistema,7506000.0,2004-01-05
Sistema,7465000.0,2004-01-06
Sistema,7486000.0,2004-01-07
Sistema,7501000.0,2004-01-08
Sistema,7457000.0,2004-01-09
Sistema,7160000.0,2004-01-10
Sistema,6529000.0,2004-01-11
Sistema,6844000.0,2004-01-12
Sistema,7644000.0,2004-01-13
Sistema,7679000.0,2004-01-14
Sistema,7817000.0,2004-01-15
Sistema,7691000.0,2004-01-16
Sistema,7235000.0,2004-01-17
Sistema,6706000.0,2004-01-18
Sistema,7718000.0,2004-01-19
Sistema,7670000.0,2004-01-20
Sistema,7646000.0,2004-01-21
Sistema,7576000.0,2004-01-22
Sistema,7558000.0,2004-01-23
Sistema,7137000.0,2004-01-24
Sistema,6642000.0,2004-01-25
Sistema,7628000.0,2004-01-26
Sistema,7712000.0,2004-01-27
Sistema,7751000.0,2004-01-28
Sistema,7730000.0,2004-01-29
Sistema,7683000.0,2004-01-30
Sistema,7232000.0,2004-01-31
Sistema,6869000.0,2004-02-01
Sistema,7702000.0,2004-02-02
Sistema,7859000.0,2004-02-03
Sistema,7859000.0,2004-02-04
Sistema,7963000.0,2004-02-05
Sistema,7694000.0,2004-02-06
Sistema,7445000.0,2004-02-07
Sistema,6928000.0,2004-02-08
Sistema,7725000.0,2004-02-09
Sistema,7834000.0,2004-02-10
Sistema,7820000.0,2004-02-11
Sistema,7865000.0,2004-02-12
Sistema,7789000.0,2004-02-13
Sistema,7410000.0,2004-02-14
Sistema,6888000.0,2004-02-15
Sistema,7929000.0,2004-02-16
Sistema,7932000.0,2004-02-17
Sistema,7970000.0,2004-02-18
Sistema,7888000.0,2004-02-19
Sistema,7699000.0,2004-02-20
Sistema,7244000.0,2004-02-21
Sistema,6799000.0,2004-02-22
Sistema,7706000.0,2004-02-23
Sistema,7687000.0,2004-02-24
Sistema,7792000.0,2004-02-25
Sistema,7877000.0,2004-02-26
Sistema,7626000.0,2004-02-27
Sistema,7297000.0,2004-02-28
Sistema,6794000.0,2004-02-29
Sistema,7813000.0,2004-03-01
Sistema,7819000.0,2004-03-02
Sistema,7769000.0,2004-03-03
Sistema,7915000.0,2004-03-04
Sistema,7708000.0,2004-03-05
Sistema,7206000.0,2004-03-06
Sistema,6835000.0,2004-03-07
Sistema,7867000.0,2004-03-08
Sistema,7977000.0,2004-03-09
Sistema,7844000.0,2004-03-10
Sistema,7912000.0,2004-03-11
Sistema,7794000.0,2004-03-12
Sistema,7054000.0,2004-03-13
Sistema,6970000.0,2004-03-14
Sistema,7946000.0,2004-03-15
Sistema,7974000.0,2004-03-16
Sistema,8000000.0,2004-03-17
Sistema,8062000.0,2004-03-18
Sistema,7911000.0,2004-03-19
Sistema,7447000.0,2004-03-20
Sistema,6750000.0,2004-03-21
Sistema,7146000.0,2004-03-22
Sistema,7836000.0,2004-03-23
Sistema,8221000.0,2004-03-24
Sistema,8207000.0,2004-03-25
Sistema,7947000.0,2004-03-26
Sistema,7506000.0,2004-03-27
Sistema,6998000.0,2004-03-28
Sistema,7852000.0,2004-03-29
Sistema,8007000.0,2004-03-30
Sistema,7993000.0,2004-03-31
Sistema,7925000.0,2004-04-01
Sistema,7697000.0,2004-04-02
Sistema,7212000.0,2004-04-03
Sistema,6799000.0,2004-04-04
Sistema,7798000.0,2004-04-05
Sistema,7905000.0,2004-04-06
Sistema,7578000.0,2004-04-07
Sistema,6501000.0,2004-04-08
Sistema,6264000.0,2004-04-09
Sistema,6916000.0,2004-04-10
Sistema,6863000.0,2004-04-11
Sistema,7888000.0,2004-04-12
Sistema,7862000.0,2004-04-13
Sistema,7709000.0,2004-04-14
Sistema,7377000.0,2004-04-15
Sistema,7619000.0,2004-04-16
Sistema,7183000.0,2004-04-17
Sistema,6849000.0,2004-04-18
Sistema,7727000.0,2004-04-19
Sistema,7711000.0,2004-04-20
Sistema,7892000.0,2004-04-21
Sistema,7719000.0,2004-04-22
Sistema,7578000.0,2004-04-23
Sistema,7267000.0,2004-04-24
Sistema,6706000.0,2004-04-25
Sistema,7724000.0,2004-04-26
Sistema,7743000.0,2004-04-27
Sistema,7873000.0,2004-04-28
Sistema,7919000.0,2004-04-29
Sistema,7454000.0,2004-04-30
Sistema,6796000.0,2004-05-01
Sistema,6671000.0,2004-05-02
Sistema,7777000.0,2004-05-03
Sistema,7977000.0,2004-05-04
Sistema,7789000.0,2004-05-05
Sistema,7922000.0,2004-05-06
Sistema,7847000.0,2004-05-07
Sistema,7311000.0,2004-05-08
Sistema,6579000.0,2004-05-09
Sistema,7955000.0,2004-05-10
Sistema,8010000.0,2004-05-11
Sistema,7778000.0,2004-05-12
Sistema,7775000.0,2004-05-13
Sistema,7756000.0,2004-05-14
Sistema,7225000.0,2004-05-15
Sistema,6730000.0,2004-05-16
Sistema,7782000.0,2004-05-17
Sistema,7615000.0,2004-05-18
Sistema,7648000.0,2004-05-19
Sistema,7643000.0,2004-05-20
Sistema,7640000.0,2004-05-21
Sistema,7139000.0,2004-05-22
Sistema,6574000.0,2004-05-23
Sistema,7109000.0,2004-05-24
Sistema,7754000.0,2004-05-25
Sistema,7808000.0,2004-05-26
Sistema,7720000.0,2004-05-27
Sistema,7523000.0,2004-05-28
Sistema,7007000.0,2004-05-29
Sistema,7040000.0,2004-05-30
Sistema,8081000.0,2004-05-31
Sistema,7606000.0,2004-06-01
Sistema,7676000.0,2004-06-02
Sistema,7883000.0,2004-06-03
Sistema,7644000.0,2004-06-04
Sistema,7136000.0,2004-06-05
Sistema,6716000.0,2004-06-06
Sistema,7809000.0,2004-06-07
Sistema,7852000.0,2004-06-08
Sistema,7753000.0,2004-06-09
Sistema,7825000.0,2004-06-10
Sistema,7687000.0,2004-06-11
Sistema,7214000.0,2004-06-12
Sistema,6542000.0,2004-06-13
Sistema,6863000.0,2004-06-14
Sistema,7750000.0,2004-06-15
Sistema,7605000.0,2004-06-16
Sistema,7842000.0,2004-06-17
Sistema,7736000.0,2004-06-18
Sistema,7319000.0,2004-06-19
Sistema,6336000.0,2004-06-20
Sistema,6765000.0,2004-06-21
Sistema,7760000.0,2004-06-22
Sistema,7710000.0,2004-06-23
Sistema,7711000.0,2004-06-24
Sistema,7767000.0,2004-06-25
Sistema,7344000.0,2004-06-26
Sistema,6722000.0,2004-06-27
Sistema,7579000.0,2004-06-28
Sistema,7769000.0,2004-06-29
Sistema,7752000.0,2004-06-30
Sistema,7657000.0,2004-07-01
Sistema,7583000.0,2004-07-02
Sistema,7174000.0,2004-07-03
Sistema,6395000.0,2004-07-04
Sistema,6786000.0,2004-07-05
Sistema,7607000.0,2004-07-06
Sistema,7584000.0,2004-07-07
Sistema,7622000.0,2004-07-08
Sistema,7670000.0,2004-07-09
Sistema,7272000.0,2004-07-10
Sistema,6615000.0,2004-07-11
Sistema,7697000.0,2004-07-12
Sistema,7771000.0,2004-07-13
Sistema,7692000.0,2004-07-14
Sistema,7714000.0,2004-07-15
Sistema,7452000.0,2004-07-16
Sistema,7145000.0,2004-07-17
Sistema,6586000.0,2004-07-18
Sistema,7558000.0,2004-07-19
Sistema,7189000.0,2004-07-20
Sistema,7791000.0,2004-07-21
Sistema,7783000.0,2004-07-22
Sistema,7673000.0,2004-07-23
Sistema,7236000.0,2004-07-24
Sistema,6818000.0,2004-07-25
Sistema,7813000.0,2004-07-26
Sistema,7792000.0,2004-07-27
Sistema,7588000.0,2004-07-28
Sistema,7578000.0,2004-07-29
Sistema,7458000.0,2004-07-30
Sistema,6750000.0,2004-07-31
Sistema,6551000.0,2004-08-01
Sistema,7519000.0,2004-08-02
Sistema,7561000.0,2004-08-03
Sistema,7695000.0,2004-08-04
Sistema,7625000.0,2004-08-05
Sistema,7468000.0,2004-08-06
Sistema,6742000.0,2004-08-07
Sistema,6567000.0,2004-08-08
Sistema,7708000.0,2004-08-09
Sistema,7682000.0,2004-08-10
Sistema,7686000.0,2004-08-11
Sistema,7612000.0,2004-08-12
Sistema,7543000.0,2004-08-13
Sistema,7089000.0,2004-08-14
Sistema,6378000.0,2004-08-15
Sistema,6813000.0,2004-08-16
Sistema,7651000.0,2004-08-17
Sistema,7674000.0,2004-08-18
Sistema,7773000.0,2004-08-19
Sistema,7749000.0,2004-08-20
Sistema,7144000.0,2004-08-21
Sistema,6788000.0,2004-08-22
Sistema,7735000.0,2004-08-23
Sistema,7628000.0,2004-08-24
Sistema,7649000.0,2004-08-25
Sistema,7632000.0,2004-08-26
Sistema,7546000.0,2004-08-27
Sistema,6939000.0,2004-08-28
Sistema,6673000.0,2004-08-29
Sistema,7633000.0,2004-08-30
Sistema,7693000.0,2004-08-31
Sistema,7724000.0,2004-09-01
Sistema,7420000.0,2004-09-02
Sistema,7456000.0,2004-09-03
Sistema,7112000.0,2004-09-04
Sistema,6528000.0,2004-09-05
Sistema,7495000.0,2004-09-06
Sistema,7478000.0,2004-09-07
Sistema,7357000.0,2004-09-08
Sistema,7553000.0,2004-09-09
Sistema,7358000.0,2004-09-10
Sistema,6944000.0,2004-09-11
Sistema,6647000.0,2004-09-12
Sistema,7517000.0,2004-09-13
Sistema,7577000.0,2004-09-14
Sistema,7663000.0,2004-09-15
Sistema,7678000.0,2004-09-16
Sistema,7542000.0,2004-09-17
Sistema,7121000.0,2004-09-18
Sistema,6660000.0,2004-09-19
Sistema,7523000.0,2004-09-20
Sistema,7604000.0,2004-09-21
Sistema,7694000.0,2004-09-22
Sistema,7761000.0,2004-09-23
Sistema,7425000.0,2004-09-24
Sistema,6801000.0,2004-09-25
Sistema,6456000.0,2004-09-26
Sistema,7561000.0,2004-09-27
Sistema,7530000.0,2004-09-28
Sistema,7483000.0,2004-09-29
Sistema,7630000.0,2004-09-30
Sistema,7390000.0,2004-10-01
Sistema,7073000.0,2004-10-02
Sistema,6622000.0,2004-10-03
Sistema,7715000.0,2004-10-04
Sistema,7637000.0,2004-10-05
Sistema,7625000.0,2004-10-06
Sistema,7548000.0,2004-10-07
Sistema,7407000.0,2004-10-08
Sistema,6985000.0,2004-10-09
Sistema,6634000.0,2004-10-10
Sistema,7731000.0,2004-10-11
Sistema,7623000.0,2004-10-12
Sistema,7746000.0,2004-10-13
Sistema,7797000.0,2004-10-14
Sistema,7780000.0,2004-10-15
Sistema,7231000.0,2004-10-16
Sistema,6459000.0,2004-10-17
Sistema,6715000.0,2004-10-18
Sistema,7655000.0,2004-10-19
Sistema,7539000.0,2004-10-20
Sistema,7621000.0,2004-10-21
Sistema,7580000.0,2004-10-22
Sistema,7066000.0,2004-10-23
Sistema,6618000.0,2004-10-24
Sistema,7779000.0,2004-10-25
Sistema,7698000.0,2004-10-26
Sistema,7794000.0,2004-10-27
Sistema,7737000.0,2004-10-28
Sistema,7600000.0,2004-10-29
Sistema,7120000.0,2004-10-30
Sistema,6339000.0,2004-10-31
Sistema,6900000.0,2004-11-01
Sistema,7603000.0,2004-11-02
Sistema,7665000.0,2004-11-03
Sistema,7641000.0,2004-11-04
Sistema,7627000.0,2004-11-05
Sistema,7056000.0,2004-11-06
Sistema,6529000.0,2004-11-07
Sistema,7688000.0,2004-11-08
Sistema,7723000.0,2004-11-09
Sistema,7678000.0,2004-11-10
Sistema,7745000.0,2004-11-11
Sistema,7653000.0,2004-11-12
Sistema,7210000.0,2004-11-13
Sistema,6381000.0,2004-11-14
Sistema,6764000.0,2004-11-15
Sistema,7792000.0,2004-11-16
Sistema,7713000.0,2004-11-17
Sistema,7767000.0,2004-11-18
Sistema,7760000.0,2004-11-19
Sistema,7263000.0,2004-11-20
Sistema,6707000.0,2004-11-21
Sistema,7894000.0,2004-11-22
Sistema,7915000.0,2004-11-23
Sistema,7853000.0,2004-11-24
Sistema,7829000.0,2004-11-25
Sistema,7754000.0,2004-11-26
Sistema,7300000.0,2004-11-27
Sistema,6823000.0,2004-11-28
Sistema,7907000.0,2004-11-29
Sistema,7969000.0,2004-11-30
Sistema,7899000.0,2004-12-01
Sistema,7997000.0,2004-12-02
Sistema,7884000.0,2004-12-03
Sistema,7461000.0,2004-12-04
Sistema,7080000.0,2004-12-05
Sistema,8162000.0,2004-12-06
Sistema,7939000.0,2004-12-07
Sistema,7530000.0,2004-12-08
Sistema,8327000.0,2004-12-09
Sistema,8218000.0,2004-12-10
Sistema,7711000.0,2004-12-11
Sistema,7175000.0,2004-12-12
Sistema,8252000.0,2004-12-13
Sistema,8300000.0,2004-12-14
Sistema,8332000.0,2004-12-15
Sistema,8130000.0,2004-12-16
Sistema,8068000.0,2004-12-17
Sistema,7459000.0,2004-12-18
Sistema,7029000.0,2004-12-19
Sistema,8023000.0,2004-12-20
Sistema,8122000.0,2004-12-21
Sistema,8102000.0,2004-12-22
Sistema,7891000.0,2004-12-23
Sistema,7268000.0,2004-12-24
Sistema,6410000.0,2004-12-25
Sistema,6858000.0,2004-12-26
Sistema,7808000.0,2004-12-27
Sistema,7760000.0,2004-12-28
Sistema,7691000.0,2004-12-29
Sistema,7531000.0,2004-12-30
Sistema,7214000.0,2004-12-31
Sistema,6007000.0,2005-01-01
Sistema,6500000.0,2005-01-02
Sistema,7503000.0,2005-01-03
Sistema,7484000.0,2005-01-04
Sistema,7428000.0,2005-01-05
Sistema,7476000.0,2005-01-06
Sistema,7387000.0,2005-01-07
Sistema,7019000.0,2005-01-08
Sistema,6421000.0,2005-01-09
Sistema,6676000.0,2005-01-10
Sistema,7580000.0,2005-01-11
Sistema,7616000.0,2005-01-12
Sistema,7692000.0,2005-01-13
Sistema,7488000.0,2005-01-14
Sistema,7157000.0,2005-01-15
Sistema,6538000.0,2005-01-16
Sistema,7541000.0,2005-01-17
Sistema,7589000.0,2005-01-18
Sistema,7624000.0,2005-01-19
Sistema,7731000.0,2005-01-20
Sistema,7627000.0,2005-01-21
Sistema,7178000.0,2005-01-22
Sistema,6693000.0,2005-01-23
Sistema,7638000.0,2005-01-24
Sistema,7577000.0,2005-01-25
Sistema,7797000.0,2005-01-26
Sistema,7782000.0,2005-01-27
Sistema,7626000.0,2005-01-28
Sistema,7173000.0,2005-01-29
Sistema,6660000.0,2005-01-30
Sistema,7772000.0,2005-01-31
Sistema,7630000.0,2005-02-01
Sistema,7684000.0,2005-02-02
Sistema,7698000.0,2005-02-03
Sistema,7580000.0,2005-02-04
Sistema,7133000.0,2005-02-05
Sistema,6732000.0,2005-02-06
Sistema,7757000.0,2005-02-07
Sistema,7713000.0,2005-02-08
Sistema,7682000.0,2005-02-09
Sistema,7801000.0,2005-02-10
Sistema,7585000.0,2005-02-11
Sistema,7065000.0,2005-02-12
Sistema,6753000.0,2005-02-13
Sistema,7779000.0,2005-02-14
Sistema,7767000.0,2005-02-15
Sistema,7821000.0,2005-02-16
Sistema,7852000.0,2005-02-17
Sistema,7787000.0,2005-02-18
Sistema,7320000.0,2005-02-19
Sistema,6757000.0,2005-02-20
Sistema,7805000.0,2005-02-21
Sistema,7815000.0,2005-02-22
Sistema,7844000.0,2005-02-23
Sistema,7880000.0,2005-02-24
Sistema,7774000.0,2005-02-25
Sistema,7567000.0,2005-02-26
Sistema,7002000.0,2005-02-27
Sistema,7943000.0,2005-02-28
Sistema,7998000.0,2005-03-01
Sistema,7896000.0,2005-03-02
Sistema,7913000.0,2005-03-03
Sistema,7733000.0,2005-03-04
Sistema,7261000.0,2005-03-05
Sistema,6704000.0,2005-03-06
Sistema,7803000.0,2005-03-07
Sistema,7852000.0,2005-03-08
Sistema,7971000.0,2005-03-09
Sistema,7813000.0,2005-03-10
Sistema,7935000.0,2005-03-11
Sistema,7399000.0,2005-03-12
Sistema,6913000.0,2005-03-13
Sistema,8085000.0,2005-03-14
Sistema,8001000.0,2005-03-15
Sistema,8020000.0,2005-03-16
Sistema,8051000.0,2005-03-17
Sistema,7875000.0,2005-03-18
Sistema,7388000.0,2005-03-19
Sistema,6681000.0,2005-03-20
Sistema,7017000.0,2005-03-21
Sistema,7828000.0,2005-03-22
Sistema,7411000.0,2005-03-23
Sistema,6406000.0,2005-03-24
Sistema,6105000.0,2005-03-25
Sistema,6939000.0,2005-03-26
Sistema,6791000.0,2005-03-27
Sistema,7932000.0,2005-03-28
Sistema,8004000.0,2005-03-29
Sistema,8005000.0,2005-03-30
Sistema,7962000.0,2005-03-31
Sistema,7875000.0,2005-04-01
Sistema,7331000.0,2005-04-02
Sistema,6680000.0,2005-04-03
Sistema,7915000.0,2005-04-04
Sistema,7873000.0,2005-04-05
Sistema,7804000.0,2005-04-06
Sistema,7947000.0,2005-04-07
Sistema,7882000.0,2005-04-08
Sistema,7450000.0,2005-04-09
Sistema,6848000.0,2005-04-10
Sistema,7960000.0,2005-04-11
Sistema,7904000.0,2005-04-12
Sistema,7959000.0,2005-04-13
Sistema,7912000.0,2005-04-14
Sistema,7731000.0,2005-04-15
Sistema,7477000.0,2005-04-16
Sistema,6799000.0,2005-04-17
Sistema,7944000.0,2005-04-18
Sistema,8103000.0,2005-04-19
Sistema,7820000.0,2005-04-20
Sistema,7846000.0,2005-04-21
Sistema,7785000.0,2005-04-22
Sistema,7257000.0,2005-04-23
Sistema,6738000.0,2005-04-24
Sistema,7931000.0,2005-04-25
Sistema,7945000.0,2005-04-26
Sistema,7838000.0,2005-04-27
Sistema,7880000.0,2005-04-28
Sistema,7709000.0,2005-04-29
Sistema,7199000.0,2005-04-30
Sistema,6719000.0,2005-05-01
Sistema,7728000.0,2005-05-02
Sistema,7801000.0,2005-05-03
Sistema,7908000.0,2005-05-04
Sistema,7975000.0,2005-05-05
Sistema,7724000.0,2005-05-06
Sistema,7509000.0,2005-05-07
Sistema,6327000.0,2005-05-08
Sistema,7231000.0,2005-05-09
Sistema,7978000.0,2005-05-10
Sistema,7923000.0,2005-05-11
Sistema,7823000.0,2005-05-12
Sistema,7663000.0,2005-05-13
Sistema,7253000.0,2005-05-14
Sistema,6859000.0,2005-05-15
Sistema,7825000.0,2005-05-16
Sistema,7789000.0,2005-05-17
Sistema,7809000.0,2005-05-18
Sistema,7879000.0,2005-05-19
Sistema,7738000.0,2005-05-20
Sistema,7217000.0,2005-05-21
Sistema,6787000.0,2005-05-22
Sistema,7785000.0,2005-05-23
Sistema,7843000.0,2005-05-24
Sistema,7842000.0,2005-05-25
Sistema,7999000.0,2005-05-26
Sistema,7785000.0,2005-05-27
Sistema,7269000.0,2005-05-28
Sistema,6660000.0,2005-05-29
Sistema,6990000.0,2005-05-30
Sistema,7730000.0,2005-05-31
Sistema,7743000.0,2005-06-01
Sistema,7831000.0,2005-06-02
Sistema,7742000.0,2005-06-03
Sistema,7319000.0,2005-06-04
Sistema,6395000.0,2005-06-05
Sistema,6816000.0,2005-06-06
Sistema,7858000.0,2005-06-07
Sistema,7761000.0,2005-06-08
Sistema,7847000.0,2005-06-09
Sistema,7876000.0,2005-06-10
Sistema,7234000.0,2005-06-11
Sistema,6700000.0,2005-06-12
Sistema,7862000.0,2005-06-13
Sistema,7811000.0,2005-06-14
Sistema,7928000.0,2005-06-15
Sistema,7890000.0,2005-06-16
Sistema,7690000.0,2005-06-17
Sistema,7335000.0,2005-06-18
Sistema,6486000.0,2005-06-19
Sistema,7841000.0,2005-06-20
Sistema,7785000.0,2005-06-21
Sistema,7655000.0,2005-06-22
Sistema,7915000.0,2005-06-23
Sistema,7628000.0,2005-06-24
Sistema,7207000.0,2005-06-25
Sistema,6692000.0,2005-06-26
Sistema,7711000.0,2005-06-27
Sistema,7766000.0,2005-06-28
Sistema,7558000.0,2005-06-29
Sistema,7572000.0,2005-06-30
Sistema,7442000.0,2005-07-01
Sistema,7084000.0,2005-07-02
Sistema,6378000.0,2005-07-03
Sistema,6692000.0,2005-07-04
Sistema,7858000.0,2005-07-05
Sistema,7654000.0,2005-07-06
Sistema,7730000.0,2005-07-07
Sistema,7726000.0,2005-07-08
Sistema,7323000.0,2005-07-09
Sistema,6840000.0,2005-07-10
Sistema,7787000.0,2005-07-11
Sistema,7700000.0,2005-07-12
Sistema,7764000.0,2005-07-13
Sistema,7862000.0,2005-07-14
Sistema,7670000.0,2005-07-15
Sistema,7190000.0,2005-07-16
Sistema,6757000.0,2005-07-17
Sistema,7718000.0,2005-07-18
Sistema,7700000.0,2005-07-19
Sistema,7020000.0,2005-07-20
Sistema,7786000.0,2005-07-21
Sistema,7689000.0,2005-07-22
Sistema,7232000.0,2005-07-23
Sistema,6817000.0,2005-07-24
Sistema,7769000.0,2005-07-25
Sistema,7867000.0,2005-07-26
Sistema,7951000.0,2005-07-27
Sistema,7888000.0,2005-07-28
Sistema,7738000.0,2005-07-29
Sistema,7221000.0,2005-07-30
Sistema,6678000.0,2005-07-31
Sistema,7852000.0,2005-08-01
Sistema,7946000.0,2005-08-02
Sistema,7902000.0,2005-08-03
Sistema,7933000.0,2005-08-04
Sistema,7723000.0,2005-08-05
Sistema,7385000.0,2005-08-06
Sistema,6893000.0,2005-08-07
Sistema,8045000.0,2005-08-08
Sistema,7985000.0,2005-08-09
Sistema,7926000.0,2005-08-10
Sistema,7977000.0,2005-08-11
Sistema,8017000.0,2005-08-12
Sistema,7378000.0,2005-08-13
Sistema,6555000.0,2005-08-14
Sistema,6944000.0,2005-08-15
Sistema,7813000.0,2005-08-16
Sistema,7884000.0,2005-08-17
Sistema,7913000.0,2005-08-18
Sistema,7841000.0,2005-08-19
Sistema,7463000.0,2005-08-20
Sistema,6863000.0,2005-08-21
Sistema,7910000.0,2005-08-22
Sistema,7874000.0,2005-08-23
Sistema,7861000.0,2005-08-24
Sistema,7934000.0,2005-08-25
Sistema,7850000.0,2005-08-26
Sistema,7409000.0,2005-08-27
Sistema,6837000.0,2005-08-28
Sistema,8107000.0,2005-08-29
Sistema,7906000.0,2005-08-30
Sistema,7867000.0,2005-08-31
Sistema,7998000.0,2005-09-01
Sistema,7838000.0,2005-09-02
Sistema,7415000.0,2005-09-03
Sistema,7034000.0,2005-09-04
Sistema,8050000.0,2005-09-05
Sistema,8015000.0,2005-09-06
Sistema,8098000.0,2005-09-07
Sistema,8005000.0,2005-09-08
Sistema,7810000.0,2005-09-09
Sistema,7473000.0,2005-09-10
Sistema,7082000.0,2005-09-11
Sistema,7960000.0,2005-09-12
Sistema,8008000.0,2005-09-13
Sistema,8109000.0,2005-09-14
Sistema,8007000.0,2005-09-15
Sistema,7816000.0,2005-09-16
Sistema,7440000.0,2005-09-17
Sistema,6912000.0,2005-09-18
Sistema,7976000.0,2005-09-19
Sistema,7972000.0,2005-09-20
Sistema,7969000.0,2005-09-21
Sistema,7950000.0,2005-09-22
Sistema,7829000.0,2005-09-23
Sistema,7407000.0,2005-09-24
Sistema,6854000.0,2005-09-25
Sistema,8034000.0,2005-09-26
Sistema,8008000.0,2005-09-27
Sistema,7903000.0,2005-09-28
Sistema,7868000.0,2005-09-29
Sistema,7830000.0,2005-09-30
Sistema,7228000.0,2005-10-01
Sistema,6894000.0,2005-10-02
Sistema,7761000.0,2005-10-03
Sistema,7785000.0,2005-10-04
Sistema,7917000.0,2005-10-05
Sistema,8027000.0,2005-10-06
Sistema,7965000.0,2005-10-07
Sistema,7403000.0,2005-10-08
Sistema,6684000.0,2005-10-09
Sistema,7995000.0,2005-10-10
Sistema,7962000.0,2005-10-11
Sistema,7968000.0,2005-10-12
Sistema,8020000.0,2005-10-13
Sistema,7905000.0,2005-10-14
Sistema,7370000.0,2005-10-15
Sistema,6473000.0,2005-10-16
Sistema,7055000.0,2005-10-17
Sistema,7821000.0,2005-10-18
Sistema,8078000.0,2005-10-19
Sistema,7894000.0,2005-10-20
Sistema,7845000.0,2005-10-21
Sistema,7407000.0,2005-10-22
Sistema,6995000.0,2005-10-23
Sistema,7950000.0,2005-10-24
Sistema,7945000.0,2005-10-25
Sistema,7943000.0,2005-10-26
Sistema,8064000.0,2005-10-27
Sistema,7931000.0,2005-10-28
Sistema,7336000.0,2005-10-29
Sistema,6987000.0,2005-10-30
Sistema,7750000.0,2005-10-31
Sistema,7980000.0,2005-11-01
Sistema,8010000.0,2005-11-02
Sistema,7890000.0,2005-11-03
Sistema,7790000.0,2005-11-04
Sistema,7343000.0,2005-11-05
Sistema,6590000.0,2005-11-06
Sistema,7071000.0,2005-11-07
Sistema,8076000.0,2005-11-08
Sistema,8045000.0,2005-11-09
Sistema,7950000.0,2005-11-10
Sistema,7926000.0,2005-11-11
Sistema,7400000.0,2005-11-12
Sistema,6796000.0,2005-11-13
Sistema,6950000.0,2005-11-14
Sistema,7929000.0,2005-11-15
Sistema,7946000.0,2005-11-16
Sistema,7969000.0,2005-11-17
Sistema,7912000.0,2005-11-18
Sistema,7415000.0,2005-11-19
Sistema,6876000.0,2005-11-20
Sistema,7974000.0,2005-11-21
Sistema,7947000.0,2005-11-22
Sistema,8167000.0,2005-11-23
Sistema,8062000.0,2005-11-24
Sistema,8048000.0,2005-11-25
Sistema,7665000.0,2005-11-26
Sistema,7074000.0,2005-11-27
Sistema,8201000.0,2005-11-28
Sistema,8185000.0,2005-11-29
Sistema,8228000.0,2005-11-30
Sistema,8177000.0,2005-12-01
Sistema,8099000.0,2005-12-02
Sistema,7632000.0,2005-12-03
Sistema,7219000.0,2005-12-04
Sistema,8317000.0,2005-12-05
Sistema,8475000.0,2005-12-06
Sistema,8106000.0,2005-12-07
Sistema,7453000.0,2005-12-08
Sistema,8393000.0,2005-12-09
Sistema,8006000.0,2005-12-10
Sistema,7446000.0,2005-12-11
Sistema,8553000.0,2005-12-12
Sistema,8536000.0,2005-12-13
Sistema,8397000.0,2005-12-14
Sistema,8639000.0,2005-12-15
Sistema,8278000.0,2005-12-16
Sistema,7588000.0,2005-12-17
Sistema,7067000.0,2005-12-18
Sistema,8278000.0,2005-12-19
Sistema,8304000.0,2005-12-20
Sistema,8264000.0,2005-12-21
Sistema,8207000.0,2005-12-22
Sistema,8017000.0,2005-12-23
Sistema,7443000.0,2005-12-24
Sistema,6439000.0,2005-12-25
Sistema,7970000.0,2005-12-26
Sistema,8093000.0,2005-12-27
Sistema,8076000.0,2005-12-28
Sistema,8041000.0,2005-12-29
Sistema,7611000.0,2005-12-30
Sistema,7095000.0,2005-12-31
Sistema,6116000.0,2006-01-01
Sistema,7560000.0,2006-01-02
Sistema,7633000.0,2006-01-03
Sistema,7627000.0,2006-01-04
Sistema,7496000.0,2006-01-05
Sistema,7692000.0,2006-01-06
Sistema,7017000.0,2006-01-07
Sistema,6369000.0,2006-01-08
Sistema,6691000.0,2006-01-09
Sistema,7558000.0,2006-01-10
Sistema,7667000.0,2006-01-11
Sistema,7693000.0,2006-01-12
Sistema,7861000.0,2006-01-13
Sistema,7283000.0,2006-01-14
Sistema,6896000.0,2006-01-15
Sistema,7698000.0,2006-01-16
Sistema,7851000.0,2006-01-17
Sistema,7833000.0,2006-01-18
Sistema,7952000.0,2006-01-19
Sistema,7871000.0,2006-01-20
Sistema,7404000.0,2006-01-21
Sistema,6897000.0,2006-01-22
Sistema,8112000.0,2006-01-23
Sistema,7990000.0,2006-01-24
Sistema,8095000.0,2006-01-25
Sistema,8113000.0,2006-01-26
Sistema,7969000.0,2006-01-27
Sistema,7523000.0,2006-01-28
Sistema,6930000.0,2006-01-29
Sistema,8005000.0,2006-01-30
Sistema,8002000.0,2006-01-31
Sistema,7989000.0,2006-02-01
Sistema,7961000.0,2006-02-02
Sistema,7933000.0,2006-02-03
Sistema,7472000.0,2006-02-04
Sistema,6908000.0,2006-02-05
Sistema,7971000.0,2006-02-06
Sistema,8031000.0,2006-02-07
Sistema,7949000.0,2006-02-08
Sistema,8072000.0,2006-02-09
Sistema,8010000.0,2006-02-10
Sistema,7528000.0,2006-02-11
Sistema,7019000.0,2006-02-12
Sistema,8014000.0,2006-02-13
Sistema,8013000.0,2006-02-14
Sistema,8027000.0,2006-02-15
Sistema,8024000.0,2006-02-16
Sistema,7975000.0,2006-02-17
Sistema,7456000.0,2006-02-18
Sistema,7128000.0,2006-02-19
Sistema,8104000.0,2006-02-20
Sistema,8004000.0,2006-02-21
Sistema,8066000.0,2006-02-22
Sistema,8089000.0,2006-02-23
Sistema,7945000.0,2006-02-24
Sistema,7491000.0,2006-02-25
Sistema,7028000.0,2006-02-26
Sistema,7852000.0,2006-02-27
Sistema,8045000.0,2006-02-28
Sistema,7879000.0,2006-03-01
Sistema,8165000.0,2006-03-02
Sistema,8028000.0,2006-03-03
Sistema,7533000.0,2006-03-04
Sistema,7092000.0,2006-03-05
Sistema,7998000.0,2006-03-06
Sistema,7958000.0,2006-03-07
Sistema,7871000.0,2006-03-08
Sistema,7896000.0,2006-03-09
Sistema,7899000.0,2006-03-10
Sistema,7353000.0,2006-03-11
Sistema,6804000.0,2006-03-12
Sistema,7910000.0,2006-03-13
Sistema,7963000.0,2006-03-14
Sistema,8005000.0,2006-03-15
Sistema,8021000.0,2006-03-16
Sistema,7846000.0,2006-03-17
Sistema,7383000.0,2006-03-18
Sistema,6651000.0,2006-03-19
Sistema,7051000.0,2006-03-20
Sistema,7926000.0,2006-03-21
Sistema,8026000.0,2006-03-22
Sistema,7987000.0,2006-03-23
Sistema,7780000.0,2006-03-24
Sistema,7584000.0,2006-03-25
Sistema,7090000.0,2006-03-26
Sistema,8010000.0,2006-03-27
Sistema,8055000.0,2006-03-28
Sistema,8111000.0,2006-03-29
Sistema,8133000.0,2006-03-30
Sistema,7951000.0,2006-03-31
Sistema,7448000.0,2006-04-01
Sistema,6933000.0,2006-04-02
Sistema,7998000.0,2006-04-03
Sistema,8024000.0,2006-04-04
Sistema,7929000.0,2006-04-05
Sistema,7962000.0,2006-04-06
Sistema,7810000.0,2006-04-07
Sistema,7534000.0,2006-04-08
Sistema,6888000.0,2006-04-09
Sistema,7869000.0,2006-04-10
Sistema,7735000.0,2006-04-11
Sistema,7490000.0,2006-04-12
Sistema,6420000.0,2006-04-13
Sistema,6080000.0,2006-04-14
Sistema,6906000.0,2006-04-15
Sistema,6921000.0,2006-04-16
Sistema,8007000.0,2006-04-17
Sistema,7840000.0,2006-04-18
Sistema,7935000.0,2006-04-19
Sistema,7995000.0,2006-04-20
Sistema,7987000.0,2006-04-21
Sistema,7710000.0,2006-04-22
Sistema,7064000.0,2006-04-23
Sistema,8140000.0,2006-04-24
Sistema,8183000.0,2006-04-25
Sistema,7971000.0,2006-04-26
Sistema,8035000.0,2006-04-27
Sistema,7936000.0,2006-04-28
Sistema,7348000.0,2006-04-29
Sistema,6658000.0,2006-04-30
Sistema,6938000.0,2006-05-01
Sistema,7837000.0,2006-05-02
Sistema,7963000.0,2006-05-03
Sistema,8029000.0,2006-05-04
Sistema,7915000.0,2006-05-05
Sistema,7461000.0,2006-05-06
Sistema,6940000.0,2006-05-07
Sistema,7856000.0,2006-05-08
Sistema,8019000.0,2006-05-09
Sistema,7935000.0,2006-05-10
Sistema,7977000.0,2006-05-11
Sistema,7895000.0,2006-05-12
Sistema,7457000.0,2006-05-13
Sistema,6604000.0,2006-05-14
Sistema,8087000.0,2006-05-15
Sistema,8095000.0,2006-05-16
Sistema,8127000.0,2006-05-17
Sistema,8084000.0,2006-05-18
Sistema,7880000.0,2006-05-19
Sistema,7533000.0,2006-05-20
Sistema,6981000.0,2006-05-21
Sistema,8196000.0,2006-05-22
Sistema,8136000.0,2006-05-23
Sistema,8113000.0,2006-05-24
Sistema,8086000.0,2006-05-25
Sistema,7880000.0,2006-05-26
Sistema,7379000.0,2006-05-27
Sistema,6595000.0,2006-05-28
Sistema,7088000.0,2006-05-29
Sistema,7976000.0,2006-05-30
Sistema,8088000.0,2006-05-31
Sistema,7732000.0,2006-06-01
Sistema,7794000.0,2006-06-02
Sistema,7482000.0,2006-06-03
Sistema,6897000.0,2006-06-04
Sistema,8019000.0,2006-06-05
Sistema,8045000.0,2006-06-06
Sistema,7939000.0,2006-06-07
Sistema,7930000.0,2006-06-08
Sistema,7801000.0,2006-06-09
Sistema,7412000.0,2006-06-10
Sistema,7005000.0,2006-06-11
Sistema,7846000.0,2006-06-12
Sistema,7846000.0,2006-06-13
Sistema,7984000.0,2006-06-14
Sistema,7912000.0,2006-06-15
Sistema,7902000.0,2006-06-16
Sistema,7586000.0,2006-06-17
Sistema,6538000.0,2006-06-18
Sistema,7149000.0,2006-06-19
Sistema,8031000.0,2006-06-20
Sistema,8068000.0,2006-06-21
Sistema,7991000.0,2006-06-22
Sistema,7734000.0,2006-06-23
Sistema,7515000.0,2006-06-24
Sistema,6798000.0,2006-06-25
Sistema,7083000.0,2006-06-26
Sistema,8020000.0,2006-06-27
Sistema,8013000.0,2006-06-28
Sistema,8074000.0,2006-06-29
Sistema,8036000.0,2006-06-30
Sistema,7446000.0,2006-07-01
Sistema,6774000.0,2006-07-02
Sistema,7040000.0,2006-07-03
Sistema,7901000.0,2006-07-04
Sistema,7858000.0,2006-07-05
Sistema,8057000.0,2006-07-06
Sistema,7940000.0,2006-07-07
Sistema,7552000.0,2006-07-08
Sistema,6973000.0,2006-07-09
Sistema,7820000.0,2006-07-10
Sistema,8065000.0,2006-07-11
Sistema,8029000.0,2006-07-12
Sistema,8060000.0,2006-07-13
Sistema,7932000.0,2006-07-14
Sistema,7513000.0,2006-07-15
Sistema,6904000.0,2006-07-16
Sistema,8077000.0,2006-07-17
Sistema,8054000.0,2006-07-18
Sistema,8084000.0,2006-07-19
Sistema,7299000.0,2006-07-20
Sistema,7959000.0,2006-07-21
Sistema,7551000.0,2006-07-22
Sistema,6985000.0,2006-07-23
Sistema,8108000.0,2006-07-24
Sistema,8225000.0,2006-07-25
Sistema,8043000.0,2006-07-26
Sistema,8056000.0,2006-07-27
Sistema,7815000.0,2006-07-28
Sistema,7484000.0,2006-07-29
Sistema,6997000.0,2006-07-30
Sistema,8079000.0,2006-07-31
Sistema,8266000.0,2006-08-01
Sistema,8228000.0,2006-08-02
Sistema,8242000.0,2006-08-03
Sistema,8011000.0,2006-08-04
Sistema,7647000.0,2006-08-05
Sistema,6918000.0,2006-08-06
Sistema,7255000.0,2006-08-07
Sistema,8262000.0,2006-08-08
Sistema,8180000.0,2006-08-09
Sistema,8214000.0,2006-08-10
Sistema,7798000.0,2006-08-11
Sistema,7653000.0,2006-08-12
Sistema,7161000.0,2006-08-13
Sistema,8237000.0,2006-08-14
Sistema,8246000.0,2006-08-15
Sistema,7976000.0,2006-08-16
Sistema,8073000.0,2006-08-17
Sistema,7920000.0,2006-08-18
Sistema,7505000.0,2006-08-19
Sistema,6754000.0,2006-08-20
Sistema,7203000.0,2006-08-21
Sistema,8199000.0,2006-08-22
Sistema,8221000.0,2006-08-23
Sistema,8165000.0,2006-08-24
Sistema,8057000.0,2006-08-25
Sistema,7613000.0,2006-08-26
Sistema,7171000.0,2006-08-27
Sistema,8233000.0,2006-08-28
Sistema,8185000.0,2006-08-29
Sistema,8135000.0,2006-08-30
Sistema,8264000.0,2006-08-31
Sistema,8126000.0,2006-09-01
Sistema,7668000.0,2006-09-02
Sistema,7042000.0,2006-09-03
Sistema,8139000.0,2006-09-04
Sistema,8126000.0,2006-09-05
Sistema,8210000.0,2006-09-06
Sistema,8147000.0,2006-09-07
Sistema,7967000.0,2006-09-08
Sistema,7606000.0,2006-09-09
Sistema,6980000.0,2006-09-10
Sistema,8202000.0,2006-09-11
Sistema,8232000.0,2006-09-12
Sistema,8298000.0,2006-09-13
Sistema,8302000.0,2006-09-14
Sistema,8014000.0,2006-09-15
Sistema,7752000.0,2006-09-16
Sistema,7065000.0,2006-09-17
Sistema,8118000.0,2006-09-18
Sistema,8202000.0,2006-09-19
Sistema,8302000.0,2006-09-20
Sistema,8385000.0,2006-09-21
Sistema,8263000.0,2006-09-22
Sistema,7761000.0,2006-09-23
Sistema,7141000.0,2006-09-24
Sistema,8257000.0,2006-09-25
Sistema,8405000.0,2006-09-26
Sistema,8413000.0,2006-09-27
Sistema,8382000.0,2006-09-28
Sistema,8217000.0,2006-09-29
Sistema,7644000.0,2006-09-30
Sistema,7133000.0,2006-10-01
Sistema,8346000.0,2006-10-02
Sistema,8303000.0,2006-10-03
Sistema,8353000.0,2006-10-04
Sistema,8470000.0,2006-10-05
Sistema,8411000.0,2006-10-06
Sistema,7842000.0,2006-10-07
Sistema,7247000.0,2006-10-08
Sistema,8426000.0,2006-10-09
Sistema,8383000.0,2006-10-10
Sistema,8273000.0,2006-10-11
Sistema,8299000.0,2006-10-12
Sistema,8276000.0,2006-10-13
Sistema,7620000.0,2006-10-14
Sistema,6820000.0,2006-10-15
Sistema,7460000.0,2006-10-16
Sistema,8242000.0,2006-10-17
Sistema,8356000.0,2006-10-18
Sistema,8239000.0,2006-10-19
Sistema,8142000.0,2006-10-20
Sistema,7722000.0,2006-10-21
Sistema,7219000.0,2006-10-22
Sistema,8356000.0,2006-10-23
Sistema,8383000.0,2006-10-24
Sistema,8494000.0,2006-10-25
Sistema,8455000.0,2006-10-26
Sistema,8357000.0,2006-10-27
Sistema,7758000.0,2006-10-28
Sistema,7189000.0,2006-10-29
Sistema,8330000.0,2006-10-30
Sistema,8356000.0,2006-10-31
Sistema,8260000.0,2006-11-01
Sistema,8333000.0,2006-11-02
Sistema,8225000.0,2006-11-03
Sistema,7728000.0,2006-11-04
Sistema,6815000.0,2006-11-05
Sistema,7303000.0,2006-11-06
Sistema,8280000.0,2006-11-07
Sistema,8234000.0,2006-11-08
Sistema,8272000.0,2006-11-09
Sistema,8192000.0,2006-11-10
Sistema,7658000.0,2006-11-11
Sistema,6894000.0,2006-11-12
Sistema,7478000.0,2006-11-13
Sistema,8187000.0,2006-11-14
Sistema,8095000.0,2006-11-15
Sistema,8227000.0,2006-11-16
Sistema,8101000.0,2006-11-17
Sistema,7691000.0,2006-11-18
Sistema,7091000.0,2006-11-19
Sistema,8204000.0,2006-11-20
Sistema,8210000.0,2006-11-21
Sistema,8327000.0,2006-11-22
Sistema,8364000.0,2006-11-23
Sistema,8270000.0,2006-11-24
Sistema,7736000.0,2006-11-25
Sistema,7194000.0,2006-11-26
Sistema,8368000.0,2006-11-27
Sistema,8445000.0,2006-11-28
Sistema,8400000.0,2006-11-29
Sistema,8447000.0,2006-11-30
Sistema,8448000.0,2006-12-01
Sistema,7922000.0,2006-12-02
Sistema,7441000.0,2006-12-03
Sistema,8490000.0,2006-12-04
Sistema,8468000.0,2006-12-05
Sistema,8541000.0,2006-12-06
Sistema,8287000.0,2006-12-07
Sistema,7621000.0,2006-12-08
Sistema,8065000.0,2006-12-09
Sistema,7532000.0,2006-12-10
Sistema,8762000.0,2006-12-11
Sistema,8680000.0,2006-12-12
Sistema,8691000.0,2006-12-13
Sistema,8708000.0,2006-12-14
Sistema,8590000.0,2006-12-15
Sistema,8155000.0,2006-12-16
Sistema,7610000.0,2006-12-17
Sistema,8632000.0,2006-12-18
Sistema,8644000.0,2006-12-19
Sistema,8509000.0,2006-12-20
Sistema,8577000.0,2006-12-21
Sistema,8387000.0,2006-12-22
Sistema,7909000.0,2006-12-23
Sistema,7319000.0,2006-12-24
Sistema,6787000.0,2006-12-25
Sistema,8277000.0,2006-12-26
Sistema,8354000.0,2006-12-27
Sistema,8335000.0,2006-12-28
Sistema,8173000.0,2006-12-29
Sistema,7759000.0,2006-12-30
Sistema,7220000.0,2006-12-31
Sistema,6454000.0,2007-01-01
Sistema,7828000.0,2007-01-02
Sistema,7971000.0,2007-01-03
Sistema,8062000.0,2007-01-04
Sistema,8008000.0,2007-01-05
Sistema,7542000.0,2007-01-06
Sistema,6869000.0,2007-01-07
Sistema,7139000.0,2007-01-08
Sistema,7883000.0,2007-01-09
Sistema,8011000.0,2007-01-10
Sistema,7943000.0,2007-01-11
Sistema,8019000.0,2007-01-12
Sistema,7579000.0,2007-01-13
Sistema,7082000.0,2007-01-14
Sistema,8145000.0,2007-01-15
Sistema,8141000.0,2007-01-16
Sistema,8220000.0,2007-01-17
Sistema,8328000.0,2007-01-18
Sistema,8122000.0,2007-01-19
Sistema,7619000.0,2007-01-20
Sistema,7194000.0,2007-01-21
Sistema,8248000.0,2007-01-22
Sistema,8349000.0,2007-01-23
Sistema,8429000.0,2007-01-24
Sistema,8222000.0,2007-01-25
Sistema,8116000.0,2007-01-26
Sistema,7746000.0,2007-01-27
Sistema,7083000.0,2007-01-28
Sistema,8401000.0,2007-01-29
Sistema,8365000.0,2007-01-30
Sistema,8419000.0,2007-01-31
Sistema,8370000.0,2007-02-01
Sistema,8189000.0,2007-02-02
Sistema,7766000.0,2007-02-03
Sistema,7245000.0,2007-02-04
Sistema,8343000.0,2007-02-05
Sistema,8397000.0,2007-02-06
Sistema,8338000.0,2007-02-07
Sistema,8414000.0,2007-02-08
Sistema,8088000.0,2007-02-09
Sistema,7888000.0,2007-02-10
Sistema,7328000.0,2007-02-11
Sistema,8417000.0,2007-02-12
Sistema,8477000.0,2007-02-13
Sistema,8333000.0,2007-02-14
Sistema,8267000.0,2007-02-15
Sistema,8163000.0,2007-02-16
Sistema,7715000.0,2007-02-17
Sistema,7143000.0,2007-02-18
Sistema,8155000.0,2007-02-19
Sistema,8256000.0,2007-02-20
Sistema,8330000.0,2007-02-21
Sistema,8432000.0,2007-02-22
Sistema,8348000.0,2007-02-23
Sistema,7860000.0,2007-02-24
Sistema,7481000.0,2007-02-25
Sistema,8429000.0,2007-02-26
Sistema,8509000.0,2007-02-27
Sistema,8468000.0,2007-02-28
Sistema,8431000.0,2007-03-01
Sistema,8291000.0,2007-03-02
Sistema,7958000.0,2007-03-03
Sistema,7232000.0,2007-03-04
Sistema,8354000.0,2007-03-05
Sistema,8361000.0,2007-03-06
Sistema,8322000.0,2007-03-07
Sistema,8378000.0,2007-03-08
Sistema,8194000.0,2007-03-09
Sistema,7841000.0,2007-03-10
Sistema,7407000.0,2007-03-11
Sistema,8503000.0,2007-03-12
Sistema,8325000.0,2007-03-13
Sistema,8362000.0,2007-03-14
Sistema,8269000.0,2007-03-15
Sistema,8215000.0,2007-03-16
Sistema,7700000.0,2007-03-17
Sistema,6999000.0,2007-03-18
Sistema,7447000.0,2007-03-19
Sistema,8291000.0,2007-03-20
Sistema,8350000.0,2007-03-21
Sistema,8217000.0,2007-03-22
Sistema,8239000.0,2007-03-23
Sistema,7775000.0,2007-03-24
Sistema,7320000.0,2007-03-25
Sistema,8258000.0,2007-03-26
Sistema,8132000.0,2007-03-27
Sistema,8337000.0,2007-03-28
Sistema,8283000.0,2007-03-29
Sistema,8153000.0,2007-03-30
Sistema,7750000.0,2007-03-31
Sistema,7210000.0,2007-04-01
Sistema,8053000.0,2007-04-02
Sistema,7990000.0,2007-04-03
Sistema,7705000.0,2007-04-04
Sistema,6665000.0,2007-04-05
Sistema,6203000.0,2007-04-06
Sistema,7117000.0,2007-04-07
Sistema,6997000.0,2007-04-08
Sistema,8183000.0,2007-04-09
Sistema,8298000.0,2007-04-10
Sistema,8458000.0,2007-04-11
Sistema,8452000.0,2007-04-12
Sistema,8381000.0,2007-04-13
Sistema,7810000.0,2007-04-14
Sistema,7413000.0,2007-04-15
Sistema,8455000.0,2007-04-16
Sistema,8515000.0,2007-04-17
Sistema,8415000.0,2007-04-18
Sistema,8410000.0,2007-04-19
Sistema,8168000.0,2007-04-20
Sistema,7669000.0,2007-04-21
Sistema,7211000.0,2007-04-22
Sistema,8329000.0,2007-04-23
Sistema,8338000.0,2007-04-24
Sistema,8221000.0,2007-04-25
Sistema,8373000.0,2007-04-26
Sistema,8219000.0,2007-04-27
Sistema,7809000.0,2007-04-28
Sistema,7164000.0,2007-04-29
Sistema,8069000.0,2007-04-30
Sistema,7312000.0,2007-05-01
Sistema,8158000.0,2007-05-02
Sistema,8272000.0,2007-05-03
Sistema,8229000.0,2007-05-04
Sistema,7673000.0,2007-05-05
Sistema,7273000.0,2007-05-06
Sistema,8288000.0,2007-05-07
Sistema,8382000.0,2007-05-08
Sistema,8415000.0,2007-05-09
Sistema,8375000.0,2007-05-10
Sistema,8384000.0,2007-05-11
Sistema,7850000.0,2007-05-12
Sistema,6908000.0,2007-05-13
Sistema,8397000.0,2007-05-14
Sistema,8471000.0,2007-05-15
Sistema,8505000.0,2007-05-16
Sistema,8419000.0,2007-05-17
Sistema,8385000.0,2007-05-18
Sistema,7764000.0,2007-05-19
Sistema,6915000.0,2007-05-20
Sistema,7280000.0,2007-05-21
Sistema,8284000.0,2007-05-22
Sistema,8196000.0,2007-05-23
Sistema,8320000.0,2007-05-24
Sistema,8195000.0,2007-05-25
Sistema,7710000.0,2007-05-26
Sistema,7120000.0,2007-05-27
Sistema,8181000.0,2007-05-28
Sistema,8314000.0,2007-05-29
Sistema,8451000.0,2007-05-30
Sistema,8237000.0,2007-05-31
Sistema,8092000.0,2007-06-01
Sistema,7627000.0,2007-06-02
Sistema,7079000.0,2007-06-03
Sistema,8264000.0,2007-06-04
Sistema,8194000.0,2007-06-05
Sistema,8373000.0,2007-06-06
Sistema,8314000.0,2007-06-07
Sistema,8148000.0,2007-06-08
Sistema,7779000.0,2007-06-09
Sistema,7036000.0,2007-06-10
Sistema,7501000.0,2007-06-11
Sistema,8395000.0,2007-06-12
Sistema,8411000.0,2007-06-13
Sistema,8369000.0,2007-06-14
Sistema,8194000.0,2007-06-15
Sistema,7801000.0,2007-06-16
Sistema,6794000.0,2007-06-17
Sistema,7347000.0,2007-06-18
Sistema,8216000.0,2007-06-19
Sistema,8370000.0,2007-06-20
Sistema,8402000.0,2007-06-21
Sistema,8262000.0,2007-06-22
Sistema,7848000.0,2007-06-23
Sistema,7227000.0,2007-06-24
Sistema,8317000.0,2007-06-25
Sistema,8295000.0,2007-06-26
Sistema,8308000.0,2007-06-27
Sistema,8183000.0,2007-06-28
Sistema,8170000.0,2007-06-29
Sistema,7643000.0,2007-06-30
Sistema,6706000.0,2007-07-01
Sistema,7309000.0,2007-07-02
Sistema,8138000.0,2007-07-03
Sistema,8273000.0,2007-07-04
Sistema,8161000.0,2007-07-05
Sistema,8249000.0,2007-07-06
Sistema,7680000.0,2007-07-07
Sistema,7068000.0,2007-07-08
Sistema,8310000.0,2007-07-09
Sistema,8255000.0,2007-07-10
Sistema,8270000.0,2007-07-11
Sistema,8366000.0,2007-07-12
Sistema,8255000.0,2007-07-13
Sistema,7843000.0,2007-07-14
Sistema,7218000.0,2007-07-15
Sistema,8373000.0,2007-07-16
Sistema,8357000.0,2007-07-17
Sistema,8343000.0,2007-07-18
Sistema,8176000.0,2007-07-19
Sistema,7385000.0,2007-07-20
Sistema,7477000.0,2007-07-21
Sistema,7050000.0,2007-07-22
Sistema,8232000.0,2007-07-23
Sistema,8283000.0,2007-07-24
Sistema,8275000.0,2007-07-25
Sistema,8365000.0,2007-07-26
Sistema,8190000.0,2007-07-27
Sistema,7827000.0,2007-07-28
Sistema,7133000.0,2007-07-29
Sistema,8319000.0,2007-07-30
Sistema,8350000.0,2007-07-31
Sistema,8382000.0,2007-08-01
Sistema,8396000.0,2007-08-02
Sistema,8261000.0,2007-08-03
Sistema,7737000.0,2007-08-04
Sistema,7185000.0,2007-08-05
Sistema,8137000.0,2007-08-06
Sistema,7507000.0,2007-08-07
Sistema,8393000.0,2007-08-08
Sistema,8385000.0,2007-08-09
Sistema,8250000.0,2007-08-10
Sistema,7691000.0,2007-08-11
Sistema,7245000.0,2007-08-12
Sistema,8401000.0,2007-08-13
Sistema,8272000.0,2007-08-14
Sistema,8316000.0,2007-08-15
Sistema,8419000.0,2007-08-16
Sistema,8142000.0,2007-08-17
Sistema,7791000.0,2007-08-18
Sistema,7006000.0,2007-08-19
Sistema,7351000.0,2007-08-20
Sistema,8143000.0,2007-08-21
Sistema,8362000.0,2007-08-22
Sistema,8330000.0,2007-08-23
Sistema,8283000.0,2007-08-24
Sistema,7799000.0,2007-08-25
Sistema,7195000.0,2007-08-26
Sistema,8416000.0,2007-08-27
Sistema,8384000.0,2007-08-28
Sistema,8253000.0,2007-08-29
Sistema,8259000.0,2007-08-30
Sistema,8097000.0,2007-08-31
Sistema,7722000.0,2007-09-01
Sistema,7283000.0,2007-09-02
Sistema,8296000.0,2007-09-03
Sistema,8372000.0,2007-09-04
Sistema,8482000.0,2007-09-05
Sistema,8511000.0,2007-09-06
Sistema,8320000.0,2007-09-07
Sistema,7928000.0,2007-09-08
Sistema,7212000.0,2007-09-09
Sistema,8545000.0,2007-09-10
Sistema,8614000.0,2007-09-11
Sistema,8538000.0,2007-09-12
Sistema,8369000.0,2007-09-13
Sistema,8311000.0,2007-09-14
Sistema,7754000.0,2007-09-15
Sistema,7381000.0,2007-09-16
Sistema,8279000.0,2007-09-17
Sistema,8487000.0,2007-09-18
Sistema,8503000.0,2007-09-19
Sistema,8459000.0,2007-09-20
Sistema,8560000.0,2007-09-21
Sistema,8010000.0,2007-09-22
Sistema,7381000.0,2007-09-23
Sistema,8600000.0,2007-09-24
Sistema,8409000.0,2007-09-25
Sistema,8455000.0,2007-09-26
Sistema,8381000.0,2007-09-27
Sistema,8400000.0,2007-09-28
Sistema,7957000.0,2007-09-29
Sistema,7225000.0,2007-09-30
Sistema,8373000.0,2007-10-01
Sistema,8434000.0,2007-10-02
Sistema,8435000.0,2007-10-03
Sistema,8622000.0,2007-10-04
Sistema,8334000.0,2007-10-05
Sistema,7906000.0,2007-10-06
Sistema,7247000.0,2007-10-07
Sistema,8478000.0,2007-10-08
Sistema,8344000.0,2007-10-09
Sistema,8500000.0,2007-10-10
Sistema,8558000.0,2007-10-11
Sistema,8434000.0,2007-10-12
Sistema,7959000.0,2007-10-13
Sistema,7079000.0,2007-10-14
Sistema,7411000.0,2007-10-15
Sistema,8493000.0,2007-10-16
Sistema,8784000.0,2007-10-17
Sistema,8602000.0,2007-10-18
Sistema,8320000.0,2007-10-19
Sistema,7826000.0,2007-10-20
Sistema,7264000.0,2007-10-21
Sistema,8472000.0,2007-10-22
Sistema,8546000.0,2007-10-23
Sistema,8467000.0,2007-10-24
Sistema,8406000.0,2007-10-25
Sistema,8395000.0,2007-10-26
Sistema,7923000.0,2007-10-27
Sistema,7174000.0,2007-10-28
Sistema,8528000.0,2007-10-29
Sistema,8664000.0,2007-10-30
Sistema,8307000.0,2007-10-31
Sistema,8425000.0,2007-11-01
Sistema,8411000.0,2007-11-02
Sistema,7899000.0,2007-11-03
Sistema,7285000.0,2007-11-04
Sistema,7729000.0,2007-11-05
Sistema,8597000.0,2007-11-06
Sistema,8791000.0,2007-11-07
Sistema,8517000.0,2007-11-08
Sistema,8416000.0,2007-11-09
Sistema,8067000.0,2007-11-10
Sistema,7166000.0,2007-11-11
Sistema,7775000.0,2007-11-12
Sistema,8699000.0,2007-11-13
Sistema,8559000.0,2007-11-14
Sistema,8600000.0,2007-11-15
Sistema,8660000.0,2007-11-16
Sistema,8089000.0,2007-11-17
Sistema,7500000.0,2007-11-18
Sistema,8683000.0,2007-11-19
Sistema,8689000.0,2007-11-20
Sistema,8716000.0,2007-11-21
Sistema,8659000.0,2007-11-22
Sistema,8590000.0,2007-11-23
Sistema,8205000.0,2007-11-24
Sistema,7524000.0,2007-11-25
Sistema,8815000.0,2007-11-26
Sistema,8833000.0,2007-11-27
Sistema,8758000.0,2007-11-28
Sistema,8790000.0,2007-11-29
Sistema,8776000.0,2007-11-30
Sistema,8024000.0,2007-12-01
Sistema,7439000.0,2007-12-02
Sistema,8820000.0,2007-12-03
Sistema,8813000.0,2007-12-04
Sistema,8844000.0,2007-12-05
Sistema,8856000.0,2007-12-06
Sistema,8789000.0,2007-12-07
Sistema,7860000.0,2007-12-08
Sistema,7778000.0,2007-12-09
Sistema,9072000.0,2007-12-10
Sistema,9047000.0,2007-12-11
Sistema,9093000.0,2007-12-12
Sistema,9037000.0,2007-12-13
Sistema,8772000.0,2007-12-14
Sistema,8239000.0,2007-12-15
Sistema,7705000.0,2007-12-16
Sistema,8854000.0,2007-12-17
Sistema,8865000.0,2007-12-18
Sistema,8817000.0,2007-12-19
Sistema,8770000.0,2007-12-20
Sistema,8685000.0,2007-12-21
Sistema,8167000.0,2007-12-22
Sistema,7602000.0,2007-12-23
Sistema,7764000.0,2007-12-24
Sistema,6918000.0,2007-12-25
Sistema,8444000.0,2007-12-26
Sistema,8588000.0,2007-12-27
Sistema,8541000.0,2007-12-28
Sistema,8040000.0,2007-12-29
Sistema,7470000.0,2007-12-30
Sistema,7507000.0,2007-12-31
Sistema,6543000.0,2008-01-01
Sistema,8042000.0,2008-01-02
Sistema,8305000.0,2008-01-03
Sistema,8237000.0,2008-01-04
Sistema,7865000.0,2008-01-05
Sistema,7090000.0,2008-01-06
Sistema,7276000.0,2008-01-07
Sistema,8204000.0,2008-01-08
Sistema,8199000.0,2008-01-09
Sistema,8047000.0,2008-01-10
Sistema,8138000.0,2008-01-11
Sistema,7770000.0,2008-01-12
Sistema,7171000.0,2008-01-13
Sistema,8331000.0,2008-01-14
Sistema,8339000.0,2008-01-15
Sistema,8289000.0,2008-01-16
Sistema,8202000.0,2008-01-17
Sistema,8294000.0,2008-01-18
Sistema,7776000.0,2008-01-19
Sistema,7263000.0,2008-01-20
Sistema,8407000.0,2008-01-21
Sistema,8456000.0,2008-01-22
Sistema,8464000.0,2008-01-23
Sistema,8440000.0,2008-01-24
Sistema,8341000.0,2008-01-25
Sistema,7865000.0,2008-01-26
Sistema,7313000.0,2008-01-27
Sistema,8466000.0,2008-01-28
Sistema,8474000.0,2008-01-29
Sistema,8441000.0,2008-01-30
Sistema,8437000.0,2008-01-31
Sistema,8264000.0,2008-02-01
Sistema,7748000.0,2008-02-02
Sistema,7228000.0,2008-02-03
Sistema,8403000.0,2008-02-04
Sistema,8413000.0,2008-02-05
Sistema,8558000.0,2008-02-06
Sistema,8658000.0,2008-02-07
Sistema,8530000.0,2008-02-08
Sistema,8100000.0,2008-02-09
Sistema,7483000.0,2008-02-10
Sistema,8639000.0,2008-02-11
Sistema,8603000.0,2008-02-12
Sistema,8668000.0,2008-02-13
Sistema,8678000.0,2008-02-14
Sistema,8574000.0,2008-02-15
Sistema,7978000.0,2008-02-16
Sistema,7458000.0,2008-02-17
Sistema,8488000.0,2008-02-18
Sistema,8394000.0,2008-02-19
Sistema,8463000.0,2008-02-20
Sistema,8544000.0,2008-02-21
Sistema,8477000.0,2008-02-22
Sistema,8096000.0,2008-02-23
Sistema,7518000.0,2008-02-24
Sistema,8511000.0,2008-02-25
Sistema,8602000.0,2008-02-26
Sistema,8670000.0,2008-02-27
Sistema,8405000.0,2008-02-28
Sistema,8311000.0,2008-02-29
Sistema,7812000.0,2008-03-01
Sistema,7279000.0,2008-03-02
Sistema,8400000.0,2008-03-03
Sistema,8337000.0,2008-03-04
Sistema,8397000.0,2008-03-05
Sistema,8271000.0,2008-03-06
Sistema,8284000.0,2008-03-07
Sistema,7744000.0,2008-03-08
Sistema,7279000.0,2008-03-09
Sistema,8312000.0,2008-03-10
Sistema,8312000.0,2008-03-11
Sistema,8352000.0,2008-03-12
Sistema,8303000.0,2008-03-13
Sistema,8092000.0,2008-03-14
Sistema,7790000.0,2008-03-15
Sistema,7276000.0,2008-03-16
Sistema,8167000.0,2008-03-17
Sistema,8093000.0,2008-03-18
Sistema,7874000.0,2008-03-19
Sistema,6716000.0,2008-03-20
Sistema,6373000.0,2008-03-21
Sistema,7141000.0,2008-03-22
Sistema,6896000.0,2008-03-23
Sistema,7477000.0,2008-03-24
Sistema,8362000.0,2008-03-25
Sistema,8529000.0,2008-03-26
Sistema,8474000.0,2008-03-27
Sistema,8384000.0,2008-03-28
Sistema,7865000.0,2008-03-29
Sistema,7252000.0,2008-03-30
Sistema,8342000.0,2008-03-31
Sistema,8284000.0,2008-04-01
Sistema,8409000.0,2008-04-02
Sistema,8320000.0,2008-04-03
Sistema,8264000.0,2008-04-04
Sistema,7821000.0,2008-04-05
Sistema,7317000.0,2008-04-06
Sistema,8468000.0,2008-04-07
Sistema,8514000.0,2008-04-08
Sistema,8508000.0,2008-04-09
Sistema,8459000.0,2008-04-10
Sistema,8413000.0,2008-04-11
Sistema,7813000.0,2008-04-12
Sistema,7292000.0,2008-04-13
Sistema,8385000.0,2008-04-14
Sistema,8464000.0,2008-04-15
Sistema,8536000.0,2008-04-16
Sistema,8572000.0,2008-04-17
Sistema,8434000.0,2008-04-18
Sistema,8032000.0,2008-04-19
Sistema,7441000.0,2008-04-20
Sistema,8536000.0,2008-04-21
Sistema,8557000.0,2008-04-22
Sistema,8638000.0,2008-04-23
Sistema,8423000.0,2008-04-24
Sistema,8297000.0,2008-04-25
Sistema,7897000.0,2008-04-26
Sistema,7306000.0,2008-04-27
Sistema,8475000.0,2008-04-28
Sistema,8522000.0,2008-04-29
Sistema,8232000.0,2008-04-30
Sistema,7427000.0,2008-05-01
Sistema,8077000.0,2008-05-02
Sistema,7616000.0,2008-05-03
Sistema,6922000.0,2008-05-04
Sistema,7449000.0,2008-05-05
Sistema,8344000.0,2008-05-06
Sistema,8443000.0,2008-05-07
Sistema,8491000.0,2008-05-08
Sistema,8312000.0,2008-05-09
Sistema,7825000.0,2008-05-10
Sistema,6970000.0,2008-05-11
Sistema,8498000.0,2008-05-12
Sistema,8548000.0,2008-05-13
Sistema,8602000.0,2008-05-14
Sistema,8416000.0,2008-05-15
Sistema,8707000.0,2008-05-16
Sistema,7786000.0,2008-05-17
Sistema,7322000.0,2008-05-18
Sistema,8440000.0,2008-05-19
Sistema,8440000.0,2008-05-20
Sistema,8405000.0,2008-05-21
Sistema,8503000.0,2008-05-22
Sistema,8262000.0,2008-05-23
Sistema,7872000.0,2008-05-24
Sistema,7068000.0,2008-05-25
Sistema,7454000.0,2008-05-26
Sistema,8329000.0,2008-05-27
Sistema,8332000.0,2008-05-28
Sistema,8391000.0,2008-05-29
Sistema,8394000.0,2008-05-30
Sistema,7863000.0,2008-05-31
Sistema,7038000.0,2008-06-01
Sistema,7303000.0,2008-06-02
Sistema,8363000.0,2008-06-03
Sistema,8474000.0,2008-06-04
Sistema,8475000.0,2008-06-05
Sistema,8332000.0,2008-06-06
Sistema,7909000.0,2008-06-07
Sistema,7331000.0,2008-06-08
Sistema,8435000.0,2008-06-09
Sistema,8385000.0,2008-06-10
Sistema,8452000.0,2008-06-11
Sistema,8404000.0,2008-06-12
Sistema,8403000.0,2008-06-13
Sistema,7880000.0,2008-06-14
Sistema,7045000.0,2008-06-15
Sistema,8530000.0,2008-06-16
Sistema,8541000.0,2008-06-17
Sistema,8434000.0,2008-06-18
Sistema,8493000.0,2008-06-19
Sistema,8428000.0,2008-06-20
Sistema,7811000.0,2008-06-21
Sistema,7135000.0,2008-06-22
Sistema,8292000.0,2008-06-23
Sistema,8253000.0,2008-06-24
Sistema,8213000.0,2008-06-25
Sistema,8213000.0,2008-06-26
Sistema,8188000.0,2008-06-27
Sistema,7613000.0,2008-06-28
Sistema,6844000.0,2008-06-29
Sistema,7293000.0,2008-06-30
Sistema,8160000.0,2008-07-01
Sistema,8062000.0,2008-07-02
Sistema,8148000.0,2008-07-03
Sistema,8429000.0,2008-07-04
Sistema,7822000.0,2008-07-05
Sistema,7163000.0,2008-07-06
Sistema,8409000.0,2008-07-07
Sistema,8303000.0,2008-07-08
Sistema,8248000.0,2008-07-09
Sistema,8225000.0,2008-07-10
Sistema,8242000.0,2008-07-11
Sistema,7810000.0,2008-07-12
Sistema,7215000.0,2008-07-13
Sistema,8296000.0,2008-07-14
Sistema,8303000.0,2008-07-15
Sistema,8170000.0,2008-07-16
Sistema,8184000.0,2008-07-17
Sistema,8205000.0,2008-07-18
Sistema,7758000.0,2008-07-19
Sistema,7216000.0,2008-07-20
Sistema,8393000.0,2008-07-21
Sistema,8295000.0,2008-07-22
Sistema,8517000.0,2008-07-23
Sistema,8524000.0,2008-07-24
Sistema,8420000.0,2008-07-25
Sistema,7888000.0,2008-07-26
Sistema,7372000.0,2008-07-27
Sistema,8406000.0,2008-07-28
Sistema,8479000.0,2008-07-29
Sistema,8512000.0,2008-07-30
Sistema,8476000.0,2008-07-31
Sistema,8272000.0,2008-08-01
Sistema,7732000.0,2008-08-02
Sistema,7272000.0,2008-08-03
Sistema,8504000.0,2008-08-04
Sistema,8527000.0,2008-08-05
Sistema,8263000.0,2008-08-06
Sistema,7587000.0,2008-08-07
Sistema,8353000.0,2008-08-08
Sistema,7811000.0,2008-08-09
Sistema,7327000.0,2008-08-10
Sistema,8313000.0,2008-08-11
Sistema,8437000.0,2008-08-12
Sistema,8422000.0,2008-08-13
Sistema,8330000.0,2008-08-14
Sistema,8246000.0,2008-08-15
Sistema,7724000.0,2008-08-16
Sistema,7009000.0,2008-08-17
Sistema,7419000.0,2008-08-18
Sistema,7950000.0,2008-08-19
Sistema,8540000.0,2008-08-20
Sistema,8296000.0,2008-08-21
Sistema,8265000.0,2008-08-22
Sistema,7794000.0,2008-08-23
Sistema,7246000.0,2008-08-24
Sistema,8359000.0,2008-08-25
Sistema,8395000.0,2008-08-26
Sistema,8508000.0,2008-08-27
Sistema,8515000.0,2008-08-28
Sistema,8383000.0,2008-08-29
Sistema,7905000.0,2008-08-30
Sistema,7457000.0,2008-08-31
Sistema,8441000.0,2008-09-01
Sistema,8476000.0,2008-09-02
Sistema,8442000.0,2008-09-03
Sistema,8447000.0,2008-09-04
Sistema,8485000.0,2008-09-05
Sistema,8139000.0,2008-09-06
Sistema,7420000.0,2008-09-07
Sistema,8566000.0,2008-09-08
Sistema,8425000.0,2008-09-09
Sistema,8527000.0,2008-09-10
Sistema,8648000.0,2008-09-11
Sistema,8637000.0,2008-09-12
Sistema,8038000.0,2008-09-13
Sistema,7440000.0,2008-09-14
Sistema,8452000.0,2008-09-15
Sistema,8623000.0,2008-09-16
Sistema,8467000.0,2008-09-17
Sistema,8614000.0,2008-09-18
Sistema,8482000.0,2008-09-19
Sistema,8045000.0,2008-09-20
Sistema,7452000.0,2008-09-21
Sistema,8575000.0,2008-09-22
Sistema,8664000.0,2008-09-23
Sistema,8542000.0,2008-09-24
Sistema,8709000.0,2008-09-25
Sistema,8641000.0,2008-09-26
Sistema,7984000.0,2008-09-27
Sistema,7425000.0,2008-09-28
Sistema,8629000.0,2008-09-29
Sistema,8621000.0,2008-09-30
Sistema,8611000.0,2008-10-01
Sistema,8568000.0,2008-10-02
Sistema,8610000.0,2008-10-03
Sistema,7875000.0,2008-10-04
Sistema,7314000.0,2008-10-05
Sistema,8514000.0,2008-10-06
Sistema,8492000.0,2008-10-07
Sistema,8554000.0,2008-10-08
Sistema,8576000.0,2008-10-09
Sistema,8372000.0,2008-10-10
Sistema,7946000.0,2008-10-11
Sistema,7117000.0,2008-10-12
Sistema,7546000.0,2008-10-13
Sistema,8442000.0,2008-10-14
Sistema,8532000.0,2008-10-15
Sistema,8550000.0,2008-10-16
Sistema,8615000.0,2008-10-17
Sistema,7962000.0,2008-10-18
Sistema,7411000.0,2008-10-19
Sistema,8634000.0,2008-10-20
Sistema,8685000.0,2008-10-21
Sistema,8709000.0,2008-10-22
Sistema,8763000.0,2008-10-23
Sistema,8705000.0,2008-10-24
Sistema,8069000.0,2008-10-25
Sistema,7479000.0,2008-10-26
Sistema,8669000.0,2008-10-27
Sistema,8728000.0,2008-10-28
Sistema,8707000.0,2008-10-29
Sistema,8701000.0,2008-10-30
Sistema,8184000.0,2008-10-31
Sistema,7913000.0,2008-11-01
Sistema,7104000.0,2008-11-02
Sistema,7521000.0,2008-11-03
Sistema,8511000.0,2008-11-04
Sistema,8556000.0,2008-11-05
Sistema,8717000.0,2008-11-06
Sistema,8650000.0,2008-11-07
Sistema,7995000.0,2008-11-08
Sistema,7466000.0,2008-11-09
Sistema,8663000.0,2008-11-10
Sistema,8718000.0,2008-11-11
Sistema,8800000.0,2008-11-12
Sistema,8719000.0,2008-11-13
Sistema,8587000.0,2008-11-14
Sistema,7987000.0,2008-11-15
Sistema,7107000.0,2008-11-16
Sistema,7567000.0,2008-11-17
Sistema,8626000.0,2008-11-18
Sistema,8614000.0,2008-11-19
Sistema,8687000.0,2008-11-20
Sistema,8624000.0,2008-11-21
Sistema,8132000.0,2008-11-22
Sistema,7500000.0,2008-11-23
Sistema,8627000.0,2008-11-24
Sistema,8560000.0,2008-11-25
Sistema,8433000.0,2008-11-26
Sistema,8513000.0,2008-11-27
Sistema,8541000.0,2008-11-28
Sistema,8055000.0,2008-11-29
Sistema,7482000.0,2008-11-30
Sistema,8761000.0,2008-12-01
Sistema,8743000.0,2008-12-02
Sistema,8870000.0,2008-12-03
Sistema,8836000.0,2008-12-04
Sistema,8722000.0,2008-12-05
Sistema,8376000.0,2008-12-06
Sistema,7709000.0,2008-12-07
Sistema,7835000.0,2008-12-08
Sistema,9079000.0,2008-12-09
Sistema,9058000.0,2008-12-10
Sistema,9003000.0,2008-12-11
Sistema,8930000.0,2008-12-12
Sistema,8426000.0,2008-12-13
Sistema,7889000.0,2008-12-14
Sistema,8952000.0,2008-12-15
Sistema,8721000.0,2008-12-16
Sistema,8775000.0,2008-12-17
Sistema,8710000.0,2008-12-18
Sistema,8690000.0,2008-12-19
Sistema,8191000.0,2008-12-20
Sistema,7681000.0,2008-12-21
Sistema,8578000.0,2008-12-22
Sistema,8455000.0,2008-12-23
Sistema,7851000.0,2008-12-24
Sistema,7038000.0,2008-12-25
Sistema,8369000.0,2008-12-26
Sistema,8089000.0,2008-12-27
Sistema,7578000.0,2008-12-28
Sistema,8408000.0,2008-12-29
Sistema,8336000.0,2008-12-30
Sistema,7602000.0,2008-12-31
Sistema,6381000.0,2009-01-01
Sistema,7767000.0,2009-01-02
Sistema,7648000.0,2009-01-03
Sistema,7286000.0,2009-01-04
Sistema,8159000.0,2009-01-05
Sistema,8159000.0,2009-01-06
Sistema,8200000.0,2009-01-07
Sistema,8131000.0,2009-01-08
Sistema,7998000.0,2009-01-09
Sistema,7697000.0,2009-01-10
Sistema,6982000.0,2009-01-11
Sistema,7340000.0,2009-01-12
Sistema,8280000.0,2009-01-13
Sistema,8341000.0,2009-01-14
Sistema,8377000.0,2009-01-15
Sistema,8287000.0,2009-01-16
Sistema,7723000.0,2009-01-17
Sistema,7168000.0,2009-01-18
Sistema,8360000.0,2009-01-19
Sistema,8362000.0,2009-01-20
Sistema,8402000.0,2009-01-21
Sistema,8400000.0,2009-01-22
Sistema,8273000.0,2009-01-23
Sistema,7837000.0,2009-01-24
Sistema,7171000.0,2009-01-25
Sistema,8421000.0,2009-01-26
Sistema,8463000.0,2009-01-27
Sistema,8493000.0,2009-01-28
Sistema,8423000.0,2009-01-29
Sistema,8365000.0,2009-01-30
Sistema,7771000.0,2009-01-31
Sistema,7274000.0,2009-02-01
Sistema,8402000.0,2009-02-02
Sistema,8548000.0,2009-02-03
Sistema,8498000.0,2009-02-04
Sistema,8410000.0,2009-02-05
Sistema,8310000.0,2009-02-06
Sistema,7864000.0,2009-02-07
Sistema,7330000.0,2009-02-08
Sistema,8532000.0,2009-02-09
Sistema,8568000.0,2009-02-10
Sistema,8520000.0,2009-02-11
Sistema,8493000.0,2009-02-12
Sistema,8300000.0,2009-02-13
Sistema,7939000.0,2009-02-14
Sistema,7350000.0,2009-02-15
Sistema,8451000.0,2009-02-16
Sistema,8463000.0,2009-02-17
Sistema,8476000.0,2009-02-18
Sistema,8452000.0,2009-02-19
Sistema,8349000.0,2009-02-20
Sistema,7925000.0,2009-02-21
Sistema,7337000.0,2009-02-22
Sistema,8454000.0,2009-02-23
Sistema,8443000.0,2009-02-24
Sistema,8417000.0,2009-02-25
Sistema,8503000.0,2009-02-26
Sistema,8443000.0,2009-02-27
Sistema,7938000.0,2009-02-28
Sistema,7199000.0,2009-03-01
Sistema,8252000.0,2009-03-02
Sistema,8362000.0,2009-03-03
Sistema,8392000.0,2009-03-04
Sistema,8447000.0,2009-03-05
Sistema,8341000.0,2009-03-06
Sistema,7951000.0,2009-03-07
Sistema,7310000.0,2009-03-08
Sistema,8323000.0,2009-03-09
Sistema,8494000.0,2009-03-10
Sistema,8460000.0,2009-03-11
Sistema,8447000.0,2009-03-12
Sistema,8317000.0,2009-03-13
Sistema,7910000.0,2009-03-14
Sistema,7261000.0,2009-03-15
Sistema,8500000.0,2009-03-16
Sistema,8424000.0,2009-03-17
Sistema,8492000.0,2009-03-18
Sistema,8372000.0,2009-03-19
Sistema,8283000.0,2009-03-20
Sistema,7780000.0,2009-03-21
Sistema,7025000.0,2009-03-22
Sistema,7436000.0,2009-03-23
Sistema,8448000.0,2009-03-24
Sistema,8437000.0,2009-03-25
Sistema,8406000.0,2009-03-26
Sistema,8286000.0,2009-03-27
Sistema,7866000.0,2009-03-28
Sistema,7214000.0,2009-03-29
Sistema,8421000.0,2009-03-30
Sistema,8305000.0,2009-03-31
Sistema,8263000.0,2009-04-01
Sistema,8318000.0,2009-04-02
Sistema,8236000.0,2009-04-03
Sistema,8005000.0,2009-04-04
Sistema,7351000.0,2009-04-05
Sistema,8348000.0,2009-04-06
Sistema,8215000.0,2009-04-07
Sistema,7876000.0,2009-04-08
Sistema,6651000.0,2009-04-09
Sistema,6312000.0,2009-04-10
Sistema,7135000.0,2009-04-11
Sistema,7177000.0,2009-04-12
Sistema,8426000.0,2009-04-13
Sistema,8518000.0,2009-04-14
Sistema,8596000.0,2009-04-15
Sistema,8549000.0,2009-04-16
Sistema,8583000.0,2009-04-17
Sistema,8241000.0,2009-04-18
Sistema,7453000.0,2009-04-19
Sistema,8528000.0,2009-04-20
Sistema,8494000.0,2009-04-21
Sistema,8502000.0,2009-04-22
Sistema,8497000.0,2009-04-23
Sistema,8467000.0,2009-04-24
Sistema,7968000.0,2009-04-25
Sistema,7451000.0,2009-04-26
Sistema,8555000.0,2009-04-27
Sistema,8501000.0,2009-04-28
Sistema,8512000.0,2009-04-29
Sistema,8173000.0,2009-04-30
Sistema,7420000.0,2009-05-01
Sistema,7618000.0,2009-05-02
Sistema,7180000.0,2009-05-03
Sistema,8448000.0,2009-05-04
Sistema,8554000.0,2009-05-05
Sistema,8497000.0,2009-05-06
Sistema,8508000.0,2009-05-07
Sistema,8325000.0,2009-05-08
Sistema,7954000.0,2009-05-09
Sistema,7155000.0,2009-05-10
Sistema,8515000.0,2009-05-11
Sistema,8558000.0,2009-05-12
Sistema,8491000.0,2009-05-13
Sistema,8500000.0,2009-05-14
Sistema,8358000.0,2009-05-15
Sistema,7868000.0,2009-05-16
Sistema,7300000.0,2009-05-17
Sistema,8466000.0,2009-05-18
Sistema,8530000.0,2009-05-19
Sistema,8434000.0,2009-05-20
Sistema,8428000.0,2009-05-21
Sistema,8389000.0,2009-05-22
Sistema,7935000.0,2009-05-23
Sistema,7143000.0,2009-05-24
Sistema,7482000.0,2009-05-25
Sistema,8568000.0,2009-05-26
Sistema,8637000.0,2009-05-27
Sistema,8470000.0,2009-05-28
Sistema,8368000.0,2009-05-29
Sistema,7916000.0,2009-05-30
Sistema,7346000.0,2009-05-31
Sistema,8538000.0,2009-06-01
Sistema,8591000.0,2009-06-02
Sistema,8630000.0,2009-06-03
Sistema,8471000.0,2009-06-04
Sistema,8356000.0,2009-06-05
Sistema,7909000.0,2009-06-06
Sistema,7273000.0,2009-06-07
Sistema,8397000.0,2009-06-08
Sistema,8520000.0,2009-06-09
Sistema,8448000.0,2009-06-10
Sistema,8265000.0,2009-06-11
Sistema,8312000.0,2009-06-12
Sistema,7702000.0,2009-06-13
Sistema,6926000.0,2009-06-14
Sistema,7458000.0,2009-06-15
Sistema,8421000.0,2009-06-16
Sistema,8426000.0,2009-06-17
Sistema,8378000.0,2009-06-18
Sistema,8424000.0,2009-06-19
Sistema,7859000.0,2009-06-20
Sistema,6967000.0,2009-06-21
Sistema,7286000.0,2009-06-22
Sistema,8286000.0,2009-06-23
Sistema,8331000.0,2009-06-24
Sistema,8286000.0,2009-06-25
Sistema,8248000.0,2009-06-26
Sistema,7798000.0,2009-06-27
Sistema,6839000.0,2009-06-28
Sistema,7222000.0,2009-06-29
Sistema,8111000.0,2009-06-30
Sistema,8186000.0,2009-07-01
Sistema,8162000.0,2009-07-02
Sistema,8212000.0,2009-07-03
Sistema,7720000.0,2009-07-04
Sistema,7112000.0,2009-07-05
Sistema,8301000.0,2009-07-06
Sistema,8636000.0,2009-07-07
Sistema,8243000.0,2009-07-08
Sistema,8415000.0,2009-07-09
Sistema,8361000.0,2009-07-10
Sistema,7872000.0,2009-07-11
Sistema,7315000.0,2009-07-12
Sistema,8573000.0,2009-07-13
Sistema,8581000.0,2009-07-14
Sistema,8490000.0,2009-07-15
Sistema,8520000.0,2009-07-16
Sistema,8390000.0,2009-07-17
Sistema,8044000.0,2009-07-18
Sistema,7149000.0,2009-07-19
Sistema,7479000.0,2009-07-20
Sistema,8432000.0,2009-07-21
Sistema,8571000.0,2009-07-22
Sistema,8529000.0,2009-07-23
Sistema,8577000.0,2009-07-24
Sistema,8083000.0,2009-07-25
Sistema,7448000.0,2009-07-26
Sistema,8603000.0,2009-07-27
Sistema,8592000.0,2009-07-28
Sistema,8640000.0,2009-07-29
Sistema,8493000.0,2009-07-30
Sistema,8430000.0,2009-07-31
Sistema,7758000.0,2009-08-01
Sistema,7306000.0,2009-08-02
Sistema,8616000.0,2009-08-03
Sistema,8637000.0,2009-08-04
Sistema,8503000.0,2009-08-05
Sistema,8332000.0,2009-08-06
Sistema,7590000.0,2009-08-07
Sistema,7763000.0,2009-08-08
Sistema,7169000.0,2009-08-09
Sistema,8522000.0,2009-08-10
Sistema,8546000.0,2009-08-11
Sistema,8690000.0,2009-08-12
Sistema,8763000.0,2009-08-13
Sistema,8486000.0,2009-08-14
Sistema,8092000.0,2009-08-15
Sistema,7131000.0,2009-08-16
Sistema,7438000.0,2009-08-17
Sistema,8442000.0,2009-08-18
Sistema,8711000.0,2009-08-19
Sistema,8662000.0,2009-08-20
Sistema,8508000.0,2009-08-21
Sistema,8020000.0,2009-08-22
Sistema,7510000.0,2009-08-23
Sistema,8694000.0,2009-08-24
Sistema,8669000.0,2009-08-25
Sistema,8745000.0,2009-08-26
Sistema,8807000.0,2009-08-27
Sistema,8617000.0,2009-08-28
Sistema,8012000.0,2009-08-29
Sistema,7431000.0,2009-08-30
Sistema,8673000.0,2009-08-31
Sistema,8714000.0,2009-09-01
Sistema,8831000.0,2009-09-02
Sistema,8774000.0,2009-09-03
Sistema,8579000.0,2009-09-04
Sistema,8120000.0,2009-09-05
Sistema,7661000.0,2009-09-06
Sistema,8911000.0,2009-09-07
Sistema,8859000.0,2009-09-08
Sistema,8842000.0,2009-09-09
Sistema,8925000.0,2009-09-10
Sistema,8719000.0,2009-09-11
Sistema,8120000.0,2009-09-12
Sistema,7612000.0,2009-09-13
Sistema,8827000.0,2009-09-14
Sistema,8614000.0,2009-09-15
Sistema,8548000.0,2009-09-16
Sistema,8592000.0,2009-09-17
Sistema,8686000.0,2009-09-18
Sistema,8309000.0,2009-09-19
Sistema,7553000.0,2009-09-20
Sistema,8702000.0,2009-09-21
Sistema,8840000.0,2009-09-22
Sistema,8845000.0,2009-09-23
Sistema,8926000.0,2009-09-24
Sistema,8784000.0,2009-09-25
Sistema,8117000.0,2009-09-26
Sistema,7475000.0,2009-09-27
Sistema,8771000.0,2009-09-28
Sistema,8828000.0,2009-09-29
Sistema,8798000.0,2009-09-30
Sistema,8823000.0,2009-10-01
Sistema,8568000.0,2009-10-02
Sistema,8143000.0,2009-10-03
Sistema,7272000.0,2009-10-04
Sistema,8742000.0,2009-10-05
Sistema,8848000.0,2009-10-06
Sistema,8920000.0,2009-10-07
Sistema,8875000.0,2009-10-08
Sistema,8918000.0,2009-10-09
Sistema,8391000.0,2009-10-10
Sistema,7190000.0,2009-10-11
Sistema,7592000.0,2009-10-12
Sistema,8709000.0,2009-10-13
Sistema,8631000.0,2009-10-14
Sistema,8597000.0,2009-10-15
Sistema,8545000.0,2009-10-16
Sistema,8060000.0,2009-10-17
Sistema,7457000.0,2009-10-18
Sistema,8723000.0,2009-10-19
Sistema,8723000.0,2009-10-20
Sistema,8720000.0,2009-10-21
Sistema,8634000.0,2009-10-22
Sistema,8641000.0,2009-10-23
Sistema,8023000.0,2009-10-24
Sistema,7392000.0,2009-10-25
Sistema,8834000.0,2009-10-26
Sistema,8813000.0,2009-10-27
Sistema,8831000.0,2009-10-28
Sistema,8839000.0,2009-10-29
Sistema,8734000.0,2009-10-30
Sistema,7611000.0,2009-10-31
Sistema,7187000.0,2009-11-01
Sistema,7556000.0,2009-11-02
Sistema,8780000.0,2009-11-03
Sistema,8721000.0,2009-11-04
Sistema,8685000.0,2009-11-05
Sistema,8541000.0,2009-11-06
Sistema,8050000.0,2009-11-07
Sistema,7543000.0,2009-11-08
Sistema,8773000.0,2009-11-09
Sistema,8934000.0,2009-11-10
Sistema,8935000.0,2009-11-11
Sistema,8956000.0,2009-11-12
Sistema,8808000.0,2009-11-13
Sistema,8146000.0,2009-11-14
Sistema,7304000.0,2009-11-15
Sistema,7800000.0,2009-11-16
Sistema,8737000.0,2009-11-17
Sistema,8805000.0,2009-11-18
Sistema,8971000.0,2009-11-19
Sistema,8909000.0,2009-11-20
Sistema,8324000.0,2009-11-21
Sistema,7687000.0,2009-11-22
Sistema,8945000.0,2009-11-23
Sistema,8974000.0,2009-11-24
Sistema,9001000.0,2009-11-25
Sistema,9076000.0,2009-11-26
Sistema,9139000.0,2009-11-27
Sistema,8533000.0,2009-11-28
Sistema,7702000.0,2009-11-29
Sistema,9052000.0,2009-11-30
Sistema,9085000.0,2009-12-01
Sistema,9076000.0,2009-12-02
Sistema,9226000.0,2009-12-03
Sistema,9290000.0,2009-12-04
Sistema,8668000.0,2009-12-05
Sistema,8043000.0,2009-12-06
Sistema,8985000.0,2009-12-07
Sistema,8121000.0,2009-12-08
Sistema,9270000.0,2009-12-09
Sistema,9156000.0,2009-12-10
Sistema,9208000.0,2009-12-11
Sistema,8645000.0,2009-12-12
Sistema,7999000.0,2009-12-13
Sistema,9248000.0,2009-12-14
Sistema,9278000.0,2009-12-15
Sistema,9239000.0,2009-12-16
Sistema,9239000.0,2009-12-17
Sistema,9104000.0,2009-12-18
Sistema,8348000.0,2009-12-19
Sistema,7854000.0,2009-12-20
Sistema,8787000.0,2009-12-21
Sistema,8762000.0,2009-12-22
Sistema,8662000.0,2009-12-23
Sistema,7947000.0,2009-12-24
Sistema,6980000.0,2009-12-25
Sistema,8002000.0,2009-12-26
Sistema,7694000.0,2009-12-27
Sistema,8537000.0,2009-12-28
Sistema,8550000.0,2009-12-29
Sistema,8277000.0,2009-12-30
Sistema,7694000.0,2009-12-31
Sistema,6856000.0,2010-01-01
Sistema,7499000.0,2010-01-02
Sistema,7221000.0,2010-01-03
Sistema,8280000.0,2010-01-04
Sistema,8335000.0,2010-01-05
Sistema,8299000.0,2010-01-06
Sistema,8391000.0,2010-01-07
Sistema,8345000.0,2010-01-08
Sistema,7930000.0,2010-01-09
Sistema,7270000.0,2010-01-10
Sistema,7598000.0,2010-01-11
Sistema,8429000.0,2010-01-12
Sistema,8589000.0,2010-01-13
Sistema,8558000.0,2010-01-14
Sistema,8447000.0,2010-01-15
Sistema,8147000.0,2010-01-16
Sistema,7487000.0,2010-01-17
Sistema,8495000.0,2010-01-18
Sistema,8578000.0,2010-01-19
Sistema,8677000.0,2010-01-20
Sistema,8731000.0,2010-01-21
Sistema,8710000.0,2010-01-22
Sistema,8178000.0,2010-01-23
Sistema,7539000.0,2010-01-24
Sistema,8692000.0,2010-01-25
Sistema,8622000.0,2010-01-26
Sistema,8758000.0,2010-01-27
Sistema,8694000.0,2010-01-28
Sistema,8609000.0,2010-01-29
Sistema,8163000.0,2010-01-30
Sistema,7639000.0,2010-01-31
Sistema,8862000.0,2010-02-01
Sistema,8697000.0,2010-02-02
Sistema,8876000.0,2010-02-03
Sistema,9075000.0,2010-02-04
Sistema,8831000.0,2010-02-05
Sistema,8337000.0,2010-02-06
Sistema,7723000.0,2010-02-07
Sistema,8923000.0,2010-02-08
Sistema,8791000.0,2010-02-09
Sistema,8835000.0,2010-02-10
Sistema,8903000.0,2010-02-11
Sistema,8794000.0,2010-02-12
Sistema,8364000.0,2010-02-13
Sistema,7713000.0,2010-02-14
Sistema,8829000.0,2010-02-15
Sistema,8876000.0,2010-02-16
Sistema,8975000.0,2010-02-17
Sistema,8992000.0,2010-02-18
Sistema,8791000.0,2010-02-19
Sistema,8396000.0,2010-02-20
Sistema,7826000.0,2010-02-21
Sistema,9039000.0,2010-02-22
Sistema,8839000.0,2010-02-23
Sistema,8802000.0,2010-02-24
Sistema,8868000.0,2010-02-25
Sistema,8609000.0,2010-02-26
Sistema,8253000.0,2010-02-27
Sistema,7684000.0,2010-02-28
Sistema,8874000.0,2010-03-01
Sistema,8740000.0,2010-03-02
Sistema,8756000.0,2010-03-03
Sistema,8867000.0,2010-03-04
Sistema,8713000.0,2010-03-05
Sistema,8321000.0,2010-03-06
Sistema,7563000.0,2010-03-07
Sistema,8685000.0,2010-03-08
Sistema,8776000.0,2010-03-09
Sistema,8984000.0,2010-03-10
Sistema,8992000.0,2010-03-11
Sistema,8896000.0,2010-03-12
Sistema,8344000.0,2010-03-13
Sistema,7779000.0,2010-03-14
Sistema,9015000.0,2010-03-15
Sistema,8993000.0,2010-03-16
Sistema,8623000.0,2010-03-17
Sistema,8832000.0,2010-03-18
Sistema,8856000.0,2010-03-19
Sistema,8343000.0,2010-03-20
Sistema,7572000.0,2010-03-21
Sistema,8114000.0,2010-03-22
Sistema,8970000.0,2010-03-23
Sistema,9083000.0,2010-03-24
Sistema,9100000.0,2010-03-25
Sistema,8972000.0,2010-03-26
Sistema,8448000.0,2010-03-27
Sistema,7766000.0,2010-03-28
Sistema,8844000.0,2010-03-29
Sistema,8604000.0,2010-03-30
Sistema,8335000.0,2010-03-31
Sistema,7135000.0,2010-04-01
Sistema,6805000.0,2010-04-02
Sistema,7669000.0,2010-04-03
Sistema,7637000.0,2010-04-04
Sistema,8602000.0,2010-04-05
Sistema,8690000.0,2010-04-06
Sistema,8709000.0,2010-04-07
Sistema,8642000.0,2010-04-08
Sistema,8522000.0,2010-04-09
Sistema,8073000.0,2010-04-10
Sistema,7517000.0,2010-04-11
Sistema,8592000.0,2010-04-12
Sistema,8747000.0,2010-04-13
Sistema,8658000.0,2010-04-14
Sistema,8639000.0,2010-04-15
Sistema,8480000.0,2010-04-16
Sistema,8121000.0,2010-04-17
Sistema,7607000.0,2010-04-18
Sistema,8785000.0,2010-04-19
Sistema,8811000.0,2010-04-20
Sistema,8894000.0,2010-04-21
Sistema,8962000.0,2010-04-22
Sistema,9043000.0,2010-04-23
Sistema,8420000.0,2010-04-24
Sistema,7904000.0,2010-04-25
Sistema,8847000.0,2010-04-26
Sistema,8803000.0,2010-04-27
Sistema,8673000.0,2010-04-28
Sistema,8822000.0,2010-04-29
Sistema,8578000.0,2010-04-30
Sistema,7688000.0,2010-05-01
Sistema,7456000.0,2010-05-02
Sistema,8450000.0,2010-05-03
Sistema,8611000.0,2010-05-04
Sistema,8556000.0,2010-05-05
Sistema,8801000.0,2010-05-06
Sistema,8740000.0,2010-05-07
Sistema,8177000.0,2010-05-08
Sistema,7374000.0,2010-05-09
Sistema,8929000.0,2010-05-10
Sistema,8829000.0,2010-05-11
Sistema,8733000.0,2010-05-12
Sistema,8722000.0,2010-05-13
Sistema,8738000.0,2010-05-14
Sistema,8231000.0,2010-05-15
Sistema,7500000.0,2010-05-16
Sistema,7988000.0,2010-05-17
Sistema,8998000.0,2010-05-18
Sistema,8978000.0,2010-05-19
Sistema,8900000.0,2010-05-20
Sistema,8676000.0,2010-05-21
Sistema,8143000.0,2010-05-22
Sistema,7593000.0,2010-05-23
Sistema,8608000.0,2010-05-24
Sistema,8690000.0,2010-05-25
Sistema,8628000.0,2010-05-26
Sistema,8640000.0,2010-05-27
Sistema,8481000.0,2010-05-28
Sistema,7975000.0,2010-05-29
Sistema,7443000.0,2010-05-30
Sistema,8549000.0,2010-05-31
Sistema,8514000.0,2010-06-01
Sistema,8571000.0,2010-06-02
Sistema,8652000.0,2010-06-03
Sistema,8644000.0,2010-06-04
Sistema,8195000.0,2010-06-05
Sistema,7360000.0,2010-06-06
Sistema,7685000.0,2010-06-07
Sistema,8672000.0,2010-06-08
Sistema,8556000.0,2010-06-09
Sistema,8696000.0,2010-06-10
Sistema,8525000.0,2010-06-11
Sistema,8096000.0,2010-06-12
Sistema,7370000.0,2010-06-13
Sistema,7674000.0,2010-06-14
Sistema,8601000.0,2010-06-15
Sistema,8706000.0,2010-06-16
Sistema,8707000.0,2010-06-17
Sistema,8548000.0,2010-06-18
Sistema,7994000.0,2010-06-19
Sistema,7132000.0,2010-06-20
Sistema,8476000.0,2010-06-21
Sistema,8592000.0,2010-06-22
Sistema,8572000.0,2010-06-23
Sistema,8609000.0,2010-06-24
Sistema,8490000.0,2010-06-25
Sistema,7934000.0,2010-06-26
Sistema,7260000.0,2010-06-27
Sistema,8439000.0,2010-06-28
Sistema,8483000.0,2010-06-29
Sistema,8539000.0,2010-06-30
Sistema,8479000.0,2010-07-01
Sistema,8307000.0,2010-07-02
Sistema,7927000.0,2010-07-03
Sistema,7183000.0,2010-07-04
Sistema,7428000.0,2010-07-05
Sistema,8548000.0,2010-07-06
Sistema,8448000.0,2010-07-07
Sistema,8406000.0,2010-07-08
Sistema,8387000.0,2010-07-09
Sistema,7941000.0,2010-07-10
Sistema,7292000.0,2010-07-11
Sistema,8482000.0,2010-07-12
Sistema,8693000.0,2010-07-13
Sistema,8611000.0,2010-07-14
Sistema,8658000.0,2010-07-15
Sistema,8326000.0,2010-07-16
Sistema,7937000.0,2010-07-17
Sistema,7326000.0,2010-07-18
Sistema,8243000.0,2010-07-19
Sistema,7725000.0,2010-07-20
Sistema,8632000.0,2010-07-21
Sistema,8652000.0,2010-07-22
Sistema,8561000.0,2010-07-23
Sistema,8173000.0,2010-07-24
Sistema,7655000.0,2010-07-25
Sistema,8635000.0,2010-07-26
Sistema,8706000.0,2010-07-27
Sistema,8567000.0,2010-07-28
Sistema,8658000.0,2010-07-29
Sistema,8448000.0,2010-07-30
Sistema,7938000.0,2010-07-31
Sistema,7323000.0,2010-08-01
Sistema,8640000.0,2010-08-02
Sistema,8658000.0,2010-08-03
Sistema,8734000.0,2010-08-04
Sistema,8749000.0,2010-08-05
Sistema,8471000.0,2010-08-06
Sistema,7537000.0,2010-08-07
Sistema,7478000.0,2010-08-08
Sistema,8784000.0,2010-08-09
Sistema,8871000.0,2010-08-10
Sistema,8779000.0,2010-08-11
Sistema,8631000.0,2010-08-12
Sistema,8571000.0,2010-08-13
Sistema,8088000.0,2010-08-14
Sistema,7259000.0,2010-08-15
Sistema,7723000.0,2010-08-16
Sistema,8720000.0,2010-08-17
Sistema,8727000.0,2010-08-18
Sistema,8747000.0,2010-08-19
Sistema,8674000.0,2010-08-20
Sistema,8234000.0,2010-08-21
Sistema,7559000.0,2010-08-22
Sistema,8779000.0,2010-08-23
Sistema,8824000.0,2010-08-24
Sistema,8781000.0,2010-08-25
Sistema,8678000.0,2010-08-26
Sistema,8542000.0,2010-08-27
Sistema,8117000.0,2010-08-28
Sistema,7591000.0,2010-08-29
Sistema,8750000.0,2010-08-30
Sistema,8753000.0,2010-08-31
Sistema,8674000.0,2010-09-01
Sistema,8620000.0,2010-09-02
Sistema,8707000.0,2010-09-03
Sistema,8097000.0,2010-09-04
Sistema,7570000.0,2010-09-05
Sistema,8675000.0,2010-09-06
Sistema,8747000.0,2010-09-07
Sistema,8525000.0,2010-09-08
Sistema,8644000.0,2010-09-09
Sistema,8533000.0,2010-09-10
Sistema,8122000.0,2010-09-11
Sistema,7570000.0,2010-09-12
Sistema,8675000.0,2010-09-13
Sistema,8747000.0,2010-09-14
Sistema,8780000.0,2010-09-15
Sistema,8747000.0,2010-09-16
Sistema,8633000.0,2010-09-17
Sistema,8118000.0,2010-09-18
Sistema,7445000.0,2010-09-19
Sistema,8544000.0,2010-09-20
Sistema,8707000.0,2010-09-21
Sistema,8771000.0,2010-09-22
Sistema,8707000.0,2010-09-23
Sistema,8572000.0,2010-09-24
Sistema,8300000.0,2010-09-25
Sistema,7546000.0,2010-09-26
Sistema,8553000.0,2010-09-27
Sistema,8739000.0,2010-09-28
Sistema,8743000.0,2010-09-29
Sistema,8710000.0,2010-09-30
Sistema,8534000.0,2010-10-01
Sistema,7966000.0,2010-10-02
Sistema,7359000.0,2010-10-03
Sistema,8539000.0,2010-10-04
Sistema,8610000.0,2010-10-05
Sistema,8736000.0,2010-10-06
Sistema,8707000.0,2010-10-07
Sistema,8676000.0,2010-10-08
Sistema,8202000.0,2010-10-09
Sistema,7564000.0,2010-10-10
Sistema,8585000.0,2010-10-11
Sistema,8935000.0,2010-10-12
Sistema,8946000.0,2010-10-13
Sistema,8878000.0,2010-10-14
Sistema,8722000.0,2010-10-15
Sistema,8098000.0,2010-10-16
Sistema,7241000.0,2010-10-17
Sistema,7602000.0,2010-10-18
Sistema,8703000.0,2010-10-19
Sistema,8666000.0,2010-10-20
Sistema,8766000.0,2010-10-21
Sistema,8722000.0,2010-10-22
Sistema,8169000.0,2010-10-23
Sistema,7457000.0,2010-10-24
Sistema,8728000.0,2010-10-25
Sistema,8883000.0,2010-10-26
Sistema,8798000.0,2010-10-27
Sistema,8724000.0,2010-10-28
Sistema,8574000.0,2010-10-29
Sistema,8120000.0,2010-10-30
Sistema,6995000.0,2010-10-31
Sistema,7691000.0,2010-11-01
Sistema,8524000.0,2010-11-02
Sistema,8575000.0,2010-11-03
Sistema,8684000.0,2010-11-04
Sistema,8625000.0,2010-11-05
Sistema,8022000.0,2010-11-06
Sistema,7453000.0,2010-11-07
Sistema,8645000.0,2010-11-08
Sistema,8755000.0,2010-11-09
Sistema,8747000.0,2010-11-10
Sistema,8743000.0,2010-11-11
Sistema,8594000.0,2010-11-12
Sistema,8062000.0,2010-11-13
Sistema,7278000.0,2010-11-14
Sistema,7714000.0,2010-11-15
Sistema,8723000.0,2010-11-16
Sistema,8731000.0,2010-11-17
Sistema,8703000.0,2010-11-18
Sistema,8617000.0,2010-11-19
Sistema,8174000.0,2010-11-20
Sistema,7468000.0,2010-11-21
Sistema,8735000.0,2010-11-22
Sistema,8800000.0,2010-11-23
Sistema,8792000.0,2010-11-24
Sistema,8740000.0,2010-11-25
Sistema,8713000.0,2010-11-26
Sistema,8344000.0,2010-11-27
Sistema,7578000.0,2010-11-28
Sistema,8718000.0,2010-11-29
Sistema,8811000.0,2010-11-30
Sistema,8794000.0,2010-12-01
Sistema,8731000.0,2010-12-02
Sistema,8625000.0,2010-12-03
Sistema,8183000.0,2010-12-04
Sistema,7696000.0,2010-12-05
Sistema,8890000.0,2010-12-06
Sistema,8632000.0,2010-12-07
Sistema,7909000.0,2010-12-08
Sistema,8983000.0,2010-12-09
Sistema,8910000.0,2010-12-10
Sistema,8474000.0,2010-12-11
Sistema,7861000.0,2010-12-12
Sistema,8939000.0,2010-12-13
Sistema,8803000.0,2010-12-14
Sistema,8757000.0,2010-12-15
Sistema,8841000.0,2010-12-16
Sistema,8788000.0,2010-12-17
Sistema,8243000.0,2010-12-18
Sistema,7693000.0,2010-12-19
Sistema,8683000.0,2010-12-20
Sistema,8667000.0,2010-12-21
Sistema,8723000.0,2010-12-22
Sistema,8500000.0,2010-12-23
Sistema,7871000.0,2010-12-24
Sistema,7007000.0,2010-12-25
Sistema,7483000.0,2010-12-26
Sistema,8561000.0,2010-12-27
Sistema,8686000.0,2010-12-28
Sistema,8621000.0,2010-12-29
Sistema,8410000.0,2010-12-30
Sistema,7644000.0,2010-12-31
Sistema,6583000.0,2011-01-01
Sistema,7063000.0,2011-01-02
Sistema,8084000.0,2011-01-03
Sistema,8218000.0,2011-01-04
Sistema,8207000.0,2011-01-05
Sistema,8384000.0,2011-01-06
Sistema,8121000.0,2011-01-07
Sistema,7751000.0,2011-01-08
Sistema,7067000.0,2011-01-09
Sistema,7509000.0,2011-01-10
Sistema,8370000.0,2011-01-11
Sistema,8562000.0,2011-01-12
Sistema,8507000.0,2011-01-13
Sistema,8542000.0,2011-01-14
Sistema,8083000.0,2011-01-15
Sistema,7475000.0,2011-01-16
Sistema,8382000.0,2011-01-17
Sistema,8613000.0,2011-01-18
Sistema,8677000.0,2011-01-19
Sistema,8652000.0,2011-01-20
Sistema,8654000.0,2011-01-21
Sistema,8122000.0,2011-01-22
Sistema,7580000.0,2011-01-23
Sistema,8639000.0,2011-01-24
Sistema,8780000.0,2011-01-25
Sistema,8738000.0,2011-01-26
Sistema,8664000.0,2011-01-27
Sistema,8678000.0,2011-01-28
Sistema,8097000.0,2011-01-29
Sistema,7557000.0,2011-01-30
Sistema,8742000.0,2011-01-31
Sistema,8973000.0,2011-02-01
Sistema,8825000.0,2011-02-02
Sistema,8798000.0,2011-02-03
Sistema,8705000.0,2011-02-04
Sistema,8206000.0,2011-02-05
Sistema,7542000.0,2011-02-06
Sistema,8563000.0,2011-02-07
Sistema,8652000.0,2011-02-08
Sistema,8750000.0,2011-02-09
Sistema,8622000.0,2011-02-10
Sistema,8586000.0,2011-02-11
Sistema,8112000.0,2011-02-12
Sistema,7586000.0,2011-02-13
Sistema,8641000.0,2011-02-14
Sistema,8724000.0,2011-02-15
Sistema,8621000.0,2011-02-16
Sistema,8498000.0,2011-02-17
Sistema,8382000.0,2011-02-18
Sistema,8079000.0,2011-02-19
Sistema,7527000.0,2011-02-20
Sistema,8669000.0,2011-02-21
Sistema,8858000.0,2011-02-22
Sistema,8839000.0,2011-02-23
Sistema,8684000.0,2011-02-24
Sistema,8490000.0,2011-02-25
Sistema,8138000.0,2011-02-26
Sistema,7500000.0,2011-02-27
Sistema,8572000.0,2011-02-28
Sistema,8553000.0,2011-03-01
Sistema,8549000.0,2011-03-02
Sistema,8578000.0,2011-03-03
Sistema,8483000.0,2011-03-04
Sistema,7984000.0,2011-03-05
Sistema,7386000.0,2011-03-06
Sistema,8465000.0,2011-03-07
Sistema,8435000.0,2011-03-08
Sistema,8567000.0,2011-03-09
Sistema,8574000.0,2011-03-10
Sistema,8515000.0,2011-03-11
Sistema,8117000.0,2011-03-12
Sistema,7497000.0,2011-03-13
Sistema,8710000.0,2011-03-14
Sistema,8758000.0,2011-03-15
Sistema,8656403.0,2011-03-16
Sistema,8794000.0,2011-03-17
Sistema,8616000.0,2011-03-18
Sistema,7997000.0,2011-03-19
Sistema,7141000.0,2011-03-20
Sistema,7599000.0,2011-03-21
Sistema,8496000.0,2011-03-22
Sistema,8598000.0,2011-03-23
Sistema,8571000.0,2011-03-24
Sistema,8526000.0,2011-03-25
Sistema,8182000.0,2011-03-26
Sistema,7576000.0,2011-03-27
Sistema,8812000.0,2011-03-28
Sistema,8828000.0,2011-03-29
Sistema,8807000.0,2011-03-30
Sistema,8660000.0,2011-03-31
Sistema,8560000.0,2011-04-01
Sistema,8038000.0,2011-04-02
Sistema,7572000.0,2011-04-03
Sistema,8657000.0,2011-04-04
Sistema,8775000.0,2011-04-05
Sistema,8678000.0,2011-04-06
Sistema,8756000.0,2011-04-07
Sistema,8636000.0,2011-04-08
Sistema,8201000.0,2011-04-09
Sistema,7532000.0,2011-04-10
Sistema,8593000.0,2011-04-11
Sistema,8615000.0,2011-04-12
Sistema,8679000.0,2011-04-13
Sistema,8724000.0,2011-04-14
Sistema,8519000.0,2011-04-15
Sistema,7856000.0,2011-04-16
Sistema,7353000.0,2011-04-17
Sistema,8447000.0,2011-04-18
Sistema,8395000.0,2011-04-19
Sistema,8096000.0,2011-04-20
Sistema,6936000.0,2011-04-21
Sistema,6572000.0,2011-04-22
Sistema,7298447.0,2011-04-23
Sistema,7356000.0,2011-04-24
Sistema,8461000.0,2011-04-25
Sistema,8556000.0,2011-04-26
Sistema,8565303.0,2011-04-27
Sistema,8585000.0,2011-04-28
Sistema,8614000.0,2011-04-29
Sistema,8053000.0,2011-04-30
Sistema,7451449.0,2011-05-01
Sistema,8690249.0,2011-05-02
Sistema,8468717.0,2011-05-03
Sistema,8735599.0,2011-05-04
Sistema,8704753.0,2011-05-05
Sistema,8688220.0,2011-05-06
Sistema,8183886.0,2011-05-07
Sistema,7266270.0,2011-05-08
Sistema,8709363.0,2011-05-09
Sistema,8672639.0,2011-05-10
Sistema,8783049.0,2011-05-11
Sistema,8722149.0,2011-05-12
Sistema,8498561.0,2011-05-13
Sistema,7960192.0,2011-05-14
Sistema,7463836.0,2011-05-15
Sistema,8504346.0,2011-05-16
Sistema,8517897.0,2011-05-17
Sistema,8619403.0,2011-05-18
Sistema,8598724.0,2011-05-19
Sistema,8477288.0,2011-05-20
Sistema,8006499.0,2011-05-21
Sistema,7365648.0,2011-05-22
Sistema,8601984.0,2011-05-23
Sistema,8639921.0,2011-05-24
Sistema,8597495.0,2011-05-25
Sistema,8627422.0,2011-05-26
Sistema,8457213.0,2011-05-27
Sistema,7911556.0,2011-05-28
Sistema,7461661.0,2011-05-29
Sistema,8660811.0,2011-05-30
Sistema,8596927.0,2011-05-31
Sistema,8462161.0,2011-06-01
Sistema,8485838.0,2011-06-02
Sistema,8372431.0,2011-06-03
Sistema,7901583.0,2011-06-04
Sistema,7197726.0,2011-06-05
Sistema,7637764.0,2011-06-06
Sistema,8596521.0,2011-06-07
Sistema,8705857.0,2011-06-08
Sistema,8728374.0,2011-06-09
Sistema,8668101.0,2011-06-10
Sistema,8178000.0,2011-06-11
Sistema,7653000.0,2011-06-12
Sistema,8896338.0,2011-06-13
Sistema,8890196.0,2011-06-14
Sistema,8728985.0,2011-06-15
Sistema,8634641.0,2011-06-16
Sistema,8653362.0,2011-06-17
Sistema,8062350.0,2011-06-18
Sistema,7220836.0,2011-06-19
Sistema,8680056.0,2011-06-20
Sistema,8747110.0,2011-06-21
Sistema,8806521.0,2011-06-22
Sistema,8605000.0,2011-06-23
Sistema,8302757.0,2011-06-24
Sistema,7925327.0,2011-06-25
Sistema,7186634.0,2011-06-26
Sistema,7600000.0,2011-06-27
Sistema,8722000.0,2011-06-28
Sistema,8681851.0,2011-06-29
Sistema,8461000.0,2011-06-30
Sistema,8442000.0,2011-07-01
Sistema,7879000.0,2011-07-02
Sistema,7131000.0,2011-07-03
Sistema,7513000.0,2011-07-04
Sistema,8533016.0,2011-07-05
Sistema,8481127.0,2011-07-06
Sistema,8560000.0,2011-07-07
Sistema,8635507.0,2011-07-08
Sistema,8084881.0,2011-07-09
Sistema,7523000.0,2011-07-10
Sistema,8664594.0,2011-07-11
Sistema,8681967.0,2011-07-12
Sistema,8564655.0,2011-07-13
Sistema,8496000.0,2011-07-14
Sistema,8391000.0,2011-07-15
Sistema,8029695.0,2011-07-16
Sistema,7466000.0,2011-07-17
Sistema,8594000.0,2011-07-18
Sistema,8629474.0,2011-07-19
Sistema,8036239.0,2011-07-20
Sistema,8809292.0,2011-07-21
Sistema,8767000.0,2011-07-22
Sistema,8285110.0,2011-07-23
Sistema,7655913.0,2011-07-24
Sistema,8852662.0,2011-07-25
Sistema,8824544.0,2011-07-26
Sistema,8852351.0,2011-07-27
Sistema,8661272.0,2011-07-28
Sistema,8408780.0,2011-07-29
Sistema,7820489.0,2011-07-30
Sistema,7425000.0,2011-07-31
Sistema,8614000.0,2011-08-01
Sistema,8711000.0,2011-08-02
Sistema,8842000.0,2011-08-03
Sistema,8710267.0,2011-08-04
Sistema,8746029.0,2011-08-05
Sistema,8210405.0,2011-08-06
Sistema,7615327.0,2011-08-07
Sistema,8986774.0,2011-08-08
Sistema,8929176.0,2011-08-09
Sistema,8941817.0,2011-08-10
Sistema,8821368.0,2011-08-11
Sistema,8581437.0,2011-08-12
Sistema,8185000.0,2011-08-13
Sistema,7280000.0,2011-08-14
Sistema,7780117.0,2011-08-15
Sistema,8850000.0,2011-08-16
Sistema,8921000.0,2011-08-17
Sistema,8787000.0,2011-08-18
Sistema,8713000.0,2011-08-19
Sistema,8244000.0,2011-08-20
Sistema,7544000.0,2011-08-21
Sistema,8896000.0,2011-08-22
Sistema,8725868.0,2011-08-23
Sistema,8830456.0,2011-08-24
Sistema,8926967.0,2011-08-25
Sistema,8785000.0,2011-08-26
Sistema,8134000.0,2011-08-27
Sistema,7662000.0,2011-08-28
Sistema,9003000.0,2011-08-29
Sistema,8965000.0,2011-08-30
Sistema,8852207.0,2011-08-31
Sistema,8871246.0,2011-09-01
Sistema,8660128.0,2011-09-02
Sistema,8047783.0,2011-09-03
Sistema,7548726.0,2011-09-04
Sistema,9145000.0,2011-09-05
Sistema,9088000.0,2011-09-06
Sistema,9176000.0,2011-09-07
Sistema,8789350.0,2011-09-08
Sistema,8807000.0,2011-09-09
Sistema,8103851.0,2011-09-10
Sistema,7599000.0,2011-09-11
Sistema,8790000.0,2011-09-12
Sistema,9041000.0,2011-09-13
Sistema,8823586.0,2011-09-14
Sistema,8888603.0,2011-09-15
Sistema,8686149.0,2011-09-16
Sistema,8171363.0,2011-09-17
Sistema,7494789.0,2011-09-18
Sistema,8746976.0,2011-09-19
Sistema,8778833.0,2011-09-20
Sistema,8714342.0,2011-09-21
Sistema,8787631.0,2011-09-22
Sistema,8794081.0,2011-09-23
Sistema,8066029.0,2011-09-24
Sistema,7566658.0,2011-09-25
Sistema,8794897.0,2011-09-26
Sistema,8847578.0,2011-09-27
Sistema,8997144.0,2011-09-28
Sistema,8933550.0,2011-09-29
Sistema,8710615.0,2011-09-30
Sistema,8125730.0,2011-10-01
Sistema,7601665.0,2011-10-02
Sistema,8870232.0,2011-10-03
Sistema,8816248.0,2011-10-04
Sistema,8889015.0,2011-10-05
Sistema,8929006.0,2011-10-06
Sistema,8766876.0,2011-10-07
Sistema,8067546.0,2011-10-08
Sistema,7505828.0,2011-10-09
Sistema,8780990.0,2011-10-10
Sistema,8743787.0,2011-10-11
Sistema,8767989.0,2011-10-12
Sistema,8817237.0,2011-10-13
Sistema,8714670.0,2011-10-14
Sistema,7964205.0,2011-10-15
Sistema,7168102.0,2011-10-16
Sistema,7604534.0,2011-10-17
Sistema,8606000.0,2011-10-18
Sistema,8764000.0,2011-10-19
Sistema,8628174.0,2011-10-20
Sistema,8487439.0,2011-10-21
Sistema,8123520.0,2011-10-22
Sistema,7472780.0,2011-10-23
Sistema,8781154.0,2011-10-24
Sistema,8853859.0,2011-10-25
Sistema,8840316.0,2011-10-26
Sistema,8921188.0,2011-10-27
Sistema,8745656.0,2011-10-28
Sistema,7982330.0,2011-10-29
Sistema,7113000.0,2011-10-30
Sistema,8171954.0,2011-10-31
Sistema,8771386.0,2011-11-01
Sistema,8797337.0,2011-11-02
Sistema,8906128.0,2011-11-03
Sistema,8806363.0,2011-11-04
Sistema,8336000.0,2011-11-05
Sistema,7515491.0,2011-11-06
Sistema,7985552.0,2011-11-07
Sistema,9018000.0,2011-11-08
Sistema,8941577.0,2011-11-09
Sistema,8929000.0,2011-11-10
Sistema,8871454.0,2011-11-11
Sistema,8169000.0,2011-11-12
Sistema,7345088.0,2011-11-13
Sistema,7928761.0,2011-11-14
Sistema,8850239.0,2011-11-15
Sistema,8866213.0,2011-11-16
Sistema,8893871.0,2011-11-17
Sistema,8750200.0,2011-11-18
Sistema,8173283.0,2011-11-19
Sistema,7613756.0,2011-11-20
Sistema,9295000.0,2011-11-21
Sistema,8858908.0,2011-11-22
Sistema,8922007.0,2011-11-23
Sistema,8902758.0,2011-11-24
Sistema,8938314.0,2011-11-25
Sistema,8359208.0,2011-11-26
Sistema,7807843.0,2011-11-27
Sistema,9012000.0,2011-11-28
Sistema,8857000.0,2011-11-29
Sistema,8721895.0,2011-11-30
Sistema,8660690.0,2011-12-01
Sistema,8711822.0,2011-12-02
Sistema,8258816.0,2011-12-03
Sistema,7784300.0,2011-12-04
Sistema,8910000.0,2011-12-05
Sistema,8887000.0,2011-12-06
Sistema,8710224.0,2011-12-07
Sistema,7941675.0,2011-12-08
Sistema,8966914.0,2011-12-09
Sistema,8406362.0,2011-12-10
Sistema,7833602.0,2011-12-11
Sistema,8927660.0,2011-12-12
Sistema,9070295.0,2011-12-13
Sistema,9003784.0,2011-12-14
Sistema,8808584.0,2011-12-15
Sistema,8701110.0,2011-12-16
Sistema,8202000.0,2011-12-17
Sistema,7768000.0,2011-12-18
Sistema,8917000.0,2011-12-19
Sistema,8823940.0,2011-12-20
Sistema,8906557.0,2011-12-21
Sistema,8809130.0,2011-12-22
Sistema,8552466.0,2011-12-23
Sistema,7743101.0,2011-12-24
Sistema,6987703.0,2011-12-25
Sistema,8528044.0,2011-12-26
Sistema,8655721.0,2011-12-27
Sistema,8608035.0,2011-12-28
Sistema,8756000.0,2011-12-29
Sistema,8357000.0,2011-12-30
Sistema,7759000.0,2011-12-31
Sistema,6716000.0,2012-01-01
Sistema,8302000.0,2012-01-02
Sistema,8291000.0,2012-01-03
Sistema,8495000.0,2012-01-04
Sistema,8575000.0,2012-01-05
Sistema,8401000.0,2012-01-06
Sistema,8088000.0,2012-01-07
Sistema,7296000.0,2012-01-08
Sistema,7630000.0,2012-01-09
Sistema,8634000.0,2012-01-10
Sistema,8627000.0,2012-01-11
Sistema,8806000.0,2012-01-12
Sistema,8687000.0,2012-01-13
Sistema,8227000.0,2012-01-14
Sistema,7652000.0,2012-01-15
Sistema,8665000.0,2012-01-16
Sistema,8672000.0,2012-01-17
Sistema,8549000.0,2012-01-18
Sistema,8582000.0,2012-01-19
Sistema,8543000.0,2012-01-20
Sistema,8012000.0,2012-01-21
Sistema,7445000.0,2012-01-22
Sistema,8736000.0,2012-01-23
Sistema,8611000.0,2012-01-24
Sistema,8580000.0,2012-01-25
Sistema,8688000.0,2012-01-26
Sistema,8677000.0,2012-01-27
Sistema,8150000.0,2012-01-28
Sistema,7536000.0,2012-01-29
Sistema,8598000.0,2012-01-30
Sistema,8511370.0,2012-01-31
Sistema,8573000.0,2012-02-01
Sistema,8734000.0,2012-02-02
Sistema,8585000.0,2012-02-03
Sistema,8196000.0,2012-02-04
Sistema,7574000.0,2012-02-05
Sistema,8696000.0,2012-02-06
Sistema,8738000.0,2012-02-07
Sistema,8621023.0,2012-02-08
Sistema,8758000.0,2012-02-09
Sistema,8573000.0,2012-02-10
Sistema,8158000.0,2012-02-11
Sistema,7519000.0,2012-02-12
Sistema,8782000.0,2012-02-13
Sistema,8739000.0,2012-02-14
Sistema,8878000.0,2012-02-15
Sistema,8783000.0,2012-02-16
Sistema,8672000.0,2012-02-17
Sistema,8155000.0,2012-02-18
Sistema,7589000.0,2012-02-19
Sistema,8776000.0,2012-02-20
Sistema,8826000.0,2012-02-21
Sistema,8889000.0,2012-02-22
Sistema,8988000.0,2012-02-23
Sistema,9056000.0,2012-02-24
Sistema,8456000.0,2012-02-25
Sistema,7796000.0,2012-02-26
Sistema,8918000.0,2012-02-27
Sistema,9080000.0,2012-02-28
Sistema,8988000.0,2012-02-29
Sistema,9040000.0,2012-03-01
Sistema,8991000.0,2012-03-02
Sistema,8426000.0,2012-03-03
Sistema,7693000.0,2012-03-04
Sistema,9010000.0,2012-03-05
Sistema,8975000.0,2012-03-06
Sistema,8985000.0,2012-03-07
Sistema,8976000.0,2012-03-08
Sistema,8836000.0,2012-03-09
Sistema,8249000.0,2012-03-10
Sistema,7788000.0,2012-03-11
Sistema,9033000.0,2012-03-12
Sistema,8921000.0,2012-03-13
Sistema,8919000.0,2012-03-14
Sistema,9027000.0,2012-03-15
Sistema,8903000.0,2012-03-16
Sistema,8298000.0,2012-03-17
Sistema,7507000.0,2012-03-18
Sistema,7868767.0,2012-03-19
Sistema,8795000.0,2012-03-20
Sistema,8850000.0,2012-03-21
Sistema,8785000.0,2012-03-22
Sistema,8810000.0,2012-03-23
Sistema,8347000.0,2012-03-24
Sistema,7744000.0,2012-03-25
Sistema,8843000.0,2012-03-26
Sistema,9003000.0,2012-03-27
Sistema,8897000.0,2012-03-28
Sistema,8953340.0,2012-03-29
Sistema,8854000.0,2012-03-30
Sistema,8335000.0,2012-03-31
Sistema,7621000.0,2012-04-01
Sistema,8809000.0,2012-04-02
Sistema,8727000.0,2012-04-03
Sistema,8429000.0,2012-04-04
Sistema,7157000.0,2012-04-05
Sistema,6882000.0,2012-04-06
Sistema,7625000.0,2012-04-07
Sistema,7509000.0,2012-04-08
Sistema,8818000.0,2012-04-09
Sistema,8890000.0,2012-04-10
Sistema,8805000.0,2012-04-11
Sistema,8655000.0,2012-04-12
Sistema,8683000.0,2012-04-13
Sistema,8191000.0,2012-04-14
Sistema,7640000.0,2012-04-15
Sistema,8775000.0,2012-04-16
Sistema,8814000.0,2012-04-17
Sistema,8601000.0,2012-04-18
Sistema,8786000.0,2012-04-19
Sistema,8773000.0,2012-04-20
Sistema,8171000.0,2012-04-21
Sistema,7697039.0,2012-04-22
Sistema,8804000.0,2012-04-23
Sistema,8874000.0,2012-04-24
Sistema,8909000.0,2012-04-25
Sistema,8969183.0,2012-04-26
Sistema,8760000.0,2012-04-27
Sistema,8195354.0,2012-04-28
Sistema,7595254.0,2012-04-29
Sistema,8639000.0,2012-04-30
Sistema,7557812.0,2012-05-01
Sistema,8651991.0,2012-05-02
Sistema,8827000.0,2012-05-03
Sistema,8584000.0,2012-05-04
Sistema,8130000.0,2012-05-05
Sistema,7667000.0,2012-05-06
Sistema,8734000.0,2012-05-07
Sistema,8962000.0,2012-05-08
Sistema,8784000.0,2012-05-09
Sistema,8903000.0,2012-05-10
Sistema,8862000.0,2012-05-11
Sistema,8229589.0,2012-05-12
Sistema,7406000.0,2012-05-13
Sistema,8795868.0,2012-05-14
Sistema,9020000.0,2012-05-15
Sistema,9101000.0,2012-05-16
Sistema,9000000.0,2012-05-17
Sistema,8829000.0,2012-05-18
Sistema,8257631.0,2012-05-19
Sistema,7407544.0,2012-05-20
Sistema,8013764.0,2012-05-21
Sistema,8951000.0,2012-05-22
Sistema,9018000.0,2012-05-23
Sistema,9063000.0,2012-05-24
Sistema,8837000.0,2012-05-25
Sistema,8339179.0,2012-05-26
Sistema,7970000.0,2012-05-27
Sistema,9071000.0,2012-05-28
Sistema,9152000.0,2012-05-29
Sistema,8945000.0,2012-05-30
Sistema,9006000.0,2012-05-31
Sistema,8899000.0,2012-06-01
Sistema,8312000.0,2012-06-02
Sistema,7877165.0,2012-06-03
Sistema,8996000.0,2012-06-04
Sistema,9052000.0,2012-06-05
Sistema,9117000.0,2012-06-06
Sistema,9226000.0,2012-06-07
Sistema,8955000.0,2012-06-08
Sistema,8515000.0,2012-06-09
Sistema,7784000.0,2012-06-10
Sistema,7925000.0,2012-06-11
Sistema,8837279.0,2012-06-12
Sistema,8946000.0,2012-06-13
Sistema,8813000.0,2012-06-14
Sistema,8781000.0,2012-06-15
Sistema,8113000.0,2012-06-16
Sistema,7197000.0,2012-06-17
Sistema,7855450.0,2012-06-18
Sistema,8952000.0,2012-06-19
Sistema,8931000.0,2012-06-20
Sistema,8747000.0,2012-06-21
Sistema,8902000.0,2012-06-22
Sistema,8119000.0,2012-06-23
Sistema,7512000.0,2012-06-24
Sistema,8656000.0,2012-06-25
Sistema,8619000.0,2012-06-26
Sistema,8744000.0,2012-06-27
Sistema,8654000.0,2012-06-28
Sistema,8550000.0,2012-06-29
Sistema,7958000.0,2012-06-30
Sistema,7180300.0,2012-07-01
Sistema,7667000.0,2012-07-02
Sistema,8668000.0,2012-07-03
Sistema,8719000.0,2012-07-04
Sistema,8795000.0,2012-07-05
Sistema,8748000.0,2012-07-06
Sistema,8104056.0,2012-07-07
Sistema,7677000.0,2012-07-08
Sistema,8798695.0,2012-07-09
Sistema,9074000.0,2012-07-10
Sistema,8914000.0,2012-07-11
Sistema,8725000.0,2012-07-12
Sistema,8505000.0,2012-07-13
Sistema,8117000.0,2012-07-14
Sistema,7603000.0,2012-07-15
Sistema,8757000.0,2012-07-16
Sistema,8919000.0,2012-07-17
Sistema,8830000.0,2012-07-18
Sistema,8810000.0,2012-07-19
Sistema,7851000.0,2012-07-20
Sistema,8059000.0,2012-07-21
Sistema,7620000.0,2012-07-22
Sistema,8697000.0,2012-07-23
Sistema,8883000.0,2012-07-24
Sistema,8950000.0,2012-07-25
Sistema,8960000.0,2012-07-26
Sistema,8854000.0,2012-07-27
Sistema,8388000.0,2012-07-28
Sistema,7977000.0,2012-07-29
Sistema,8918000.0,2012-07-30
Sistema,8827000.0,2012-07-31
Sistema,8724000.0,2012-08-01
Sistema,8886451.0,2012-08-02
Sistema,8764000.0,2012-08-03
Sistema,8240974.0,2012-08-04
Sistema,7568033.0,2012-08-05
Sistema,8597317.0,2012-08-06
Sistema,8099000.0,2012-08-07
Sistema,9164000.0,2012-08-08
Sistema,8891000.0,2012-08-09
Sistema,8796000.0,2012-08-10
Sistema,8345000.0,2012-08-11
Sistema,7697000.0,2012-08-12
Sistema,8815000.0,2012-08-13
Sistema,8791000.0,2012-08-14
Sistema,8892000.0,2012-08-15
Sistema,8811188.0,2012-08-16
Sistema,8551000.0,2012-08-17
Sistema,8189485.0,2012-08-18
Sistema,7427258.0,2012-08-19
Sistema,7863676.0,2012-08-20
Sistema,8824000.0,2012-08-21
Sistema,8907000.0,2012-08-22
Sistema,8896000.0,2012-08-23
Sistema,8813000.0,2012-08-24
Sistema,8311731.0,2012-08-25
Sistema,7694000.0,2012-08-26
Sistema,8984000.0,2012-08-27
Sistema,9019000.0,2012-08-28
Sistema,8975000.0,2012-08-29
Sistema,9050000.0,2012-08-30
Sistema,9125000.0,2012-08-31
Sistema,8336000.0,2012-09-01
Sistema,7748000.0,2012-09-02
Sistema,8870000.0,2012-09-03
Sistema,9012000.0,2012-09-04
Sistema,8996000.0,2012-09-05
Sistema,9085000.0,2012-09-06
Sistema,9189000.0,2012-09-07
Sistema,8421000.0,2012-09-08
Sistema,7816000.0,2012-09-09
Sistema,9110000.0,2012-09-10
Sistema,9106000.0,2012-09-11
Sistema,9117000.0,2012-09-12
Sistema,9039000.0,2012-09-13
Sistema,9043000.0,2012-09-14
Sistema,8546000.0,2012-09-15
Sistema,7643000.0,2012-09-16
Sistema,9035000.0,2012-09-17
Sistema,9091000.0,2012-09-18
Sistema,9280000.0,2012-09-19
Sistema,9212000.0,2012-09-20
Sistema,9197000.0,2012-09-21
Sistema,8417000.0,2012-09-22
Sistema,7846000.0,2012-09-23
Sistema,9042000.0,2012-09-24
Sistema,8912000.0,2012-09-25
Sistema,9180000.0,2012-09-26
Sistema,9074000.0,2012-09-27
Sistema,9141000.0,2012-09-28
Sistema,8474000.0,2012-09-29
Sistema,7717276.0,2012-09-30
Sistema,9137000.0,2012-10-01
Sistema,9070000.0,2012-10-02
Sistema,9206000.0,2012-10-03
Sistema,9137000.0,2012-10-04
Sistema,8852000.0,2012-10-05
Sistema,8159000.0,2012-10-06
Sistema,7535000.0,2012-10-07
Sistema,8766000.0,2012-10-08
Sistema,9027000.0,2012-10-09
Sistema,9040000.0,2012-10-10
Sistema,9020000.0,2012-10-11
Sistema,8912000.0,2012-10-12
Sistema,8237000.0,2012-10-13
Sistema,7324426.0,2012-10-14
Sistema,7879000.0,2012-10-15
Sistema,8908000.0,2012-10-16
Sistema,8817000.0,2012-10-17
Sistema,8792000.0,2012-10-18
Sistema,8597000.0,2012-10-19
Sistema,8090000.0,2012-10-20
Sistema,7652000.0,2012-10-21
Sistema,8807000.0,2012-10-22
Sistema,8848000.0,2012-10-23
Sistema,8845000.0,2012-10-24
Sistema,8897000.0,2012-10-25
Sistema,8924000.0,2012-10-26
Sistema,8396000.0,2012-10-27
Sistema,7770000.0,2012-10-28
Sistema,8940000.0,2012-10-29
Sistema,8857000.0,2012-10-30
Sistema,8550000.0,2012-10-31
Sistema,8987000.0,2012-11-01
Sistema,9056000.0,2012-11-02
Sistema,8492000.0,2012-11-03
Sistema,7701000.0,2012-11-04
Sistema,7983000.0,2012-11-05
Sistema,9210000.0,2012-11-06
Sistema,9170000.0,2012-11-07
Sistema,9215000.0,2012-11-08
Sistema,9130000.0,2012-11-09
Sistema,8599000.0,2012-11-10
Sistema,7721000.0,2012-11-11
Sistema,8035000.0,2012-11-12
Sistema,9276000.0,2012-11-13
Sistema,9122849.0,2012-11-14
Sistema,9163000.0,2012-11-15
Sistema,9069000.0,2012-11-16
Sistema,8595000.0,2012-11-17
Sistema,7693000.0,2012-11-18
Sistema,9160000.0,2012-11-19
Sistema,9281000.0,2012-11-20
Sistema,9055000.0,2012-11-21
Sistema,9172000.0,2012-11-22
Sistema,9091000.0,2012-11-23
Sistema,8724000.0,2012-11-24
Sistema,7825752.0,2012-11-25
Sistema,9051000.0,2012-11-26
Sistema,9180000.0,2012-11-27
Sistema,9128000.0,2012-11-28
Sistema,9180000.0,2012-11-29
Sistema,8931000.0,2012-11-30
Sistema,8256000.0,2012-12-01
Sistema,7745000.0,2012-12-02
Sistema,9089000.0,2012-12-03
Sistema,9139000.0,2012-12-04
Sistema,9023000.0,2012-12-05
Sistema,9175000.0,2012-12-06
Sistema,8955000.0,2012-12-07
Sistema,8144000.0,2012-12-08
Sistema,8174000.0,2012-12-09
Sistema,9504000.0,2012-12-10
Sistema,9318000.0,2012-12-11
Sistema,9307000.0,2012-12-12
Sistema,9174996.0,2012-12-13
Sistema,8995000.0,2012-12-14
Sistema,8415000.0,2012-12-15
Sistema,7931000.0,2012-12-16
Sistema,9029000.0,2012-12-17
Sistema,9159000.0,2012-12-18
Sistema,9150000.0,2012-12-19
Sistema,9110000.0,2012-12-20
Sistema,8848000.0,2012-12-21
Sistema,8389000.0,2012-12-22
Sistema,7702634.0,2012-12-23
Sistema,8016000.0,2012-12-24
Sistema,7314000.0,2012-12-25
Sistema,8870000.0,2012-12-26
Sistema,8771000.0,2012-12-27
Sistema,8793000.0,2012-12-28
Sistema,8323000.0,2012-12-29
Sistema,7785000.0,2012-12-30
Sistema,7814000.0,2012-12-31
Sistema,6752000.0,2013-01-01
Sistema,8352000.0,2013-01-02
Sistema,8588000.0,2013-01-03
Sistema,8530000.0,2013-01-04
Sistema,8107000.0,2013-01-05
Sistema,7464000.0,2013-01-06
Sistema,7717000.0,2013-01-07
Sistema,8590000.0,2013-01-08
Sistema,8736000.0,2013-01-09
Sistema,8771000.0,2013-01-10
Sistema,8928000.0,2013-01-11
Sistema,8386000.0,2013-01-12
Sistema,7651139.0,2013-01-13
Sistema,8702000.0,2013-01-14
Sistema,8755000.0,2013-01-15
Sistema,8841000.0,2013-01-16
Sistema,8951000.0,2013-01-17
Sistema,8761000.0,2013-01-18
Sistema,8254000.0,2013-01-19
Sistema,7762000.0,2013-01-20
Sistema,8928000.0,2013-01-21
Sistema,9011000.0,2013-01-22
Sistema,8995000.0,2013-01-23
Sistema,8898000.0,2013-01-24
Sistema,8882000.0,2013-01-25
Sistema,8365000.0,2013-01-26
Sistema,7902000.0,2013-01-27
Sistema,9005000.0,2013-01-28
Sistema,8976000.0,2013-01-29
Sistema,8995000.0,2013-01-30
Sistema,9103000.0,2013-01-31
Sistema,8782000.0,2013-02-01
Sistema,8220000.0,2013-02-02
Sistema,7622000.0,2013-02-03
Sistema,8848000.0,2013-02-04
Sistema,8866000.0,2013-02-05
Sistema,8872000.0,2013-02-06
Sistema,8870000.0,2013-02-07
Sistema,8811000.0,2013-02-08
Sistema,8049000.0,2013-02-09
Sistema,7521000.0,2013-02-10
Sistema,8676000.0,2013-02-11
Sistema,8597000.0,2013-02-12
Sistema,8780000.0,2013-02-13
Sistema,8914000.0,2013-02-14
Sistema,8761642.0,2013-02-15
Sistema,8307000.0,2013-02-16
Sistema,7672000.0,2013-02-17
Sistema,8738000.0,2013-02-18
Sistema,8886000.0,2013-02-19
Sistema,8968000.0,2013-02-20
Sistema,8833000.0,2013-02-21
Sistema,8876000.0,2013-02-22
Sistema,8228000.0,2013-02-23
Sistema,7726000.0,2013-02-24
Sistema,8898000.0,2013-02-25
Sistema,9121000.0,2013-02-26
Sistema,8984000.0,2013-02-27
Sistema,8772000.0,2013-02-28
Sistema,8611000.0,2013-03-01
Sistema,8218000.0,2013-03-02
Sistema,7633334.0,2013-03-03
Sistema,8769000.0,2013-03-04
Sistema,9116000.0,2013-03-05
Sistema,9002000.0,2013-03-06
Sistema,9091000.0,2013-03-07
Sistema,8992000.0,2013-03-08
Sistema,8417000.0,2013-03-09
Sistema,7888000.0,2013-03-10
Sistema,8965000.0,2013-03-11
Sistema,8985000.0,2013-03-12
Sistema,9013000.0,2013-03-13
Sistema,8913000.0,2013-03-14
Sistema,8726000.0,2013-03-15
Sistema,8361000.0,2013-03-16
Sistema,7651000.0,2013-03-17
Sistema,8919000.0,2013-03-18
Sistema,8973000.0,2013-03-19
Sistema,8851000.0,2013-03-20
Sistema,8851000.0,2013-03-21
Sistema,8710000.0,2013-03-22
Sistema,8260050.0,2013-03-23
Sistema,7655000.0,2013-03-24
Sistema,8110000.0,2013-03-25
Sistema,8593000.0,2013-03-26
Sistema,8395000.0,2013-03-27
Sistema,7359000.0,2013-03-28
Sistema,7039000.0,2013-03-29
Sistema,7792000.0,2013-03-30
Sistema,7663000.0,2013-03-31
Sistema,8984814.0,2013-04-01
Sistema,8975000.0,2013-04-02
Sistema,9112000.0,2013-04-03
Sistema,9166000.0,2013-04-04
Sistema,9024000.0,2013-04-05
Sistema,8554000.0,2013-04-06
Sistema,7989818.0,2013-04-07
Sistema,9089000.0,2013-04-08
Sistema,9091000.0,2013-04-09
Sistema,9056000.0,2013-04-10
Sistema,9117938.0,2013-04-11
Sistema,8955000.0,2013-04-12
Sistema,8562090.0,2013-04-13
Sistema,7903006.0,2013-04-14
Sistema,9199000.0,2013-04-15
Sistema,9229000.0,2013-04-16
Sistema,9056000.0,2013-04-17
Sistema,9206000.0,2013-04-18
Sistema,8701000.0,2013-04-19
Sistema,8341000.0,2013-04-20
Sistema,7736000.0,2013-04-21
Sistema,9001000.0,2013-04-22
Sistema,8727408.0,2013-04-23
Sistema,9060000.0,2013-04-24
Sistema,8954000.0,2013-04-25
Sistema,8849000.0,2013-04-26
Sistema,8207802.0,2013-04-27
Sistema,7730829.0,2013-04-28
Sistema,8755000.0,2013-04-29
Sistema,8799000.0,2013-04-30
Sistema,7886083.0,2013-05-01
Sistema,8740000.0,2013-05-02
Sistema,8734000.0,2013-05-03
Sistema,8331000.0,2013-05-04
Sistema,7655000.0,2013-05-05
Sistema,8841000.0,2013-05-06
Sistema,8766000.0,2013-05-07
Sistema,9004000.0,2013-05-08
Sistema,8873665.0,2013-05-09
Sistema,8844000.0,2013-05-10
Sistema,8375849.0,2013-05-11
Sistema,7330581.0,2013-05-12
Sistema,8035170.0,2013-05-13
Sistema,9065000.0,2013-05-14
Sistema,9000000.0,2013-05-15
Sistema,8966000.0,2013-05-16
Sistema,8833859.0,2013-05-17
Sistema,8515461.0,2013-05-18
Sistema,7804935.0,2013-05-19
Sistema,8923000.0,2013-05-20
Sistema,8899000.0,2013-05-21
Sistema,8914000.0,2013-05-22
Sistema,8911000.0,2013-05-23
Sistema,8821249.0,2013-05-24
Sistema,8487000.0,2013-05-25
Sistema,7775643.0,2013-05-26
Sistema,8881000.0,2013-05-27
Sistema,8870000.0,2013-05-28
Sistema,8866000.0,2013-05-29
Sistema,9046000.0,2013-05-30
Sistema,8615502.0,2013-05-31
Sistema,8054000.0,2013-06-01
Sistema,7643053.0,2013-06-02
Sistema,7973664.0,2013-06-03
Sistema,9014000.0,2013-06-04
Sistema,8899000.0,2013-06-05
Sistema,9015000.0,2013-06-06
Sistema,8813109.0,2013-06-07
Sistema,8427746.0,2013-06-08
Sistema,7570866.0,2013-06-09
Sistema,8008152.0,2013-06-10
Sistema,8759117.0,2013-06-11
Sistema,8877790.0,2013-06-12
Sistema,8926841.0,2013-06-13
Sistema,8753000.0,2013-06-14
Sistema,8338093.0,2013-06-15
Sistema,7612756.0,2013-06-16
Sistema,8906121.0,2013-06-17
Sistema,8966358.0,2013-06-18
Sistema,8839000.0,2013-06-19
Sistema,8759469.0,2013-06-20
Sistema,8833000.0,2013-06-21
Sistema,8395078.0,2013-06-22
Sistema,7677484.0,2013-06-23
Sistema,8702000.0,2013-06-24
Sistema,8719701.0,2013-06-25
Sistema,8914000.0,2013-06-26
Sistema,8753000.0,2013-06-27
Sistema,8593000.0,2013-06-28
Sistema,8102000.0,2013-06-29
Sistema,7342831.0,2013-06-30
Sistema,7429000.0,2013-07-01
Sistema,8585000.0,2013-07-02
Sistema,8816000.0,2013-07-03
Sistema,8883000.0,2013-07-04
Sistema,8700000.0,2013-07-05
Sistema,8216458.0,2013-07-06
Sistema,7621000.0,2013-07-07
Sistema,8967942.0,2013-07-08
Sistema,8794242.0,2013-07-09
Sistema,8725000.0,2013-07-10
Sistema,8726987.0,2013-07-11
Sistema,8784735.0,2013-07-12
Sistema,8214348.0,2013-07-13
Sistema,7817000.0,2013-07-14
Sistema,8914992.0,2013-07-15
Sistema,8958000.0,2013-07-16
Sistema,9035262.0,2013-07-17
Sistema,8967069.0,2013-07-18
Sistema,8734457.0,2013-07-19
Sistema,7765593.0,2013-07-20
Sistema,7647965.0,2013-07-21
Sistema,8960444.0,2013-07-22
Sistema,9028000.0,2013-07-23
Sistema,9127000.0,2013-07-24
Sistema,9112000.0,2013-07-25
Sistema,8904290.0,2013-07-26
Sistema,8273000.0,2013-07-27
Sistema,7754765.0,2013-07-28
Sistema,8997000.0,2013-07-29
Sistema,8952000.0,2013-07-30
Sistema,8972000.0,2013-07-31
Sistema,8791000.0,2013-08-01
Sistema,8958000.0,2013-08-02
Sistema,8502000.0,2013-08-03
Sistema,7816000.0,2013-08-04
Sistema,9198000.0,2013-08-05
Sistema,9164000.0,2013-08-06
Sistema,8133754.0,2013-08-07
Sistema,8838000.0,2013-08-08
Sistema,8779963.0,2013-08-09
Sistema,8195000.0,2013-08-10
Sistema,7568000.0,2013-08-11
Sistema,8737000.0,2013-08-12
Sistema,8818393.0,2013-08-13
Sistema,9016184.0,2013-08-14
Sistema,8977690.0,2013-08-15
Sistema,8845000.0,2013-08-16
Sistema,8302000.0,2013-08-17
Sistema,7496518.0,2013-08-18
Sistema,8017554.0,2013-08-19
Sistema,9024240.0,2013-08-20
Sistema,8990749.0,2013-08-21
Sistema,9109712.0,2013-08-22
Sistema,8814000.0,2013-08-23
Sistema,8220930.0,2013-08-24
Sistema,7777028.0,2013-08-25
Sistema,8841998.0,2013-08-26
Sistema,8670504.0,2013-08-27
Sistema,8735754.0,2013-08-28
Sistema,8569928.0,2013-08-29
Sistema,8468034.0,2013-08-30
Sistema,8134748.0,2013-08-31
Sistema,7616451.0,2013-09-01
Sistema,8831000.0,2013-09-02
Sistema,8737358.0,2013-09-03
Sistema,8863735.0,2013-09-04
Sistema,9030000.0,2013-09-05
Sistema,8582678.0,2013-09-06
Sistema,8332000.0,2013-09-07
Sistema,7749773.0,2013-09-08
Sistema,8934000.0,2013-09-09
Sistema,8903000.0,2013-09-10
Sistema,8794297.0,2013-09-11
Sistema,8856701.0,2013-09-12
Sistema,8942464.0,2013-09-13
Sistema,8338597.0,2013-09-14
Sistema,7763640.0,2013-09-15
Sistema,9108000.0,2013-09-16
Sistema,8973000.0,2013-09-17
Sistema,8993000.0,2013-09-18
Sistema,8968000.0,2013-09-19
Sistema,9024000.0,2013-09-20
Sistema,8573000.0,2013-09-21
Sistema,8314000.0,2013-09-22
Sistema,9108000.0,2013-09-23
Sistema,9191000.0,2013-09-24
Sistema,9274000.0,2013-09-25
Sistema,8954000.0,2013-09-26
Sistema,8898000.0,2013-09-27
Sistema,8198000.0,2013-09-28
Sistema,7600181.0,2013-09-29
Sistema,8654000.0,2013-09-30
Sistema,8748897.0,2013-10-01
Sistema,8911956.0,2013-10-02
Sistema,8936359.0,2013-10-03
Sistema,8681779.0,2013-10-04
Sistema,8328383.0,2013-10-05
Sistema,7771372.0,2013-10-06
Sistema,8897361.0,2013-10-07
Sistema,8938673.0,2013-10-08
Sistema,8981273.0,2013-10-09
Sistema,9051983.0,2013-10-10
Sistema,8761579.0,2013-10-11
Sistema,8401000.0,2013-10-12
Sistema,7492000.0,2013-10-13
Sistema,7828535.0,2013-10-14
Sistema,8900293.0,2013-10-15
Sistema,8720000.0,2013-10-16
Sistema,8897000.0,2013-10-17
Sistema,8876000.0,2013-10-18
Sistema,8421000.0,2013-10-19
Sistema,8073000.0,2013-10-20
Sistema,8890758.0,2013-10-21
Sistema,9033000.0,2013-10-22
Sistema,9063810.0,2013-10-23
Sistema,9060537.0,2013-10-24
Sistema,9033264.0,2013-10-25
Sistema,8504000.0,2013-10-26
Sistema,7833876.0,2013-10-27
Sistema,9223000.0,2013-10-28
Sistema,9151000.0,2013-10-29
Sistema,9107748.0,2013-10-30
Sistema,8526966.0,2013-10-31
Sistema,8999000.0,2013-11-01
Sistema,8403000.0,2013-11-02
Sistema,7781000.0,2013-11-03
Sistema,8220000.0,2013-11-04
Sistema,9070000.0,2013-11-05
Sistema,8999000.0,2013-11-06
Sistema,8826825.0,2013-11-07
Sistema,8899274.0,2013-11-08
Sistema,8387766.0,2013-11-09
Sistema,7555755.0,2013-11-10
Sistema,8101493.0,2013-11-11
Sistema,9167631.0,2013-11-12
Sistema,9176174.0,2013-11-13
Sistema,9186848.0,2013-11-14
Sistema,9148326.0,2013-11-15
Sistema,8650201.0,2013-11-16
Sistema,8013000.0,2013-11-17
Sistema,9129386.0,2013-11-18
Sistema,9159000.0,2013-11-19
Sistema,9013785.0,2013-11-20
Sistema,9156510.0,2013-11-21
Sistema,9134000.0,2013-11-22
Sistema,8617000.0,2013-11-23
Sistema,7802000.0,2013-11-24
Sistema,9083000.0,2013-11-25
Sistema,9135000.0,2013-11-26
Sistema,9065610.0,2013-11-27
Sistema,9072256.0,2013-11-28
Sistema,8932234.0,2013-11-29
Sistema,8307502.0,2013-11-30
Sistema,7659674.0,2013-12-01
Sistema,8926778.0,2013-12-02
Sistema,8873240.0,2013-12-03
Sistema,9046530.0,2013-12-04
Sistema,9171000.0,2013-12-05
Sistema,9104483.0,2013-12-06
Sistema,8440260.0,2013-12-07
Sistema,7820128.0,2013-12-08
Sistema,9122861.0,2013-12-09
Sistema,9227000.0,2013-12-10
Sistema,9271000.0,2013-12-11
Sistema,9383000.0,2013-12-12
Sistema,9146190.0,2013-12-13
Sistema,8568684.0,2013-12-14
Sistema,8019735.0,2013-12-15
Sistema,9230000.0,2013-12-16
Sistema,9185000.0,2013-12-17
Sistema,9148000.0,2013-12-18
Sistema,9131000.0,2013-12-19
Sistema,8975750.0,2013-12-20
Sistema,8421648.0,2013-12-21
Sistema,7939727.0,2013-12-22
Sistema,8631000.0,2013-12-23
Sistema,7839073.0,2013-12-24
Sistema,7152337.0,2013-12-25
Sistema,8662544.0,2013-12-26
Sistema,8707000.0,2013-12-27
Sistema,8442231.0,2013-12-28
Sistema,7924500.0,2013-12-29
Sistema,8500000.0,2013-12-30
Sistema,7838810.0,2013-12-31
Sistema,6811000.0,2014-01-01
Sistema,8190000.0,2014-01-02
Sistema,8371983.0,2014-01-03
Sistema,8079000.0,2014-01-04
Sistema,7464383.0,2014-01-05
Sistema,7650946.0,2014-01-06
Sistema,8440000.0,2014-01-07
Sistema,8597000.0,2014-01-08
Sistema,8540192.0,2014-01-09
Sistema,8494799.0,2014-01-10
Sistema,8140000.0,2014-01-11
Sistema,7527546.0,2014-01-12
Sistema,8735000.0,2014-01-13
Sistema,8830000.0,2014-01-14
Sistema,8917000.0,2014-01-15
Sistema,8882000.0,2014-01-16
Sistema,8865000.0,2014-01-17
Sistema,8379000.0,2014-01-18
Sistema,7773000.0,2014-01-19
Sistema,8968000.0,2014-01-20
Sistema,9092000.0,2014-01-21
Sistema,9035000.0,2014-01-22
Sistema,9096000.0,2014-01-23
Sistema,9071000.0,2014-01-24
Sistema,8538000.0,2014-01-25
Sistema,7909000.0,2014-01-26
Sistema,9171000.0,2014-01-27
Sistema,9218000.0,2014-01-28
Sistema,9212000.0,2014-01-29
Sistema,8996000.0,2014-01-30
Sistema,8976000.0,2014-01-31
Sistema,8472000.0,2014-02-01
Sistema,7853825.0,2014-02-02
Sistema,9076929.0,2014-02-03
Sistema,9089000.0,2014-02-04
Sistema,8988586.0,2014-02-05
Sistema,9129000.0,2014-02-06
Sistema,9042000.0,2014-02-07
Sistema,8624000.0,2014-02-08
Sistema,8040000.0,2014-02-09
Sistema,9215000.0,2014-02-10
Sistema,9251000.0,2014-02-11
Sistema,9316000.0,2014-02-12
Sistema,9265000.0,2014-02-13
Sistema,9188000.0,2014-02-14
Sistema,8698000.0,2014-02-15
Sistema,7996000.0,2014-02-16
Sistema,9183000.0,2014-02-17
Sistema,9222000.0,2014-02-18
Sistema,9209000.0,2014-02-19
Sistema,9347000.0,2014-02-20
Sistema,9052000.0,2014-02-21
Sistema,8622000.0,2014-02-22
Sistema,8114000.0,2014-02-23
Sistema,9260000.0,2014-02-24
Sistema,9156000.0,2014-02-25
Sistema,9270000.0,2014-02-26
Sistema,9223000.0,2014-02-27
Sistema,8926000.0,2014-02-28
Sistema,8273240.0,2014-03-01
Sistema,7747000.0,2014-03-02
Sistema,8843585.0,2014-03-03
Sistema,8924633.0,2014-03-04
Sistema,9037474.0,2014-03-05
Sistema,9072225.0,2014-03-06
Sistema,9046000.0,2014-03-07
Sistema,8373501.0,2014-03-08
Sistema,7681634.0,2014-03-09
Sistema,8970687.0,2014-03-10
Sistema,9036023.0,2014-03-11
Sistema,8939723.0,2014-03-12
Sistema,8992885.0,2014-03-13
Sistema,8906000.0,2014-03-14
Sistema,8241006.0,2014-03-15
Sistema,7821728.0,2014-03-16
Sistema,9054424.0,2014-03-17
Sistema,9113191.0,2014-03-18
Sistema,9038082.0,2014-03-19
Sistema,9195978.0,2014-03-20
Sistema,9133000.0,2014-03-21
Sistema,8661000.0,2014-03-22
Sistema,7763224.0,2014-03-23
Sistema,8153580.0,2014-03-24
Sistema,9105000.0,2014-03-25
Sistema,9057000.0,2014-03-26
Sistema,9113204.0,2014-03-27
Sistema,9096000.0,2014-03-28
Sistema,8621000.0,2014-03-29
Sistema,7881966.0,2014-03-30
Sistema,9050000.0,2014-03-31
Sistema,9101745.0,2014-04-01
Sistema,9078000.0,2014-04-02
Sistema,9049738.0,2014-04-03
Sistema,9101000.0,2014-04-04
Sistema,8546826.0,2014-04-05
Sistema,8021143.0,2014-04-06
Sistema,9372000.0,2014-04-07
Sistema,9188323.0,2014-04-08
Sistema,9136544.0,2014-04-09
Sistema,9342000.0,2014-04-10
Sistema,9206000.0,2014-04-11
Sistema,8621000.0,2014-04-12
Sistema,7992277.0,2014-04-13
Sistema,9004000.0,2014-04-14
Sistema,8816000.0,2014-04-15
Sistema,8525076.0,2014-04-16
Sistema,7492000.0,2014-04-17
Sistema,7027975.0,2014-04-18
Sistema,7901210.0,2014-04-19
Sistema,7841838.0,2014-04-20
Sistema,9010382.0,2014-04-21
Sistema,9130990.0,2014-04-22
Sistema,9039456.0,2014-04-23
Sistema,9075229.0,2014-04-24
Sistema,9055745.0,2014-04-25
Sistema,8427220.0,2014-04-26
Sistema,8060123.0,2014-04-27
Sistema,9291995.0,2014-04-28
Sistema,9227781.0,2014-04-29
Sistema,8979000.0,2014-04-30
Sistema,8219000.0,2014-05-01
Sistema,9016000.0,2014-05-02
Sistema,8532618.0,2014-05-03
Sistema,7861540.0,2014-05-04
Sistema,9115000.0,2014-05-05
Sistema,9126000.0,2014-05-06
Sistema,9334000.0,2014-05-07
Sistema,9110796.0,2014-05-08
Sistema,9030000.0,2014-05-09
Sistema,8420360.0,2014-05-10
Sistema,7660278.0,2014-05-11
Sistema,9169045.0,2014-05-12
Sistema,9196429.0,2014-05-13
Sistema,9152506.0,2014-05-14
Sistema,9070163.0,2014-05-15
Sistema,9299000.0,2014-05-16
Sistema,8482217.0,2014-05-17
Sistema,7975746.0,2014-05-18
Sistema,9034000.0,2014-05-19
Sistema,9034104.0,2014-05-20
Sistema,8990747.0,2014-05-21
Sistema,9101729.0,2014-05-22
Sistema,9396000.0,2014-05-23
Sistema,8495448.0,2014-05-24
Sistema,8017717.0,2014-05-25
Sistema,9202000.0,2014-05-26
Sistema,9025242.0,2014-05-27
Sistema,9540000.0,2014-05-28
Sistema,9365000.0,2014-05-29
Sistema,9399000.0,2014-05-30
Sistema,8545366.0,2014-05-31
Sistema,7754000.0,2014-06-01
Sistema,8243000.0,2014-06-02
Sistema,9213000.0,2014-06-03
Sistema,9382000.0,2014-06-04
Sistema,9427000.0,2014-06-05
Sistema,9345000.0,2014-06-06
Sistema,8648000.0,2014-06-07
Sistema,8016000.0,2014-06-08
Sistema,9320000.0,2014-06-09
Sistema,9200000.0,2014-06-10
Sistema,9324000.0,2014-06-11
Sistema,9291000.0,2014-06-12
Sistema,9201000.0,2014-06-13
Sistema,8409000.0,2014-06-14
Sistema,7967000.0,2014-06-15
Sistema,9216000.0,2014-06-16
Sistema,9237000.0,2014-06-17
Sistema,9234000.0,2014-06-18
Sistema,9082000.0,2014-06-19
Sistema,9105000.0,2014-06-20
Sistema,8613000.0,2014-06-21
Sistema,7767000.0,2014-06-22
Sistema,8145000.0,2014-06-23
Sistema,8959000.0,2014-06-24
Sistema,8849000.0,2014-06-25
Sistema,9004000.0,2014-06-26
Sistema,8879000.0,2014-06-27
Sistema,8088000.0,2014-06-28
Sistema,7647000.0,2014-06-29
Sistema,8038000.0,2014-06-30
Sistema,8829879.0,2014-07-01
Sistema,8940832.0,2014-07-02
Sistema,9140000.0,2014-07-03
Sistema,8410973.0,2014-07-04
Sistema,8493108.0,2014-07-05
Sistema,7885333.0,2014-07-06
Sistema,8905032.0,2014-07-07
Sistema,9151000.0,2014-07-08
Sistema,9016310.0,2014-07-09
Sistema,9072698.0,2014-07-10
Sistema,9030000.0,2014-07-11
Sistema,8573335.0,2014-07-12
Sistema,7960150.0,2014-07-13
Sistema,9063301.0,2014-07-14
Sistema,9071655.0,2014-07-15
Sistema,9036592.0,2014-07-16
Sistema,9168301.0,2014-07-17
Sistema,9137566.0,2014-07-18
Sistema,8659061.0,2014-07-19
Sistema,7861164.0,2014-07-20
Sistema,9163837.0,2014-07-21
Sistema,9298800.0,2014-07-22
Sistema,9315713.0,2014-07-23
Sistema,9347960.0,2014-07-24
Sistema,9251460.0,2014-07-25
Sistema,8510384.0,2014-07-26
Sistema,7915930.0,2014-07-27
Sistema,9259159.0,2014-07-28
Sistema,9180000.0,2014-07-29
Sistema,9167000.0,2014-07-30
Sistema,9257000.0,2014-07-31
Sistema,9116000.0,2014-08-01
Sistema,8432000.0,2014-08-02
Sistema,7774000.0,2014-08-03
Sistema,9097000.0,2014-08-04
Sistema,9209000.0,2014-08-05
Sistema,9036000.0,2014-08-06
Sistema,8212699.0,2014-08-07
Sistema,8991482.0,2014-08-08
Sistema,8459374.0,2014-08-09
Sistema,7874544.0,2014-08-10
Sistema,9122583.0,2014-08-11
Sistema,9111846.0,2014-08-12
Sistema,9160501.0,2014-08-13
Sistema,9318000.0,2014-08-14
Sistema,9196425.0,2014-08-15
Sistema,8692793.0,2014-08-16
Sistema,7787989.0,2014-08-17
Sistema,8169573.0,2014-08-18
Sistema,9095669.0,2014-08-19
Sistema,9275000.0,2014-08-20
Sistema,9282000.0,2014-08-21
Sistema,9175000.0,2014-08-22
Sistema,8684000.0,2014-08-23
Sistema,8109068.0,2014-08-24
Sistema,9186000.0,2014-08-25
Sistema,9056000.0,2014-08-26
Sistema,9222000.0,2014-08-27
Sistema,9033734.0,2014-08-28
Sistema,9123063.0,2014-08-29
Sistema,8719976.0,2014-08-30
Sistema,8176191.0,2014-08-31
Sistema,9422000.0,2014-09-01
Sistema,9243000.0,2014-09-02
Sistema,9189000.0,2014-09-03
Sistema,9390000.0,2014-09-04
Sistema,9417000.0,2014-09-05
Sistema,8786000.0,2014-09-06
Sistema,8087000.0,2014-09-07
Sistema,9427000.0,2014-09-08
Sistema,9447000.0,2014-09-09
Sistema,9458000.0,2014-09-10
Sistema,9317000.0,2014-09-11
Sistema,9129000.0,2014-09-12
Sistema,8727000.0,2014-09-13
Sistema,8039000.0,2014-09-14
Sistema,9150000.0,2014-09-15
Sistema,9245000.0,2014-09-16
Sistema,9064000.0,2014-09-17
Sistema,9126000.0,2014-09-18
Sistema,9088000.0,2014-09-19
Sistema,8616000.0,2014-09-20
Sistema,7892000.0,2014-09-21
Sistema,8985000.0,2014-09-22
Sistema,9237000.0,2014-09-23
Sistema,9328000.0,2014-09-24
Sistema,9261000.0,2014-09-25
Sistema,9269000.0,2014-09-26
Sistema,8698000.0,2014-09-27
Sistema,8162000.0,2014-09-28
Sistema,9370000.0,2014-09-29
Sistema,9454000.0,2014-09-30
Sistema,9333000.0,2014-10-01
Sistema,9503000.0,2014-10-02
Sistema,9468000.0,2014-10-03
Sistema,8809000.0,2014-10-04
Sistema,8190000.0,2014-10-05
Sistema,9551000.0,2014-10-06
Sistema,9279000.0,2014-10-07
Sistema,9286000.0,2014-10-08
Sistema,9073000.0,2014-10-09
Sistema,9209000.0,2014-10-10
Sistema,8496000.0,2014-10-11
Sistema,7589000.0,2014-10-12
Sistema,8167000.0,2014-10-13
Sistema,9213000.0,2014-10-14
Sistema,9379000.0,2014-10-15
Sistema,9400000.0,2014-10-16
Sistema,9249000.0,2014-10-17
Sistema,8770000.0,2014-10-18
Sistema,7988000.0,2014-10-19
Sistema,9184000.0,2014-10-20
Sistema,9442000.0,2014-10-21
Sistema,9409000.0,2014-10-22
Sistema,9458000.0,2014-10-23
Sistema,9446000.0,2014-10-24
Sistema,8698000.0,2014-10-25
Sistema,7930000.0,2014-10-26
Sistema,9187000.0,2014-10-27
Sistema,9392000.0,2014-10-28
Sistema,9312000.0,2014-10-29
Sistema,9316000.0,2014-10-30
Sistema,8732000.0,2014-10-31
Sistema,8578000.0,2014-11-01
Sistema,7764000.0,2014-11-02
Sistema,8281000.0,2014-11-03
Sistema,9294000.0,2014-11-04
Sistema,9295000.0,2014-11-05
Sistema,9456000.0,2014-11-06
Sistema,9258000.0,2014-11-07
Sistema,8735000.0,2014-11-08
Sistema,8091000.0,2014-11-09
Sistema,9242000.0,2014-11-10
Sistema,9155000.0,2014-11-11
Sistema,9146000.0,2014-11-12
Sistema,9137000.0,2014-11-13
Sistema,9110000.0,2014-11-14
Sistema,8549000.0,2014-11-15
Sistema,7757000.0,2014-11-16
Sistema,8389000.0,2014-11-17
Sistema,9365000.0,2014-11-18
Sistema,9345000.0,2014-11-19
Sistema,9316000.0,2014-11-20
Sistema,9333000.0,2014-11-21
Sistema,8709000.0,2014-11-22
Sistema,8207000.0,2014-11-23
Sistema,9466000.0,2014-11-24
Sistema,9416000.0,2014-11-25
Sistema,9365000.0,2014-11-26
Sistema,9339000.0,2014-11-27
Sistema,9391000.0,2014-11-28
Sistema,8859000.0,2014-11-29
Sistema,8175000.0,2014-11-30
Sistema,9415341.0,2014-12-01
Sistema,9438968.0,2014-12-02
Sistema,9427654.0,2014-12-03
Sistema,9486677.0,2014-12-04
Sistema,9237444.0,2014-12-05
Sistema,8763496.0,2014-12-06
Sistema,7964569.0,2014-12-07
Sistema,8249077.0,2014-12-08
Sistema,9338985.0,2014-12-09
Sistema,9369000.0,2014-12-10
Sistema,9225921.0,2014-12-11
Sistema,9328874.0,2014-12-12
Sistema,8756000.0,2014-12-13
Sistema,8031886.0,2014-12-14
Sistema,9245112.0,2014-12-15
Sistema,9287233.0,2014-12-16
Sistema,9331220.0,2014-12-17
Sistema,9407000.0,2014-12-18
Sistema,9155490.0,2014-12-19
Sistema,8709283.0,2014-12-20
Sistema,8177652.0,2014-12-21
Sistema,9085827.0,2014-12-22
Sistema,8972282.0,2014-12-23
Sistema,8326000.0,2014-12-24
Sistema,7346958.0,2014-12-25
Sistema,8878322.0,2014-12-26
Sistema,8640704.0,2014-12-27
Sistema,8115670.0,2014-12-28
Sistema,8922000.0,2014-12-29
Sistema,8678000.0,2014-12-30
Sistema,7988608.0,2014-12-31
Sistema,6991000.0,2015-01-01
Sistema,8226000.0,2015-01-02
Sistema,8206000.0,2015-01-03
Sistema,7754000.0,2015-01-04
Sistema,8729000.0,2015-01-05
Sistema,8765000.0,2015-01-06
Sistema,8845000.0,2015-01-07
Sistema,8797000.0,2015-01-08
Sistema,8745000.0,2015-01-09
Sistema,8468000.0,2015-01-10
Sistema,7764000.0,2015-01-11
Sistema,8166000.0,2015-01-12
Sistema,8996000.0,2015-01-13
Sistema,9022000.0,2015-01-14
Sistema,9002000.0,2015-01-15
Sistema,9027000.0,2015-01-16
Sistema,8498000.0,2015-01-17
Sistema,7922000.0,2015-01-18
Sistema,9074000.0,2015-01-19
Sistema,9059000.0,2015-01-20
Sistema,9056000.0,2015-01-21
Sistema,8972000.0,2015-01-22
Sistema,8999000.0,2015-01-23
Sistema,8595000.0,2015-01-24
Sistema,8051000.0,2015-01-25
Sistema,9212000.0,2015-01-26
Sistema,9269000.0,2015-01-27
Sistema,9182000.0,2015-01-28
Sistema,9285000.0,2015-01-29
Sistema,9221000.0,2015-01-30
Sistema,8540000.0,2015-01-31
Sistema,8017000.0,2015-02-01
Sistema,9224000.0,2015-02-02
Sistema,9255000.0,2015-02-03
Sistema,9375000.0,2015-02-04
Sistema,9394000.0,2015-02-05
Sistema,9115000.0,2015-02-06
Sistema,8649000.0,2015-02-07
Sistema,8054000.0,2015-02-08
Sistema,9115000.0,2015-02-09
Sistema,9265000.0,2015-02-10
Sistema,9233000.0,2015-02-11
Sistema,9310000.0,2015-02-12
Sistema,9303000.0,2015-02-13
Sistema,8700000.0,2015-02-14
Sistema,8130000.0,2015-02-15
Sistema,9378000.0,2015-02-16
Sistema,9493000.0,2015-02-17
Sistema,9411000.0,2015-02-18
Sistema,9375000.0,2015-02-19
Sistema,9304000.0,2015-02-20
Sistema,8988000.0,2015-02-21
Sistema,8433000.0,2015-02-22
Sistema,9492000.0,2015-02-23
Sistema,9471000.0,2015-02-24
Sistema,9412000.0,2015-02-25
Sistema,9353000.0,2015-02-26
Sistema,9351000.0,2015-02-27
Sistema,8753000.0,2015-02-28
Sistema,8145000.0,2015-03-01
Sistema,9342000.0,2015-03-02
Sistema,9310000.0,2015-03-03
Sistema,9412000.0,2015-03-04
Sistema,9389000.0,2015-03-05
Sistema,9394000.0,2015-03-06
Sistema,8726000.0,2015-03-07
Sistema,8174000.0,2015-03-08
Sistema,9449000.0,2015-03-09
Sistema,9490000.0,2015-03-10
Sistema,9572000.0,2015-03-11
Sistema,9563000.0,2015-03-12
Sistema,9385000.0,2015-03-13
Sistema,8889000.0,2015-03-14
Sistema,8272000.0,2015-03-15
Sistema,9366000.0,2015-03-16
Sistema,9340000.0,2015-03-17
Sistema,9083000.0,2015-03-18
Sistema,9084000.0,2015-03-19
Sistema,9097000.0,2015-03-20
Sistema,8537000.0,2015-03-21
Sistema,7885000.0,2015-03-22
Sistema,8369000.0,2015-03-23
Sistema,9327000.0,2015-03-24
Sistema,9594000.0,2015-03-25
Sistema,9483000.0,2015-03-26
Sistema,9492000.0,2015-03-27
Sistema,8838000.0,2015-03-28
Sistema,8003000.0,2015-03-29
Sistema,9069000.0,2015-03-30
Sistema,9046000.0,2015-03-31
Sistema,8795000.0,2015-04-01
Sistema,7567000.0,2015-04-02
Sistema,7151000.0,2015-04-03
Sistema,7956000.0,2015-04-04
Sistema,7900000.0,2015-04-05
Sistema,9176000.0,2015-04-06
Sistema,9201000.0,2015-04-07
Sistema,9217000.0,2015-04-08
Sistema,9355000.0,2015-04-09
Sistema,9366000.0,2015-04-10
Sistema,8678000.0,2015-04-11
Sistema,8167000.0,2015-04-12
Sistema,9385000.0,2015-04-13
Sistema,9362000.0,2015-04-14
Sistema,9232000.0,2015-04-15
Sistema,9106000.0,2015-04-16
Sistema,8956000.0,2015-04-17
Sistema,8565000.0,2015-04-18
Sistema,7977000.0,2015-04-19
Sistema,9142000.0,2015-04-20
Sistema,9169000.0,2015-04-21
Sistema,9335000.0,2015-04-22
Sistema,9287000.0,2015-04-23
Sistema,9333000.0,2015-04-24
Sistema,8690000.0,2015-04-25
Sistema,8227000.0,2015-04-26
Sistema,9424000.0,2015-04-27
Sistema,9438000.0,2015-04-28
Sistema,9425000.0,2015-04-29
Sistema,9171000.0,2015-04-30
Sistema,8207000.0,2015-05-01
Sistema,8479000.0,2015-05-02
Sistema,8161000.0,2015-05-03
Sistema,9362000.0,2015-05-04
Sistema,9579000.0,2015-05-05
Sistema,9522000.0,2015-05-06
Sistema,9642000.0,2015-05-07
Sistema,9545000.0,2015-05-08
Sistema,8988000.0,2015-05-09
Sistema,8168000.0,2015-05-10
Sistema,9731000.0,2015-05-11
Sistema,9791000.0,2015-05-12
Sistema,9681000.0,2015-05-13
Sistema,9620000.0,2015-05-14
Sistema,9327000.0,2015-05-15
Sistema,8823000.0,2015-05-16
Sistema,7933000.0,2015-05-17
Sistema,8443000.0,2015-05-18
Sistema,9471000.0,2015-05-19
Sistema,9599000.0,2015-05-20
Sistema,9521000.0,2015-05-21
Sistema,9285000.0,2015-05-22
Sistema,8939000.0,2015-05-23
Sistema,8420000.0,2015-05-24
Sistema,9388000.0,2015-05-25
Sistema,9577000.0,2015-05-26
Sistema,9386000.0,2015-05-27
Sistema,9298000.0,2015-05-28
Sistema,9067000.0,2015-05-29
Sistema,8623000.0,2015-05-30
Sistema,8151000.0,2015-05-31
Sistema,9302000.0,2015-06-01
Sistema,9303000.0,2015-06-02
Sistema,9523000.0,2015-06-03
Sistema,9623000.0,2015-06-04
Sistema,9273000.0,2015-06-05
Sistema,8760000.0,2015-06-06
Sistema,7883000.0,2015-06-07
Sistema,8463000.0,2015-06-08
Sistema,9297000.0,2015-06-09
Sistema,9324000.0,2015-06-10
Sistema,9357000.0,2015-06-11
Sistema,9401000.0,2015-06-12
Sistema,8794000.0,2015-06-13
Sistema,7886000.0,2015-06-14
Sistema,8461000.0,2015-06-15
Sistema,9484000.0,2015-06-16
Sistema,9378000.0,2015-06-17
Sistema,9509000.0,2015-06-18
Sistema,9417000.0,2015-06-19
Sistema,8772000.0,2015-06-20
Sistema,7918000.0,2015-06-21
Sistema,9351000.0,2015-06-22
Sistema,9419000.0,2015-06-23
Sistema,9482000.0,2015-06-24
Sistema,9448000.0,2015-06-25
Sistema,9024000.0,2015-06-26
Sistema,8648000.0,2015-06-27
Sistema,7898000.0,2015-06-28
Sistema,8288000.0,2015-06-29
Sistema,9275000.0,2015-06-30
Sistema,9348000.0,2015-07-01
Sistema,9323000.0,2015-07-02
Sistema,9349000.0,2015-07-03
Sistema,8890000.0,2015-07-04
Sistema,8194000.0,2015-07-05
Sistema,9250000.0,2015-07-06
Sistema,9268000.0,2015-07-07
Sistema,9384000.0,2015-07-08
Sistema,9400000.0,2015-07-09
Sistema,9396000.0,2015-07-10
Sistema,8780000.0,2015-07-11
Sistema,8136000.0,2015-07-12
Sistema,9507000.0,2015-07-13
Sistema,9543000.0,2015-07-14
Sistema,9411000.0,2015-07-15
Sistema,9323000.0,2015-07-16
Sistema,9506000.0,2015-07-17
Sistema,8745000.0,2015-07-18
Sistema,7877000.0,2015-07-19
Sistema,8306000.0,2015-07-20
Sistema,9356000.0,2015-07-21
Sistema,9390000.0,2015-07-22
Sistema,9285000.0,2015-07-23
Sistema,9408000.0,2015-07-24
Sistema,8901000.0,2015-07-25
Sistema,8336000.0,2015-07-26
Sistema,9414000.0,2015-07-27
Sistema,9557000.0,2015-07-28
Sistema,9520000.0,2015-07-29
Sistema,9298000.0,2015-07-30
Sistema,9268000.0,2015-07-31
Sistema,8892000.0,2015-08-01
Sistema,8304000.0,2015-08-02
Sistema,9554000.0,2015-08-03
Sistema,9614000.0,2015-08-04
Sistema,9688000.0,2015-08-05
Sistema,9486000.0,2015-08-06
Sistema,8544000.0,2015-08-07
Sistema,8617000.0,2015-08-08
Sistema,8088000.0,2015-08-09
Sistema,9389000.0,2015-08-10
Sistema,9505000.0,2015-08-11
Sistema,9760000.0,2015-08-12
Sistema,9417000.0,2015-08-13
Sistema,9446000.0,2015-08-14
Sistema,8815000.0,2015-08-15
Sistema,8047000.0,2015-08-16
Sistema,8474000.0,2015-08-17
Sistema,9493000.0,2015-08-18
Sistema,9682000.0,2015-08-19
Sistema,9668000.0,2015-08-20
Sistema,9582000.0,2015-08-21
Sistema,9089000.0,2015-08-22
Sistema,8444000.0,2015-08-23
Sistema,9612000.0,2015-08-24
Sistema,9649000.0,2015-08-25
Sistema,9568000.0,2015-08-26
Sistema,9626000.0,2015-08-27
Sistema,9613000.0,2015-08-28
Sistema,9104000.0,2015-08-29
Sistema,8443000.0,2015-08-30
Sistema,9703000.0,2015-08-31
Sistema,9757000.0,2015-09-01
Sistema,9865000.0,2015-09-02
Sistema,9783000.0,2015-09-03
Sistema,9870000.0,2015-09-04
Sistema,9243000.0,2015-09-05
Sistema,8543000.0,2015-09-06
Sistema,9842000.0,2015-09-07
Sistema,10085000.0,2015-09-08
Sistema,9905000.0,2015-09-09
Sistema,9720000.0,2015-09-10
Sistema,9424000.0,2015-09-11
Sistema,9073000.0,2015-09-12
Sistema,8609000.0,2015-09-13
Sistema,9870000.0,2015-09-14
Sistema,9972000.0,2015-09-15
Sistema,9827000.0,2015-09-16
Sistema,9697000.0,2015-09-17
Sistema,9635000.0,2015-09-18
Sistema,9134000.0,2015-09-19
Sistema,8295000.0,2015-09-20
Sistema,9921000.0,2015-09-21
Sistema,9947000.0,2015-09-22
Sistema,9850000.0,2015-09-23
Sistema,10026000.0,2015-09-24
Sistema,9885000.0,2015-09-25
Sistema,9319000.0,2015-09-26
Sistema,8732000.0,2015-09-27
Sistema,10021000.0,2015-09-28
Sistema,9930000.0,2015-09-29
Sistema,9778000.0,2015-09-30
Sistema,9612000.0,2015-10-01
Sistema,9615000.0,2015-10-02
Sistema,9011000.0,2015-10-03
Sistema,8384000.0,2015-10-04
Sistema,9818000.0,2015-10-05
Sistema,10038000.0,2015-10-06
Sistema,9960000.0,2015-10-07
Sistema,9826000.0,2015-10-08
Sistema,9825000.0,2015-10-09
Sistema,9054000.0,2015-10-10
Sistema,8102000.0,2015-10-11
Sistema,8595000.0,2015-10-12
Sistema,9671000.0,2015-10-13
Sistema,9448000.0,2015-10-14
Sistema,9652000.0,2015-10-15
Sistema,9555000.0,2015-10-16
Sistema,9066000.0,2015-10-17
Sistema,8389000.0,2015-10-18
Sistema,9860000.0,2015-10-19
Sistema,9880000.0,2015-10-20
Sistema,9911000.0,2015-10-21
Sistema,9946000.0,2015-10-22
Sistema,9701000.0,2015-10-23
Sistema,8809000.0,2015-10-24
Sistema,7993000.0,2015-10-25
Sistema,9438000.0,2015-10-26
Sistema,9678000.0,2015-10-27
Sistema,9860000.0,2015-10-28
Sistema,9898000.0,2015-10-29
Sistema,9771000.0,2015-10-30
Sistema,8813000.0,2015-10-31
Sistema,8018000.0,2015-11-01
Sistema,8424000.0,2015-11-02
Sistema,9543000.0,2015-11-03
Sistema,9633000.0,2015-11-04
Sistema,9315000.0,2015-11-05
Sistema,9706000.0,2015-11-06
Sistema,9053000.0,2015-11-07
Sistema,8382000.0,2015-11-08
Sistema,9548000.0,2015-11-09
Sistema,9727000.0,2015-11-10
Sistema,9657000.0,2015-11-11
Sistema,9812000.0,2015-11-12
Sistema,9875000.0,2015-11-13
Sistema,9240000.0,2015-11-14
Sistema,8351000.0,2015-11-15
Sistema,8571000.0,2015-11-16
Sistema,9415000.0,2015-11-17
Sistema,9483000.0,2015-11-18
Sistema,9571000.0,2015-11-19
Sistema,9626000.0,2015-11-20
Sistema,9048000.0,2015-11-21
Sistema,8449000.0,2015-11-22
Sistema,9654000.0,2015-11-23
Sistema,9609000.0,2015-11-24
Sistema,9802000.0,2015-11-25
Sistema,9922000.0,2015-11-26
Sistema,9694000.0,2015-11-27
Sistema,8957000.0,2015-11-28
Sistema,8636000.0,2015-11-29
Sistema,9716000.0,2015-11-30
Sistema,9835000.0,2015-12-01
Sistema,10095000.0,2015-12-02
Sistema,9923000.0,2015-12-03
Sistema,9749000.0,2015-12-04
Sistema,9124483.0,2015-12-05
Sistema,8720000.0,2015-12-06
Sistema,9359000.0,2015-12-07
Sistema,8765000.0,2015-12-08
Sistema,9917000.0,2015-12-09
Sistema,10007000.0,2015-12-10
Sistema,9989000.0,2015-12-11
Sistema,9548000.0,2015-12-12
Sistema,8733000.0,2015-12-13
Sistema,9741000.0,2015-12-14
Sistema,9831000.0,2015-12-15
Sistema,9763000.0,2015-12-16
Sistema,9732000.0,2015-12-17
Sistema,9724000.0,2015-12-18
Sistema,9061000.0,2015-12-19
Sistema,8615000.0,2015-12-20
Sistema,9628000.0,2015-12-21
Sistema,9634000.0,2015-12-22
Sistema,9564000.0,2015-12-23
Sistema,8705000.0,2015-12-24
Sistema,7804000.0,2015-12-25
Sistema,8824000.0,2015-12-26
Sistema,8443000.0,2015-12-27
Sistema,9495000.0,2015-12-28
Sistema,9374000.0,2015-12-29
Sistema,9224000.0,2015-12-30
Sistema,8468000.0,2015-12-31
Sistema,7401000.0,2016-01-01
Sistema,8107000.0,2016-01-02
Sistema,8080000.0,2016-01-03
Sistema,9056000.0,2016-01-04
Sistema,9225000.0,2016-01-05
Sistema,9185000.0,2016-01-06
Sistema,9294000.0,2016-01-07
Sistema,9365000.0,2016-01-08
Sistema,8885000.0,2016-01-09
Sistema,8091000.0,2016-01-10
Sistema,8453000.0,2016-01-11
Sistema,9365000.0,2016-01-12
Sistema,9543000.0,2016-01-13
Sistema,9530000.0,2016-01-14
Sistema,9614000.0,2016-01-15
Sistema,9019000.0,2016-01-16
Sistema,8399000.0,2016-01-17
Sistema,9458000.0,2016-01-18
Sistema,9628000.0,2016-01-19
Sistema,9737000.0,2016-01-20
Sistema,9826000.0,2016-01-21
Sistema,9619000.0,2016-01-22
Sistema,9166000.0,2016-01-23
Sistema,8485000.0,2016-01-24
Sistema,9560000.0,2016-01-25
Sistema,9760000.0,2016-01-26
Sistema,9742000.0,2016-01-27
Sistema,9805000.0,2016-01-28
Sistema,9646000.0,2016-01-29
Sistema,9082000.0,2016-01-30
Sistema,8468000.0,2016-01-31
Sistema,9617000.0,2016-02-01
Sistema,9720000.0,2016-02-02
Sistema,9826000.0,2016-02-03
Sistema,9759000.0,2016-02-04
Sistema,9515000.0,2016-02-05
Sistema,9084000.0,2016-02-06
Sistema,8522000.0,2016-02-07
Sistema,9584000.0,2016-02-08
Sistema,9868000.0,2016-02-09
Sistema,9784000.0,2016-02-10
Sistema,9740000.0,2016-02-11
Sistema,9601000.0,2016-02-12
Sistema,9081000.0,2016-02-13
Sistema,8799000.0,2016-02-14
Sistema,9729000.0,2016-02-15
Sistema,9859000.0,2016-02-16
Sistema,9735000.0,2016-02-17
Sistema,9820000.0,2016-02-18
Sistema,9852000.0,2016-02-19
Sistema,9105000.0,2016-02-20
Sistema,8353000.0,2016-02-21
Sistema,9532000.0,2016-02-22
Sistema,9781000.0,2016-02-23
Sistema,9785000.0,2016-02-24
Sistema,9607000.0,2016-02-25
Sistema,9686000.0,2016-02-26
Sistema,9114000.0,2016-02-27
Sistema,8571000.0,2016-02-28
Sistema,9636000.0,2016-02-29
Sistema,9722000.0,2016-03-01
Sistema,9620000.0,2016-03-02
Sistema,9676000.0,2016-03-03
Sistema,9519000.0,2016-03-04
Sistema,9157000.0,2016-03-05
Sistema,8431000.0,2016-03-06
Sistema,9647000.0,2016-03-07
Sistema,9513000.0,2016-03-08
Sistema,9353000.0,2016-03-09
Sistema,9299000.0,2016-03-10
Sistema,9182000.0,2016-03-11
Sistema,8651000.0,2016-03-12
Sistema,8082000.0,2016-03-13
Sistema,9160000.0,2016-03-14
Sistema,9192000.0,2016-03-15
Sistema,9279000.0,2016-03-16
Sistema,9108000.0,2016-03-17
Sistema,9145000.0,2016-03-18
Sistema,8748000.0,2016-03-19
Sistema,7947000.0,2016-03-20
Sistema,8333000.0,2016-03-21
Sistema,8980000.0,2016-03-22
Sistema,8610000.0,2016-03-23
Sistema,7684000.0,2016-03-24
Sistema,7453000.0,2016-03-25
Sistema,8195000.0,2016-03-26
Sistema,8017000.0,2016-03-27
Sistema,9165000.0,2016-03-28
Sistema,9359000.0,2016-03-29
Sistema,9106000.0,2016-03-30
Sistema,9153000.0,2016-03-31
Sistema,8950000.0,2016-04-01
Sistema,8392000.0,2016-04-02
Sistema,7914000.0,2016-04-03
Sistema,9083000.0,2016-04-04
Sistema,9155000.0,2016-04-05
Sistema,9223000.0,2016-04-06
Sistema,9274000.0,2016-04-07
Sistema,9223000.0,2016-04-08
Sistema,8588000.0,2016-04-09
Sistema,8009000.0,2016-04-10
Sistema,9155000.0,2016-04-11
Sistema,8950000.0,2016-04-12
Sistema,9066000.0,2016-04-13
Sistema,9210000.0,2016-04-14
Sistema,9219000.0,2016-04-15
Sistema,8740000.0,2016-04-16
Sistema,7950000.0,2016-04-17
Sistema,9284000.0,2016-04-18
Sistema,9370000.0,2016-04-19
Sistema,9305000.0,2016-04-20
Sistema,9426000.0,2016-04-21
Sistema,9213000.0,2016-04-22
Sistema,8813000.0,2016-04-23
Sistema,8092000.0,2016-04-24
Sistema,9237000.0,2016-04-25
Sistema,9294000.0,2016-04-26
Sistema,9186000.0,2016-04-27
Sistema,9082000.0,2016-04-28
Sistema,9114000.0,2016-04-29
Sistema,8446000.0,2016-04-30
Sistema,7783000.0,2016-05-01
Sistema,8965000.0,2016-05-02
Sistema,9174000.0,2016-05-03
Sistema,9348000.0,2016-05-04
Sistema,9369000.0,2016-05-05
Sistema,9090000.0,2016-05-06
Sistema,8699000.0,2016-05-07
Sistema,7528000.0,2016-05-08
Sistema,8165000.0,2016-05-09
Sistema,8988000.0,2016-05-10
Sistema,9363000.0,2016-05-11
Sistema,9524000.0,2016-05-12
Sistema,9387000.0,2016-05-13
Sistema,8861000.0,2016-05-14
Sistema,8351000.0,2016-05-15
Sistema,9321230.0,2016-05-16
Sistema,9401000.0,2016-05-17
Sistema,9355966.0,2016-05-18
Sistema,9501451.0,2016-05-19
Sistema,9780000.0,2016-05-20
Sistema,8923115.0,2016-05-21
Sistema,8357000.0,2016-05-22
Sistema,9601000.0,2016-05-23
Sistema,9508015.0,2016-05-24
Sistema,9386000.0,2016-05-25
Sistema,9337000.0,2016-05-26
Sistema,9148000.0,2016-05-27
Sistema,8645000.0,2016-05-28
Sistema,7749000.0,2016-05-29
Sistema,8291000.0,2016-05-30
Sistema,9035000.0,2016-05-31
Sistema,9175000.0,2016-06-01
Sistema,9198109.0,2016-06-02
Sistema,9054578.0,2016-06-03
Sistema,8782287.0,2016-06-04
Sistema,8030489.0,2016-06-05
Sistema,8351155.0,2016-06-06
Sistema,9186000.0,2016-06-07
Sistema,9244000.0,2016-06-08
Sistema,9216508.0,2016-06-09
Sistema,9150000.0,2016-06-10
Sistema,8770000.0,2016-06-11
Sistema,8270000.0,2016-06-12
Sistema,9017000.0,2016-06-13
Sistema,9055000.0,2016-06-14
Sistema,9200000.0,2016-06-15
Sistema,9288000.0,2016-06-16
Sistema,9578000.0,2016-06-17
Sistema,8760000.0,2016-06-18
Sistema,7933000.0,2016-06-19
Sistema,8937000.0,2016-06-20
Sistema,9198000.0,2016-06-21
Sistema,9018000.0,2016-06-22
Sistema,9228000.0,2016-06-23
Sistema,9108000.0,2016-06-24
Sistema,8584000.0,2016-06-25
Sistema,8160000.0,2016-06-26
Sistema,9268000.0,2016-06-27
Sistema,9415000.0,2016-06-28
Sistema,9327187.0,2016-06-29
Sistema,9319000.0,2016-06-30
Sistema,9228000.0,2016-07-01
Sistema,8664000.0,2016-07-02
Sistema,7854000.0,2016-07-03
Sistema,8254000.0,2016-07-04
Sistema,9251000.0,2016-07-05
Sistema,9368000.0,2016-07-06
Sistema,9407000.0,2016-07-07
Sistema,9429000.0,2016-07-08
Sistema,8967000.0,2016-07-09
Sistema,8244000.0,2016-07-10
Sistema,9312000.0,2016-07-11
Sistema,9319000.0,2016-07-12
Sistema,9226000.0,2016-07-13
Sistema,9278000.0,2016-07-14
Sistema,8953000.0,2016-07-15
Sistema,8553000.0,2016-07-16
Sistema,7999000.0,2016-07-17
Sistema,9135000.0,2016-07-18
Sistema,9166000.0,2016-07-19
Sistema,8886000.0,2016-07-20
Sistema,9504000.0,2016-07-21
Sistema,9524000.0,2016-07-22
Sistema,8937000.0,2016-07-23
Sistema,8329000.0,2016-07-24
Sistema,9677000.0,2016-07-25
Sistema,9618000.0,2016-07-26
Sistema,9175000.0,2016-07-27
Sistema,9509000.0,2016-07-28
Sistema,9409000.0,2016-07-29
Sistema,8934000.0,2016-07-30
Sistema,8366000.0,2016-07-31
Sistema,9387000.0,2016-08-01
Sistema,9471000.0,2016-08-02
Sistema,9300000.0,2016-08-03
Sistema,9323000.0,2016-08-04
Sistema,9347000.0,2016-08-05
Sistema,9013000.0,2016-08-06
Sistema,8436000.0,2016-08-07
Sistema,9707000.0,2016-08-08
Sistema,9604000.0,2016-08-09
Sistema,9600000.0,2016-08-10
Sistema,9538000.0,2016-08-11
Sistema,9458000.0,2016-08-12
Sistema,9051000.0,2016-08-13
Sistema,8106000.0,2016-08-14
Sistema,8519000.0,2016-08-15
Sistema,9632000.0,2016-08-16
Sistema,9639000.0,2016-08-17
Sistema,9658000.0,2016-08-18
Sistema,9536000.0,2016-08-19
Sistema,9064000.0,2016-08-20
Sistema,8428000.0,2016-08-21
Sistema,9598000.0,2016-08-22
Sistema,9702000.0,2016-08-23
Sistema,9661000.0,2016-08-24
Sistema,9638000.0,2016-08-25
Sistema,9129376.0,2016-08-26
Sistema,8855000.0,2016-08-27
Sistema,8289000.0,2016-08-28
Sistema,9535000.0,2016-08-29
Sistema,9456000.0,2016-08-30
Sistema,9366000.0,2016-08-31
Sistema,9358000.0,2016-09-01
Sistema,9247000.0,2016-09-02
Sistema,8836000.0,2016-09-03
Sistema,8206000.0,2016-09-04
Sistema,9407000.0,2016-09-05
Sistema,9565000.0,2016-09-06
Sistema,9331000.0,2016-09-07
Sistema,9545000.0,2016-09-08
Sistema,9769000.0,2016-09-09
Sistema,8712000.0,2016-09-10
Sistema,8402000.0,2016-09-11
Sistema,9339000.0,2016-09-12
Sistema,9491000.0,2016-09-13
Sistema,9362000.0,2016-09-14
Sistema,9465000.0,2016-09-15
Sistema,9565000.0,2016-09-16
Sistema,9051000.0,2016-09-17
Sistema,8502000.0,2016-09-18
Sistema,9626000.0,2016-09-19
Sistema,9740000.0,2016-09-20
Sistema,9607000.0,2016-09-21
Sistema,9480000.0,2016-09-22
Sistema,9547000.0,2016-09-23
Sistema,9061000.0,2016-09-24
Sistema,8428000.0,2016-09-25
Sistema,9651000.0,2016-09-26
Sistema,9758000.0,2016-09-27
Sistema,9779000.0,2016-09-28
Sistema,9783000.0,2016-09-29
Sistema,9478000.0,2016-09-30
Sistema,8441000.0,2016-10-01
Sistema,7860000.0,2016-10-02
Sistema,9316000.0,2016-10-03
Sistema,9526000.0,2016-10-04
Sistema,9405000.0,2016-10-05
Sistema,9549000.0,2016-10-06
Sistema,9332000.0,2016-10-07
Sistema,8831000.0,2016-10-08
Sistema,8217000.0,2016-10-09
Sistema,9453000.0,2016-10-10
Sistema,9477000.0,2016-10-11
Sistema,9330000.0,2016-10-12
Sistema,9470000.0,2016-10-13
Sistema,9336000.0,2016-10-14
Sistema,8822000.0,2016-10-15
Sistema,7855783.0,2016-10-16
Sistema,8493000.0,2016-10-17
Sistema,9395000.0,2016-10-18
Sistema,9557000.0,2016-10-19
Sistema,9693000.0,2016-10-20
Sistema,9548000.0,2016-10-21
Sistema,9089000.0,2016-10-22
Sistema,8403000.0,2016-10-23
Sistema,9455000.0,2016-10-24
Sistema,9424000.0,2016-10-25
Sistema,9433000.0,2016-10-26
Sistema,9519000.0,2016-10-27
Sistema,9294000.0,2016-10-28
Sistema,8682000.0,2016-10-29
Sistema,8238000.0,2016-10-30
Sistema,8940000.0,2016-10-31
Sistema,9538000.0,2016-11-01
Sistema,9555000.0,2016-11-02
Sistema,9770000.0,2016-11-03
Sistema,9549000.0,2016-11-04
Sistema,9054000.0,2016-11-05
Sistema,8286000.0,2016-11-06
Sistema,8562000.0,2016-11-07
Sistema,9676000.0,2016-11-08
Sistema,9737000.0,2016-11-09
Sistema,9815000.0,2016-11-10
Sistema,9612000.0,2016-11-11
Sistema,9108000.0,2016-11-12
Sistema,8282000.0,2016-11-13
Sistema,8567000.0,2016-11-14
Sistema,9657000.0,2016-11-15
Sistema,9761000.0,2016-11-16
Sistema,9757000.0,2016-11-17
Sistema,9679000.0,2016-11-18
Sistema,9146000.0,2016-11-19
Sistema,8421000.0,2016-11-20
Sistema,9728000.0,2016-11-21
Sistema,9732000.0,2016-11-22
Sistema,9691000.0,2016-11-23
Sistema,9798000.0,2016-11-24
Sistema,9585000.0,2016-11-25
Sistema,8998000.0,2016-11-26
Sistema,8334000.0,2016-11-27
Sistema,9486000.0,2016-11-28
Sistema,9546000.0,2016-11-29
Sistema,9577000.0,2016-11-30
Sistema,9482000.0,2016-12-01
Sistema,9340000.0,2016-12-02
Sistema,8848000.0,2016-12-03
Sistema,8270000.0,2016-12-04
Sistema,9628000.0,2016-12-05
Sistema,9689000.0,2016-12-06
Sistema,9375000.0,2016-12-07
Sistema,8629000.0,2016-12-08
Sistema,9523000.0,2016-12-09
Sistema,9158000.0,2016-12-10
Sistema,8472000.0,2016-12-11
Sistema,9734000.0,2016-12-12
Sistema,9787000.0,2016-12-13
Sistema,9892000.0,2016-12-14
Sistema,9904000.0,2016-12-15
Sistema,9726000.0,2016-12-16
Sistema,9087000.0,2016-12-17
Sistema,8519000.0,2016-12-18
Sistema,9444000.0,2016-12-19
Sistema,9378000.0,2016-12-20
Sistema,9304000.0,2016-12-21
Sistema,9219000.0,2016-12-22
Sistema,8946000.0,2016-12-23
Sistema,8347000.0,2016-12-24
Sistema,7509000.0,2016-12-25
Sistema,8972000.0,2016-12-26
Sistema,9001000.0,2016-12-27
Sistema,9052000.0,2016-12-28
Sistema,8975000.0,2016-12-29
Sistema,8666000.0,2016-12-30
Sistema,8076000.0,2016-12-31
Sistema,7540000.0,2017-01-01
Sistema,8938000.0,2017-01-02
Sistema,9343000.0,2017-01-03
Sistema,9271000.0,2017-01-04
Sistema,9264000.0,2017-01-05
Sistema,9219000.0,2017-01-06
Sistema,8798000.0,2017-01-07
Sistema,8110000.0,2017-01-08
Sistema,8289000.0,2017-01-09
Sistema,9397000.0,2017-01-10
Sistema,9342000.0,2017-01-11
Sistema,9458000.0,2017-01-12
Sistema,9376000.0,2017-01-13
Sistema,8837000.0,2017-01-14
Sistema,8220000.0,2017-01-15
Sistema,9325000.0,2017-01-16
Sistema,9456000.0,2017-01-17
Sistema,9328000.0,2017-01-18
Sistema,9449000.0,2017-01-19
Sistema,9487000.0,2017-01-20
Sistema,8889000.0,2017-01-21
Sistema,8293000.0,2017-01-22
Sistema,9361000.0,2017-01-23
Sistema,9509000.0,2017-01-24
Sistema,9618000.0,2017-01-25
Sistema,9641000.0,2017-01-26
Sistema,9504000.0,2017-01-27
Sistema,8941000.0,2017-01-28
Sistema,8514000.0,2017-01-29
Sistema,9612000.0,2017-01-30
Sistema,9622000.0,2017-01-31
Sistema,9518000.0,2017-02-01
Sistema,9554000.0,2017-02-02
Sistema,9484000.0,2017-02-03
Sistema,9084000.0,2017-02-04
Sistema,8516000.0,2017-02-05
Sistema,9569000.0,2017-02-06
Sistema,9717000.0,2017-02-07
Sistema,9811000.0,2017-02-08
Sistema,9741000.0,2017-02-09
Sistema,9481000.0,2017-02-10
Sistema,8989000.0,2017-02-11
Sistema,8391000.0,2017-02-12
Sistema,9470000.0,2017-02-13
Sistema,9572000.0,2017-02-14
Sistema,9626000.0,2017-02-15
Sistema,9645000.0,2017-02-16
Sistema,9372000.0,2017-02-17
Sistema,9023000.0,2017-02-18
Sistema,8529000.0,2017-02-19
Sistema,9551000.0,2017-02-20
Sistema,9519000.0,2017-02-21
Sistema,9549000.0,2017-02-22
Sistema,9642000.0,2017-02-23
Sistema,9526000.0,2017-02-24
Sistema,9026000.0,2017-02-25
Sistema,8316000.0,2017-02-26
Sistema,9342000.0,2017-02-27
Sistema,9411000.0,2017-02-28
Sistema,9353000.0,2017-03-01
Sistema,9554000.0,2017-03-02
Sistema,9484000.0,2017-03-03
Sistema,8902000.0,2017-03-04
Sistema,8320000.0,2017-03-05
Sistema,9496000.0,2017-03-06
Sistema,9528000.0,2017-03-07
Sistema,9241000.0,2017-03-08
Sistema,9429000.0,2017-03-09
Sistema,9359000.0,2017-03-10
Sistema,8938000.0,2017-03-11
Sistema,8129000.0,2017-03-12
Sistema,9355000.0,2017-03-13
Sistema,9346000.0,2017-03-14
Sistema,9305000.0,2017-03-15
Sistema,9486000.0,2017-03-16
Sistema,9453000.0,2017-03-17
Sistema,8901000.0,2017-03-18
Sistema,8032000.0,2017-03-19
Sistema,8393000.0,2017-03-20
Sistema,9488000.0,2017-03-21
Sistema,9443000.0,2017-03-22
Sistema,9378000.0,2017-03-23
Sistema,9359000.0,2017-03-24
Sistema,8937000.0,2017-03-25
Sistema,8261000.0,2017-03-26
Sistema,9447000.0,2017-03-27
Sistema,9471000.0,2017-03-28
Sistema,9462000.0,2017-03-29
Sistema,9332000.0,2017-03-30
Sistema,9238000.0,2017-03-31
Sistema,8871000.0,2017-04-01
Sistema,8431000.0,2017-04-02
Sistema,9540000.0,2017-04-03
Sistema,9629000.0,2017-04-04
Sistema,9713000.0,2017-04-05
Sistema,9751000.0,2017-04-06
Sistema,9550000.0,2017-04-07
Sistema,9254000.0,2017-04-08
Sistema,8349000.0,2017-04-09
Sistema,9296000.0,2017-04-10
Sistema,9266000.0,2017-04-11
Sistema,8856000.0,2017-04-12
Sistema,7979000.0,2017-04-13
Sistema,7531000.0,2017-04-14
Sistema,8426000.0,2017-04-15
Sistema,8267000.0,2017-04-16
Sistema,9464000.0,2017-04-17
Sistema,9585000.0,2017-04-18
Sistema,9506000.0,2017-04-19
Sistema,9169000.0,2017-04-20
Sistema,9457000.0,2017-04-21
Sistema,9252000.0,2017-04-22
Sistema,8640000.0,2017-04-23
Sistema,9569000.0,2017-04-24
Sistema,9609000.0,2017-04-25
Sistema,9460000.0,2017-04-26
Sistema,9718000.0,2017-04-27
Sistema,9615000.0,2017-04-28
Sistema,9232000.0,2017-04-29
Sistema,8286000.0,2017-04-30
Sistema,8403000.0,2017-05-01
Sistema,9462000.0,2017-05-02
Sistema,9543000.0,2017-05-03
Sistema,9676000.0,2017-05-04
Sistema,9497000.0,2017-05-05
Sistema,8852000.0,2017-05-06
Sistema,8216000.0,2017-05-07
Sistema,9396000.0,2017-05-08
Sistema,9279000.0,2017-05-09
Sistema,9372000.0,2017-05-10
Sistema,9339000.0,2017-05-11
Sistema,9238000.0,2017-05-12
Sistema,8839000.0,2017-05-13
Sistema,8053000.0,2017-05-14
Sistema,9411000.0,2017-05-15
Sistema,9476000.0,2017-05-16
Sistema,9547000.0,2017-05-17
Sistema,9661000.0,2017-05-18
Sistema,9715000.0,2017-05-19
Sistema,8976000.0,2017-05-20
Sistema,8374000.0,2017-05-21
Sistema,9418000.0,2017-05-22
Sistema,9632000.0,2017-05-23
Sistema,9689000.0,2017-05-24
Sistema,9741000.0,2017-05-25
Sistema,9507000.0,2017-05-26
Sistema,8925000.0,2017-05-27
Sistema,8148000.0,2017-05-28
Sistema,8424000.0,2017-05-29
Sistema,9524000.0,2017-05-30
Sistema,9523000.0,2017-05-31
Sistema,9541000.0,2017-06-01
Sistema,9549000.0,2017-06-02
Sistema,9139000.0,2017-06-03
Sistema,8391000.0,2017-06-04
Sistema,9500000.0,2017-06-05
Sistema,9702000.0,2017-06-06
Sistema,9612000.0,2017-06-07
Sistema,9385000.0,2017-06-08
Sistema,9418000.0,2017-06-09
Sistema,9085000.0,2017-06-10
Sistema,8396000.0,2017-06-11
Sistema,9243000.0,2017-06-12
Sistema,9239000.0,2017-06-13
Sistema,9443000.0,2017-06-14
Sistema,9118000.0,2017-06-15
Sistema,9402000.0,2017-06-16
Sistema,8767000.0,2017-06-17
Sistema,7865000.0,2017-06-18
Sistema,8348000.0,2017-06-19
Sistema,9276000.0,2017-06-20
Sistema,9287000.0,2017-06-21
Sistema,9384000.0,2017-06-22
Sistema,9433000.0,2017-06-23
Sistema,8918000.0,2017-06-24
Sistema,8023000.0,2017-06-25
Sistema,8306000.0,2017-06-26
Sistema,9365000.0,2017-06-27
Sistema,9439000.0,2017-06-28
Sistema,9386000.0,2017-06-29
Sistema,9359000.0,2017-06-30
Sistema,8942000.0,2017-07-01
Sistema,8058000.0,2017-07-02
Sistema,8265000.0,2017-07-03
Sistema,9398000.0,2017-07-04
Sistema,9377000.0,2017-07-05
Sistema,9437000.0,2017-07-06
Sistema,9491000.0,2017-07-07
Sistema,9060000.0,2017-07-08
Sistema,8453000.0,2017-07-09
Sistema,9500000.0,2017-07-10
Sistema,9423000.0,2017-07-11
Sistema,9263000.0,2017-07-12
Sistema,9545000.0,2017-07-13
Sistema,9382000.0,2017-07-14
Sistema,8800000.0,2017-07-15
Sistema,8188000.0,2017-07-16
Sistema,9558000.0,2017-07-17
Sistema,9538000.0,2017-07-18
Sistema,9437000.0,2017-07-19
Sistema,8500000.0,2017-07-20
Sistema,9386000.0,2017-07-21
Sistema,8996000.0,2017-07-22
Sistema,8437000.0,2017-07-23
Sistema,9672000.0,2017-07-24
Sistema,9679000.0,2017-07-25
Sistema,9628000.0,2017-07-26
Sistema,9663000.0,2017-07-27
Sistema,9600000.0,2017-07-28
Sistema,9005000.0,2017-07-29
Sistema,8217000.0,2017-07-30
Sistema,9295000.0,2017-07-31
Sistema,9446000.0,2017-08-01
Sistema,9638000.0,2017-08-02
Sistema,9739000.0,2017-08-03
Sistema,9324000.0,2017-08-04
Sistema,8948000.0,2017-08-05
Sistema,8374000.0,2017-08-06
Sistema,8804000.0,2017-08-07
Sistema,9739000.0,2017-08-08
Sistema,9459000.0,2017-08-09
Sistema,9577000.0,2017-08-10
Sistema,9509000.0,2017-08-11
Sistema,9048000.0,2017-08-12
Sistema,8588000.0,2017-08-13
Sistema,9755000.0,2017-08-14
Sistema,9750000.0,2017-08-15
Sistema,9656000.0,2017-08-16
Sistema,9876000.0,2017-08-17
Sistema,9737000.0,2017-08-18
Sistema,8977000.0,2017-08-19
Sistema,8110000.0,2017-08-20
Sistema,8692000.0,2017-08-21
Sistema,9555000.0,2017-08-22
Sistema,9698000.0,2017-08-23
Sistema,9490000.0,2017-08-24
Sistema,9469000.0,2017-08-25
Sistema,9075000.0,2017-08-26
Sistema,8600000.0,2017-08-27
Sistema,9488000.0,2017-08-28
Sistema,9574000.0,2017-08-29
Sistema,9506000.0,2017-08-30
Sistema,9608000.0,2017-08-31
Sistema,9710000.0,2017-09-01
Sistema,9193000.0,2017-09-02
Sistema,8521000.0,2017-09-03
Sistema,9804000.0,2017-09-04
Sistema,9789000.0,2017-09-05
Sistema,9665000.0,2017-09-06
Sistema,9551000.0,2017-09-07
Sistema,9277000.0,2017-09-08
Sistema,8785000.0,2017-09-09
Sistema,8319000.0,2017-09-10
Sistema,9622000.0,2017-09-11
Sistema,9632000.0,2017-09-12
Sistema,9630000.0,2017-09-13
Sistema,9511000.0,2017-09-14
Sistema,9609000.0,2017-09-15
Sistema,9168000.0,2017-09-16
Sistema,8259000.0,2017-09-17
Sistema,9633000.0,2017-09-18
Sistema,9782000.0,2017-09-19
Sistema,9810000.0,2017-09-20
Sistema,9829000.0,2017-09-21
Sistema,9614000.0,2017-09-22
Sistema,9051000.0,2017-09-23
Sistema,8524000.0,2017-09-24
Sistema,9586000.0,2017-09-25
Sistema,9678000.0,2017-09-26
Sistema,9797000.0,2017-09-27
Sistema,9641000.0,2017-09-28
Sistema,9451000.0,2017-09-29
Sistema,8866000.0,2017-09-30
Sistema,8309000.0,2017-10-01
Sistema,9455000.0,2017-10-02
Sistema,9527000.0,2017-10-03
Sistema,9328000.0,2017-10-04
Sistema,9356000.0,2017-10-05
Sistema,9309000.0,2017-10-06
Sistema,9018000.0,2017-10-07
Sistema,8445000.0,2017-10-08
Sistema,9511000.0,2017-10-09
Sistema,9692000.0,2017-10-10
Sistema,9528000.0,2017-10-11
Sistema,9764000.0,2017-10-12
Sistema,9718000.0,2017-10-13
Sistema,9054000.0,2017-10-14
Sistema,8321000.0,2017-10-15
Sistema,8909000.0,2017-10-16
Sistema,9987000.0,2017-10-17
Sistema,9918000.0,2017-10-18
Sistema,9991000.0,2017-10-19
Sistema,9865000.0,2017-10-20
Sistema,9166000.0,2017-10-21
Sistema,8494000.0,2017-10-22
Sistema,9517000.0,2017-10-23
Sistema,9495000.0,2017-10-24
Sistema,9584000.0,2017-10-25
Sistema,9549000.0,2017-10-26
Sistema,9415000.0,2017-10-27
Sistema,8780000.0,2017-10-28
Sistema,8152000.0,2017-10-29
Sistema,9357000.0,2017-10-30
Sistema,9194000.0,2017-10-31
Sistema,9615000.0,2017-11-01
Sistema,9757000.0,2017-11-02
Sistema,9673000.0,2017-11-03
Sistema,9179000.0,2017-11-04
Sistema,8241000.0,2017-11-05
Sistema,8742000.0,2017-11-06
Sistema,9664000.0,2017-11-07
Sistema,9697000.0,2017-11-08
Sistema,9669000.0,2017-11-09
Sistema,9661000.0,2017-11-10
Sistema,9105000.0,2017-11-11
Sistema,8383000.0,2017-11-12
Sistema,8846000.0,2017-11-13
Sistema,9484000.0,2017-11-14
Sistema,9474000.0,2017-11-15
Sistema,9671000.0,2017-11-16
Sistema,9565000.0,2017-11-17
Sistema,9039000.0,2017-11-18
Sistema,8347000.0,2017-11-19
Sistema,9592000.0,2017-11-20
Sistema,9722000.0,2017-11-21
Sistema,9768000.0,2017-11-22
Sistema,9815000.0,2017-11-23
Sistema,9711000.0,2017-11-24
Sistema,9179000.0,2017-11-25
Sistema,8550000.0,2017-11-26
Sistema,9741000.0,2017-11-27
Sistema,9900000.0,2017-11-28
Sistema,9907000.0,2017-11-29
Sistema,9853000.0,2017-11-30
Sistema,9550000.0,2017-12-01
Sistema,9147000.0,2017-12-02
Sistema,8571000.0,2017-12-03
Sistema,9755000.0,2017-12-04
Sistema,9814000.0,2017-12-05
Sistema,9996000.0,2017-12-06
Sistema,9607000.0,2017-12-07
Sistema,8630000.0,2017-12-08
Sistema,9001000.0,2017-12-09
Sistema,8561000.0,2017-12-10
Sistema,9667000.0,2017-12-11
Sistema,9718000.0,2017-12-12
Sistema,9731000.0,2017-12-13
Sistema,9645000.0,2017-12-14
Sistema,9639000.0,2017-12-15
Sistema,9020000.0,2017-12-16
Sistema,8457000.0,2017-12-17
Sistema,9640000.0,2017-12-18
Sistema,9651000.0,2017-12-19
Sistema,9721000.0,2017-12-20
Sistema,9615000.0,2017-12-21
Sistema,9459000.0,2017-12-22
Sistema,8886000.0,2017-12-23
Sistema,8297000.0,2017-12-24
Sistema,7651000.0,2017-12-25
Sistema,9185000.0,2017-12-26
Sistema,9395000.0,2017-12-27
Sistema,9202000.0,2017-12-28
Sistema,8999000.0,2017-12-29
Sistema,8375000.0,2017-12-30
Sistema,8062000.0,2017-12-31
Sistema,7128000.0,2018-01-01
Sistema,8575000.0,2018-01-02
Sistema,9023000.0,2018-01-03
Sistema,9158000.0,2018-01-04
Sistema,9224000.0,2018-01-05
Sistema,8641000.0,2018-01-06
Sistema,8045000.0,2018-01-07
Sistema,8477000.0,2018-01-08
Sistema,9277000.0,2018-01-09
Sistema,9318000.0,2018-01-10
Sistema,9469000.0,2018-01-11
Sistema,9453000.0,2018-01-12
Sistema,8852000.0,2018-01-13
Sistema,8280000.0,2018-01-14
Sistema,9473000.0,2018-01-15
Sistema,9479000.0,2018-01-16
Sistema,9490000.0,2018-01-17
Sistema,9457000.0,2018-01-18
Sistema,9523000.0,2018-01-19
Sistema,9108000.0,2018-01-20
Sistema,8525000.0,2018-01-21
Sistema,9611000.0,2018-01-22
Sistema,9758000.0,2018-01-23
Sistema,9661000.0,2018-01-24
Sistema,9784000.0,2018-01-25
Sistema,9653000.0,2018-01-26
Sistema,9234000.0,2018-01-27
Sistema,8573000.0,2018-01-28
Sistema,9721000.0,2018-01-29
Sistema,9818000.0,2018-01-30
Sistema,9811000.0,2018-01-31
Sistema,9736000.0,2018-02-01
Sistema,9586000.0,2018-02-02
Sistema,9043000.0,2018-02-03
Sistema,8490000.0,2018-02-04
Sistema,9435000.0,2018-02-05
Sistema,9643000.0,2018-02-06
Sistema,9696000.0,2018-02-07
Sistema,9822000.0,2018-02-08
Sistema,9676000.0,2018-02-09
Sistema,9139000.0,2018-02-10
Sistema,8560000.0,2018-02-11
Sistema,9451000.0,2018-02-12
Sistema,9474000.0,2018-02-13
Sistema,9568000.0,2018-02-14
Sistema,9582000.0,2018-02-15
Sistema,9655000.0,2018-02-16
Sistema,9108000.0,2018-02-17
Sistema,8545000.0,2018-02-18
Sistema,9530000.0,2018-02-19
Sistema,9625000.0,2018-02-20
Sistema,9662000.0,2018-02-21
Sistema,9557000.0,2018-02-22
Sistema,9463000.0,2018-02-23
Sistema,8882000.0,2018-02-24
Sistema,8398000.0,2018-02-25
Sistema,9582000.0,2018-02-26
Sistema,9588000.0,2018-02-27
Sistema,9494000.0,2018-02-28
Sistema,9546000.0,2018-03-01
Sistema,9503000.0,2018-03-02
Sistema,9019000.0,2018-03-03
Sistema,8445000.0,2018-03-04
Sistema,9420000.0,2018-03-05
Sistema,9530000.0,2018-03-06
Sistema,9761000.0,2018-03-07
Sistema,9562000.0,2018-03-08
Sistema,9772000.0,2018-03-09
Sistema,9222000.0,2018-03-10
Sistema,8724000.0,2018-03-11
Sistema,9912000.0,2018-03-12
Sistema,9952000.0,2018-03-13
Sistema,9981000.0,2018-03-14
Sistema,9860000.0,2018-03-15
Sistema,9913000.0,2018-03-16
Sistema,9236000.0,2018-03-17
Sistema,8487000.0,2018-03-18
Sistema,8857000.0,2018-03-19
Sistema,9788000.0,2018-03-20
Sistema,9794000.0,2018-03-21
Sistema,9863000.0,2018-03-22
Sistema,9746000.0,2018-03-23
Sistema,9111000.0,2018-03-24
Sistema,8530000.0,2018-03-25
Sistema,9605000.0,2018-03-26
Sistema,9464000.0,2018-03-27
Sistema,9099000.0,2018-03-28
Sistema,8016000.0,2018-03-29
Sistema,7545000.0,2018-03-30
Sistema,8337000.0,2018-03-31
Sistema,8189000.0,2018-04-01
Sistema,9352000.0,2018-04-02
Sistema,9431000.0,2018-04-03
Sistema,9501000.0,2018-04-04
Sistema,9403000.0,2018-04-05
Sistema,9351000.0,2018-04-06
Sistema,8942000.0,2018-04-07
Sistema,8498000.0,2018-04-08
Sistema,9467000.0,2018-04-09
Sistema,9516000.0,2018-04-10
Sistema,9371000.0,2018-04-11
Sistema,9535000.0,2018-04-12
Sistema,9491000.0,2018-04-13
Sistema,9091000.0,2018-04-14
Sistema,8552000.0,2018-04-15
Sistema,9625000.0,2018-04-16
Sistema,9509000.0,2018-04-17
Sistema,9719000.0,2018-04-18
Sistema,9654000.0,2018-04-19
Sistema,9490000.0,2018-04-20
Sistema,9014000.0,2018-04-21
Sistema,8537000.0,2018-04-22
Sistema,9720000.0,2018-04-23
Sistema,9743000.0,2018-04-24
Sistema,9786000.0,2018-04-25
Sistema,9740000.0,2018-04-26
Sistema,9499000.0,2018-04-27
Sistema,9020000.0,2018-04-28
Sistema,8436000.0,2018-04-29
Sistema,9398000.0,2018-04-30
Sistema,8634000.0,2018-05-01
Sistema,9746000.0,2018-05-02
Sistema,9581000.0,2018-05-03
Sistema,9551000.0,2018-05-04
Sistema,9014000.0,2018-05-05
Sistema,8503000.0,2018-05-06
Sistema,9559000.0,2018-05-07
Sistema,9351000.0,2018-05-08
Sistema,9557000.0,2018-05-09
Sistema,9658000.0,2018-05-10
Sistema,9587000.0,2018-05-11
Sistema,9064000.0,2018-05-12
Sistema,7909432.0,2018-05-13
Sistema,8387534.0,2018-05-14
Sistema,9605000.0,2018-05-15
Sistema,9751000.0,2018-05-16
Sistema,9776000.0,2018-05-17
Sistema,9526000.0,2018-05-18
Sistema,9012000.0,2018-05-19
Sistema,8502000.0,2018-05-20
Sistema,9519000.0,2018-05-21
Sistema,9632000.0,2018-05-22
Sistema,9688000.0,2018-05-23
Sistema,9614000.0,2018-05-24
Sistema,9671000.0,2018-05-25
Sistema,8905000.0,2018-05-26
Sistema,8431000.0,2018-05-27
Sistema,9513000.0,2018-05-28
Sistema,9728000.0,2018-05-29
Sistema,9722000.0,2018-05-30
Sistema,9802000.0,2018-05-31
Sistema,9423000.0,2018-06-01
Sistema,9142000.0,2018-06-02
Sistema,8432162.0,2018-06-03
Sistema,8878000.0,2018-06-04
Sistema,9732000.0,2018-06-05
Sistema,9884000.0,2018-06-06
Sistema,9961000.0,2018-06-07
Sistema,9912000.0,2018-06-08
Sistema,9293000.0,2018-06-09
Sistema,8296163.0,2018-06-10
Sistema,8582000.0,2018-06-11
Sistema,9762000.0,2018-06-12
Sistema,9857000.0,2018-06-13
Sistema,9585000.0,2018-06-14
Sistema,9566000.0,2018-06-15
Sistema,9113000.0,2018-06-16
Sistema,8512000.0,2018-06-17
Sistema,9574000.0,2018-06-18
Sistema,9500000.0,2018-06-19
Sistema,9562000.0,2018-06-20
Sistema,9657000.0,2018-06-21
Sistema,9555000.0,2018-06-22
Sistema,9144000.0,2018-06-23
Sistema,8202000.0,2018-06-24
Sistema,9550000.0,2018-06-25
Sistema,9600000.0,2018-06-26
Sistema,9578000.0,2018-06-27
Sistema,9547000.0,2018-06-28
Sistema,9413000.0,2018-06-29
Sistema,8760000.0,2018-06-30
Sistema,8156000.0,2018-07-01
Sistema,8443000.0,2018-07-02
Sistema,9420000.0,2018-07-03
Sistema,9540000.0,2018-07-04
Sistema,9678000.0,2018-07-05
Sistema,9638000.0,2018-07-06
Sistema,9199000.0,2018-07-07
Sistema,8676000.0,2018-07-08
Sistema,9708000.0,2018-07-09
Sistema,9827000.0,2018-07-10
Sistema,9781000.0,2018-07-11
Sistema,9905000.0,2018-07-12
Sistema,9886000.0,2018-07-13
Sistema,9385000.0,2018-07-14
Sistema,8690000.0,2018-07-15
Sistema,9725000.0,2018-07-16
Sistema,9802000.0,2018-07-17
Sistema,9825000.0,2018-07-18
Sistema,9783000.0,2018-07-19
Sistema,9148000.0,2018-07-20
Sistema,9216000.0,2018-07-21
Sistema,8634000.0,2018-07-22
Sistema,9786000.0,2018-07-23
Sistema,9657000.0,2018-07-24
Sistema,9853000.0,2018-07-25
Sistema,9845000.0,2018-07-26
Sistema,9621000.0,2018-07-27
Sistema,9346000.0,2018-07-28
Sistema,8663000.0,2018-07-29
Sistema,9691000.0,2018-07-30
Sistema,9476000.0,2018-07-31
Sistema,9703000.0,2018-08-01
Sistema,9751000.0,2018-08-02
Sistema,9619000.0,2018-08-03
Sistema,9175000.0,2018-08-04
Sistema,8527000.0,2018-08-05
Sistema,9522000.0,2018-08-06
Sistema,9095000.0,2018-08-07
Sistema,9930000.0,2018-08-08
Sistema,10026000.0,2018-08-09
Sistema,9855000.0,2018-08-10
Sistema,9485000.0,2018-08-11
Sistema,8877000.0,2018-08-12
Sistema,9918000.0,2018-08-13
Sistema,9710000.0,2018-08-14
Sistema,9643000.0,2018-08-15
Sistema,9959000.0,2018-08-16
Sistema,9912000.0,2018-08-17
Sistema,9329000.0,2018-08-18
Sistema,8442000.0,2018-08-19
Sistema,8942000.0,2018-08-20
Sistema,9941000.0,2018-08-21
Sistema,9963000.0,2018-08-22
Sistema,9737000.0,2018-08-23
Sistema,9882000.0,2018-08-24
Sistema,9313000.0,2018-08-25
Sistema,8692000.0,2018-08-26
Sistema,9815000.0,2018-08-27
Sistema,9990000.0,2018-08-28
Sistema,9993000.0,2018-08-29
Sistema,9955000.0,2018-08-30
Sistema,9996000.0,2018-08-31
Sistema,9464000.0,2018-09-01
Sistema,8784000.0,2018-09-02
Sistema,9943000.0,2018-09-03
Sistema,9868000.0,2018-09-04
Sistema,9701000.0,2018-09-05
Sistema,9792000.0,2018-09-06
Sistema,9773000.0,2018-09-07
Sistema,9432000.0,2018-09-08
Sistema,8823000.0,2018-09-09
Sistema,10030000.0,2018-09-10
Sistema,9982000.0,2018-09-11
Sistema,10003000.0,2018-09-12
Sistema,9849000.0,2018-09-13
Sistema,9780000.0,2018-09-14
Sistema,9140000.0,2018-09-15
Sistema,8468000.0,2018-09-16
Sistema,9812000.0,2018-09-17
Sistema,9961000.0,2018-09-18
Sistema,10040000.0,2018-09-19
Sistema,10100000.0,2018-09-20
Sistema,10088000.0,2018-09-21
Sistema,9436000.0,2018-09-22
Sistema,8883000.0,2018-09-23
Sistema,9884000.0,2018-09-24
Sistema,9994000.0,2018-09-25
Sistema,9959000.0,2018-09-26
Sistema,9804000.0,2018-09-27
Sistema,9740000.0,2018-09-28
Sistema,9310000.0,2018-09-29
Sistema,8829000.0,2018-09-30
Sistema,9745000.0,2018-10-01
Sistema,9878000.0,2018-10-02
Sistema,9735000.0,2018-10-03
Sistema,9794000.0,2018-10-04
Sistema,9685000.0,2018-10-05
Sistema,9015000.0,2018-10-06
Sistema,8553000.0,2018-10-07
Sistema,9376000.0,2018-10-08
Sistema,9649000.0,2018-10-09
Sistema,9582815.0,2018-10-10
Sistema,9591000.0,2018-10-11
Sistema,9612000.0,2018-10-12
Sistema,9094595.0,2018-10-13
Sistema,8335000.0,2018-10-14
Sistema,8880000.0,2018-10-15
Sistema,9888000.0,2018-10-16
Sistema,9968000.0,2018-10-17
Sistema,9987000.0,2018-10-18
Sistema,9803000.0,2018-10-19
Sistema,9311000.0,2018-10-20
Sistema,8657000.0,2018-10-21
Sistema,9685000.0,2018-10-22
Sistema,9773000.0,2018-10-23
Sistema,9765000.0,2018-10-24
Sistema,10011000.0,2018-10-25
Sistema,9972000.0,2018-10-26
Sistema,9457000.0,2018-10-27
Sistema,8792000.0,2018-10-28
Sistema,9904000.0,2018-10-29
Sistema,9961000.0,2018-10-30
Sistema,9671000.0,2018-10-31
Sistema,10018000.0,2018-11-01
Sistema,9721000.0,2018-11-02
Sistema,9325000.0,2018-11-03
Sistema,8372000.0,2018-11-04
Sistema,8821000.0,2018-11-05
Sistema,9866000.0,2018-11-06
Sistema,9971000.0,2018-11-07
Sistema,10004000.0,2018-11-08
Sistema,9709000.0,2018-11-09
Sistema,9457000.0,2018-11-10
Sistema,8696000.0,2018-11-11
Sistema,9173000.0,2018-11-12
Sistema,9942000.0,2018-11-13
Sistema,9859000.0,2018-11-14
Sistema,10063000.0,2018-11-15
Sistema,10053000.0,2018-11-16
Sistema,9542000.0,2018-11-17
Sistema,8929000.0,2018-11-18
Sistema,10022000.0,2018-11-19
Sistema,10073000.0,2018-11-20
Sistema,10033000.0,2018-11-21
Sistema,10062000.0,2018-11-22
Sistema,10026000.0,2018-11-23
Sistema,9569000.0,2018-11-24
Sistema,8906000.0,2018-11-25
Sistema,10036000.0,2018-11-26
Sistema,9887000.0,2018-11-27
Sistema,9919000.0,2018-11-28
Sistema,9985000.0,2018-11-29
Sistema,9870000.0,2018-11-30
Sistema,9330000.0,2018-12-01
Sistema,8720000.0,2018-12-02
Sistema,10082000.0,2018-12-03
Sistema,10002000.0,2018-12-04
Sistema,9891000.0,2018-12-05
Sistema,10006000.0,2018-12-06
Sistema,9666000.0,2018-12-07
Sistema,8919000.0,2018-12-08
Sistema,8863000.0,2018-12-09
Sistema,10184000.0,2018-12-10
Sistema,10123000.0,2018-12-11
Sistema,10112000.0,2018-12-12
Sistema,10190000.0,2018-12-13
Sistema,9909000.0,2018-12-14
Sistema,9336000.0,2018-12-15
Sistema,8718000.0,2018-12-16
Sistema,9897000.0,2018-12-17
Sistema,9910000.0,2018-12-18
Sistema,9853000.0,2018-12-19
Sistema,9914000.0,2018-12-20
Sistema,9608000.0,2018-12-21
Sistema,9137000.0,2018-12-22
Sistema,8618000.0,2018-12-23
Sistema,8707000.0,2018-12-24
Sistema,7872000.0,2018-12-25
Sistema,9437000.0,2018-12-26
Sistema,9687000.0,2018-12-27
Sistema,9449000.0,2018-12-28
Sistema,9073000.0,2018-12-29
Sistema,8420000.0,2018-12-30
Sistema,8447000.0,2018-12-31
Sistema,7575000.0,2019-01-01
Sistema,9023000.0,2019-01-02
Sistema,9418000.0,2019-01-03
Sistema,9515000.0,2019-01-04
Sistema,9186000.0,2019-01-05
Sistema,8376000.0,2019-01-06
Sistema,8666000.0,2019-01-07
Sistema,9593000.0,2019-01-08
Sistema,9442000.0,2019-01-09
Sistema,9458000.0,2019-01-10
Sistema,9457000.0,2019-01-11
Sistema,9148000.0,2019-01-12
Sistema,8542000.0,2019-01-13
Sistema,9501000.0,2019-01-14
Sistema,9619000.0,2019-01-15
Sistema,9669000.0,2019-01-16
Sistema,9814000.0,2019-01-17
Sistema,9764000.0,2019-01-18
Sistema,9361000.0,2019-01-19
Sistema,8714000.0,2019-01-20
Sistema,9696000.0,2019-01-21
Sistema,9792000.0,2019-01-22
Sistema,9915000.0,2019-01-23
Sistema,9973000.0,2019-01-24
Sistema,9959000.0,2019-01-25
Sistema,9500000.0,2019-01-26
Sistema,8921000.0,2019-01-27
Sistema,9795000.0,2019-01-28
Sistema,9916000.0,2019-01-29
Sistema,9955000.0,2019-01-30
Sistema,9929000.0,2019-01-31
Sistema,9865737.0,2019-02-01
Sistema,9388423.0,2019-02-02
Sistema,8777809.0,2019-02-03
Sistema,9992555.0,2019-02-04
Sistema,10038591.0,2019-02-05
Sistema,10046190.0,2019-02-06
Sistema,10115802.0,2019-02-07
Sistema,9846730.0,2019-02-08
Sistema,9347715.0,2019-02-09
Sistema,8803790.0,2019-02-10
Sistema,9957503.0,2019-02-11
Sistema,10067426.0,2019-02-12
Sistema,10119505.0,2019-02-13
Sistema,10184783.0,2019-02-14
Sistema,10117859.0,2019-02-15
Sistema,9526742.0,2019-02-16
Sistema,8975909.0,2019-02-17
Sistema,9930640.0,2019-02-18
Sistema,9928404.0,2019-02-19
Sistema,9847265.0,2019-02-20
Sistema,9933562.0,2019-02-21
Sistema,9964837.0,2019-02-22
Sistema,9451468.0,2019-02-23
Sistema,8775355.0,2019-02-24
Sistema,9794622.0,2019-02-25
Sistema,9928129.0,2019-02-26
Sistema,9942721.0,2019-02-27
Sistema,9941759.0,2019-02-28
Sistema,9869000.0,2019-03-01
Sistema,9257000.0,2019-03-02
Sistema,8621000.0,2019-03-03
Sistema,9847000.0,2019-03-04
Sistema,9952000.0,2019-03-05
Sistema,9907934.0,2019-03-06
Sistema,9875000.0,2019-03-07
Sistema,9892000.0,2019-03-08
Sistema,9357122.0,2019-03-09
Sistema,8637000.0,2019-03-10
Sistema,9769000.0,2019-03-11
Sistema,9832000.0,2019-03-12
Sistema,9968000.0,2019-03-13
Sistema,9910000.0,2019-03-14
Sistema,9861000.0,2019-03-15
Sistema,9379000.0,2019-03-16
Sistema,8767000.0,2019-03-17
Sistema,9734000.0,2019-03-18
Sistema,9733000.0,2019-03-19
Sistema,9889000.0,2019-03-20
Sistema,9790000.0,2019-03-21
Sistema,9768000.0,2019-03-22
Sistema,9375000.0,2019-03-23
Sistema,8613000.0,2019-03-24
Sistema,9031000.0,2019-03-25
Sistema,9968000.0,2019-03-26
Sistema,9997000.0,2019-03-27
Sistema,10082000.0,2019-03-28
Sistema,9840000.0,2019-03-29
Sistema,9376000.0,2019-03-30
Sistema,8800000.0,2019-03-31
Sistema,9742000.0,2019-04-01
Sistema,9715000.0,2019-04-02
Sistema,9830000.0,2019-04-03
Sistema,9947000.0,2019-04-04
Sistema,9831000.0,2019-04-05
Sistema,9390000.0,2019-04-06
Sistema,8914000.0,2019-04-07
Sistema,9939000.0,2019-04-08
Sistema,10029000.0,2019-04-09
Sistema,9923000.0,2019-04-10
Sistema,10016000.0,2019-04-11
Sistema,9973000.0,2019-04-12
Sistema,9492000.0,2019-04-13
Sistema,8969000.0,2019-04-14
Sistema,9829000.0,2019-04-15
Sistema,9774000.0,2019-04-16
Sistema,9632000.0,2019-04-17
Sistema,8310000.0,2019-04-18
Sistema,8027000.0,2019-04-19
Sistema,8594000.0,2019-04-20
Sistema,8686000.0,2019-04-21
Sistema,9571000.0,2019-04-22
Sistema,9869000.0,2019-04-23
Sistema,9902000.0,2019-04-24
Sistema,10009000.0,2019-04-25
Sistema,9877000.0,2019-04-26
Sistema,9503000.0,2019-04-27
Sistema,9033000.0,2019-04-28
Sistema,10073000.0,2019-04-29
Sistema,9944000.0,2019-04-30
Sistema,9299330.0,2019-05-01
Sistema,10197421.0,2019-05-02
Sistema,10098578.0,2019-05-03
Sistema,9614967.0,2019-05-04
Sistema,8982302.0,2019-05-05
Sistema,10195555.0,2019-05-06
Sistema,10191670.0,2019-05-07
Sistema,10052125.0,2019-05-08
Sistema,9821736.0,2019-05-09
Sistema,9692864.0,2019-05-10
Sistema,9208616.0,2019-05-11
Sistema,8536329.0,2019-05-12
Sistema,9904566.0,2019-05-13
Sistema,10035624.0,2019-05-14
Sistema,9948124.0,2019-05-15
Sistema,10027938.0,2019-05-16
Sistema,10071623.0,2019-05-17
Sistema,9366206.0,2019-05-18
Sistema,8687575.0,2019-05-19
Sistema,9913932.0,2019-05-20
Sistema,9866429.0,2019-05-21
Sistema,10024413.0,2019-05-22
Sistema,9717131.0,2019-05-23
Sistema,9736071.0,2019-05-24
Sistema,9211358.0,2019-05-25
Sistema,8506895.0,2019-05-26
Sistema,9830046.0,2019-05-27
Sistema,9673801.0,2019-05-28
Sistema,9922855.0,2019-05-29
Sistema,9784295.0,2019-05-30
Sistema,9687287.0,2019-05-31
Sistema,9097552.0,2019-06-01
Sistema,8508645.0,2019-06-02
Sistema,9036465.0,2019-06-03
Sistema,9909028.0,2019-06-04
Sistema,10113210.0,2019-06-05
Sistema,9693893.0,2019-06-06
Sistema,9593774.0,2019-06-07
Sistema,9453464.0,2019-06-08
Sistema,8905040.0,2019-06-09
Sistema,9900304.0,2019-06-10
Sistema,9877880.0,2019-06-11
Sistema,10039758.0,2019-06-12
Sistema,9957105.0,2019-06-13
Sistema,9991857.0,2019-06-14
Sistema,9458524.0,2019-06-15
Sistema,8661287.0,2019-06-16
Sistema,10027832.0,2019-06-17
Sistema,10228478.0,2019-06-18
Sistema,10111208.0,2019-06-19
Sistema,10143857.0,2019-06-20
Sistema,10116776.0,2019-06-21
Sistema,9465864.0,2019-06-22
Sistema,8607951.0,2019-06-23
Sistema,8793535.0,2019-06-24
Sistema,9771356.0,2019-06-25
Sistema,9997010.0,2019-06-26
Sistema,10172935.0,2019-06-27
Sistema,9829483.0,2019-06-28
Sistema,9331750.0,2019-06-29
Sistema,8525705.0,2019-06-30
Sistema,8829875.0,2019-07-01
Sistema,9788250.0,2019-07-02
Sistema,9962456.0,2019-07-03
Sistema,9914085.0,2019-07-04
Sistema,9936135.0,2019-07-05
Sistema,9629450.0,2019-07-06
Sistema,8858029.0,2019-07-07
Sistema,9677308.0,2019-07-08
Sistema,9816668.0,2019-07-09
Sistema,9950003.0,2019-07-10
Sistema,10009482.0,2019-07-11
Sistema,9958284.0,2019-07-12
Sistema,9458610.0,2019-07-13
Sistema,8925949.0,2019-07-14
Sistema,9820081.0,2019-07-15
Sistema,9879824.0,2019-07-16
Sistema,10048520.0,2019-07-17
Sistema,10229003.0,2019-07-18
Sistema,10081931.0,2019-07-19
Sistema,9199459.0,2019-07-20
Sistema,9004379.0,2019-07-21
Sistema,10136312.0,2019-07-22
Sistema,9938532.0,2019-07-23
Sistema,9974485.0,2019-07-24
Sistema,9900313.0,2019-07-25
Sistema,9853252.0,2019-07-26
Sistema,9567140.0,2019-07-27
Sistema,8886500.0,2019-07-28
Sistema,10105220.0,2019-07-29
Sistema,10093082.0,2019-07-30
Sistema,10123508.0,2019-07-31
Sistema,9968533.0,2019-08-01
Sistema,10087303.0,2019-08-02
Sistema,9485792.0,2019-08-03
Sistema,8857855.0,2019-08-04
Sistema,9976480.0,2019-08-05
Sistema,9958946.0,2019-08-06
Sistema,9432348.0,2019-08-07
Sistema,10149582.0,2019-08-08
Sistema,10155953.0,2019-08-09
Sistema,9761035.0,2019-08-10
Sistema,9077371.0,2019-08-11
Sistema,10350659.0,2019-08-12
Sistema,10276113.0,2019-08-13
Sistema,10084736.0,2019-08-14
Sistema,9914621.0,2019-08-15
Sistema,9704227.0,2019-08-16
Sistema,9333023.0,2019-08-17
Sistema,8746271.0,2019-08-18
Sistema,9137198.0,2019-08-19
Sistema,10151574.0,2019-08-20
Sistema,10250243.0,2019-08-21
Sistema,10340019.0,2019-08-22
Sistema,10211793.0,2019-08-23
Sistema,9524291.0,2019-08-24
Sistema,9101290.0,2019-08-25
Sistema,10340361.0,2019-08-26
Sistema,10410114.0,2019-08-27
Sistema,10088885.0,2019-08-28
Sistema,10268789.0,2019-08-29
Sistema,10308851.0,2019-08-30
Sistema,9694012.0,2019-08-31
Sistema,9130662.0,2019-09-01
Sistema,9956784.0,2019-09-02
Sistema,10260884.0,2019-09-03
Sistema,10367285.0,2019-09-04
Sistema,10317790.0,2019-09-05
Sistema,10278893.0,2019-09-06
Sistema,9687543.0,2019-09-07
Sistema,9199530.0,2019-09-08
Sistema,10386221.0,2019-09-09
Sistema,10641725.0,2019-09-10
Sistema,10507444.0,2019-09-11
Sistema,10417290.0,2019-09-12
Sistema,10399636.0,2019-09-13
Sistema,9666790.0,2019-09-14
Sistema,9142574.0,2019-09-15
Sistema,10302320.0,2019-09-16
Sistema,10089793.0,2019-09-17
Sistema,10060819.0,2019-09-18
Sistema,9832360.0,2019-09-19
Sistema,9893616.0,2019-09-20
Sistema,9176554.0,2019-09-21
Sistema,8891421.0,2019-09-22
Sistema,9853571.0,2019-09-23
Sistema,10014713.0,2019-09-24
Sistema,10143990.0,2019-09-25
Sistema,10063528.0,2019-09-26
Sistema,10199131.0,2019-09-27
Sistema,9640941.0,2019-09-28
Sistema,8917740.0,2019-09-29
Sistema,9884207.0,2019-09-30
Sistema,9989459.0,2019-10-01
Sistema,10013036.0,2019-10-02
Sistema,9852638.0,2019-10-03
Sistema,9972580.0,2019-10-04
Sistema,9497410.0,2019-10-05
Sistema,8738190.0,2019-10-06
Sistema,9999708.0,2019-10-07
Sistema,9904587.0,2019-10-08
Sistema,9973057.0,2019-10-09
Sistema,9959235.0,2019-10-10
Sistema,9736717.0,2019-10-11
Sistema,9322913.0,2019-10-12
Sistema,8578332.0,2019-10-13
Sistema,9046068.0,2019-10-14
Sistema,9948205.0,2019-10-15
Sistema,9856486.0,2019-10-16
Sistema,10005040.0,2019-10-17
Sistema,10001684.0,2019-10-18
Sistema,9355922.0,2019-10-19
Sistema,8840770.0,2019-10-20
Sistema,9829558.0,2019-10-21
Sistema,9881087.0,2019-10-22
Sistema,9986216.0,2019-10-23
Sistema,9962018.0,2019-10-24
Sistema,9971462.0,2019-10-25
Sistema,9489441.0,2019-10-26
Sistema,8732226.0,2019-10-27
Sistema,10204156.0,2019-10-28
Sistema,10277330.0,2019-10-29
Sistema,10254195.0,2019-10-30
Sistema,9842298.0,2019-10-31
Sistema,10151329.0,2019-11-01
Sistema,9607856.0,2019-11-02
Sistema,8830513.0,2019-11-03
Sistema,9253991.0,2019-11-04
Sistema,10104623.0,2019-11-05
Sistema,10150398.0,2019-11-06
Sistema,10215042.0,2019-11-07
Sistema,10338390.0,2019-11-08
Sistema,9689436.0,2019-11-09
Sistema,8928014.0,2019-11-10
Sistema,9244538.0,2019-11-11
Sistema,10080436.0,2019-11-12
Sistema,9922891.0,2019-11-13
Sistema,10149898.0,2019-11-14
Sistema,10073623.0,2019-11-15
Sistema,9564530.0,2019-11-16
Sistema,9130385.0,2019-11-17
Sistema,10144105.0,2019-11-18
Sistema,10104714.0,2019-11-19
Sistema,10145160.0,2019-11-20
Sistema,9708758.0,2019-11-21
Sistema,9718255.0,2019-11-22
Sistema,9537868.0,2019-11-23
Sistema,9000641.0,2019-11-24
Sistema,10296906.0,2019-11-25
Sistema,10367798.0,2019-11-26
Sistema,10540619.0,2019-11-27
Sistema,10523520.0,2019-11-28
Sistema,10204159.0,2019-11-29
Sistema,9663780.0,2019-11-30
Sistema,9218090.0,2019-12-01
Sistema,10400365.0,2019-12-02
Sistema,10425187.0,2019-12-03
Sistema,10357031.0,2019-12-04
Sistema,10536450.0,2019-12-05
Sistema,10430393.0,2019-12-06
Sistema,9668266.0,2019-12-07
Sistema,8889130.0,2019-12-08
Sistema,10326718.0,2019-12-09
Sistema,10439849.0,2019-12-10
Sistema,10382466.0,2019-12-11
Sistema,10228136.0,2019-12-12
Sistema,10109154.0,2019-12-13
Sistema,9614770.0,2019-12-14
Sistema,9033994.0,2019-12-15
Sistema,10255290.0,2019-12-16
Sistema,10208484.0,2019-12-17
Sistema,10237086.0,2019-12-18
Sistema,10249275.0,2019-12-19
Sistema,10174790.0,2019-12-20
Sistema,9561099.0,2019-12-21
Sistema,9071186.0,2019-12-22
Sistema,9847434.0,2019-12-23
Sistema,9322264.0,2019-12-24
Sistema,8363993.0,2019-12-25
Sistema,9957840.0,2019-12-26
Sistema,9776926.0,2019-12-27
Sistema,9513855.0,2019-12-28
Sistema,8916908.0,2019-12-29
Sistema,9459647.0,2019-12-30
Sistema,8762627.0,2019-12-31
Sistema,7949398.0,2020-01-01
Sistema,9364610.0,2020-01-02
Sistema,9685754.0,2020-01-03
Sistema,9482863.0,2020-01-04
Sistema,8699611.0,2020-01-05
Sistema,9043392.0,2020-01-06
Sistema,9880363.0,2020-01-07
Sistema,9980400.0,2020-01-08
Sistema,9997489.0,2020-01-09
Sistema,9978024.0,2020-01-10
Sistema,9648046.0,2020-01-11
Sistema,9055407.0,2020-01-12
Sistema,10226325.0,2020-01-13
Sistema,10133718.0,2020-01-14
Sistema,10224886.0,2020-01-15
Sistema,10269037.0,2020-01-16
Sistema,10348708.0,2020-01-17
Sistema,9979568.0,2020-01-18
Sistema,9701740.0,2020-01-19
Sistema,10387222.0,2020-01-20
Sistema,10201821.0,2020-01-21
Sistema,10129537.0,2020-01-22
Sistema,10273415.0,2020-01-23
Sistema,10229371.0,2020-01-24
Sistema,9837938.0,2020-01-25
Sistema,9302485.0,2020-01-26
Sistema,10216019.0,2020-01-27
Sistema,10305481.0,2020-01-28
Sistema,10293966.0,2020-01-29
Sistema,10400116.0,2020-01-30
Sistema,10429780.0,2020-01-31
Sistema,9822004.0,2020-02-01
Sistema,9221851.0,2020-02-02
Sistema,10310955.0,2020-02-03
Sistema,10325285.0,2020-02-04
Sistema,10360139.0,2020-02-05
Sistema,10389973.0,2020-02-06
Sistema,10370145.0,2020-02-07
Sistema,9762492.0,2020-02-08
Sistema,9225370.0,2020-02-09
Sistema,10281609.0,2020-02-10
Sistema,10340772.0,2020-02-11
Sistema,10430581.0,2020-02-12
Sistema,10434059.0,2020-02-13
Sistema,10228898.0,2020-02-14
Sistema,9858338.0,2020-02-15
Sistema,9299081.0,2020-02-16
Sistema,10349827.0,2020-02-17
Sistema,10538876.0,2020-02-18
Sistema,10498883.0,2020-02-19
Sistema,10416939.0,2020-02-20
Sistema,10267992.0,2020-02-21
Sistema,9549021.0,2020-02-22
Sistema,8968010.0,2020-02-23
Sistema,9952440.0,2020-02-24
Sistema,10132486.0,2020-02-25
Sistema,10138196.0,2020-02-26
Sistema,10184279.0,2020-02-27
Sistema,10202144.0,2020-02-28
Sistema,9722410.0,2020-02-29
Sistema,9246345.0,2020-03-01
Sistema,10260980.0,2020-03-02
Sistema,10368006.0,2020-03-03
Sistema,10462765.0,2020-03-04
Sistema,10511692.0,2020-03-05
Sistema,10452207.0,2020-03-06
Sistema,9849847.0,2020-03-07
Sistema,9095770.0,2020-03-08
Sistema,10213136.0,2020-03-09
Sistema,10313275.0,2020-03-10
Sistema,10238704.0,2020-03-11
Sistema,10252807.0,2020-03-12
Sistema,10181036.0,2020-03-13
Sistema,9788767.0,2020-03-14
Sistema,9157373.0,2020-03-15
Sistema,10025804.0,2020-03-16
Sistema,9825532.0,2020-03-17
Sistema,9933010.0,2020-03-18
Sistema,9825834.0,2020-03-19
Sistema,9186922.0,2020-03-20
Sistema,8765835.0,2020-03-21
Sistema,8741989.0,2020-03-22
Sistema,8926035.0,2020-03-23
Sistema,8898558.0,2020-03-24
Sistema,8796901.0,2020-03-25
Sistema,8850501.0,2020-03-26
Sistema,8878127.0,2020-03-27
Sistema,8742196.0,2020-03-28
Sistema,8537527.0,2020-03-29
Sistema,8768842.0,2020-03-30
Sistema,8640489.0,2020-03-31
Sistema,8606909.0,2020-04-01
Sistema,8725599.0,2020-04-02
Sistema,8737325.0,2020-04-03
Sistema,8623443.0,2020-04-04
Sistema,8562290.0,2020-04-05
Sistema,8697388.0,2020-04-06
Sistema,8756905.0,2020-04-07
Sistema,8651290.0,2020-04-08
Sistema,8559033.0,2020-04-09
Sistema,8278895.0,2020-04-10
Sistema,8153385.0,2020-04-11
Sistema,8283622.0,2020-04-12
Sistema,8755016.0,2020-04-13
Sistema,8729497.0,2020-04-14
Sistema,8628114.0,2020-04-15
Sistema,8746853.0,2020-04-16
Sistema,8759770.0,2020-04-17
Sistema,8407774.0,2020-04-18
Sistema,8197473.0,2020-04-19
Sistema,8857090.0,2020-04-20
Sistema,8691748.0,2020-04-21
Sistema,8769466.0,2020-04-22
Sistema,8816129.0,2020-04-23
Sistema,8830296.0,2020-04-24
Sistema,8664230.0,2020-04-25
Sistema,8498717.0,2020-04-26
Sistema,9055859.0,2020-04-27
Sistema,8959206.0,2020-04-28
Sistema,9000781.0,2020-04-29
Sistema,8911841.0,2020-04-30
Sistema,8502598.0,2020-05-01
Sistema,8465401.0,2020-05-02
Sistema,8233305.0,2020-05-03
Sistema,9020727.0,2020-05-04
Sistema,9149456.0,2020-05-05
Sistema,9251929.0,2020-05-06
Sistema,9157620.0,2020-05-07
Sistema,9167387.0,2020-05-08
Sistema,8808960.0,2020-05-09
Sistema,8217595.0,2020-05-10
Sistema,9275039.0,2020-05-11
Sistema,9087668.0,2020-05-12
Sistema,9102707.0,2020-05-13
Sistema,9166611.0,2020-05-14
Sistema,9145333.0,2020-05-15
Sistema,8947824.0,2020-05-16
Sistema,8343319.0,2020-05-17
Sistema,9123468.0,2020-05-18
Sistema,9056438.0,2020-05-19
Sistema,9367402.0,2020-05-20
Sistema,9354364.0,2020-05-21
Sistema,9188038.0,2020-05-22
Sistema,8976585.0,2020-05-23
Sistema,8376351.0,2020-05-24
Sistema,8645743.0,2020-05-25
Sistema,9295268.0,2020-05-26
Sistema,9089334.0,2020-05-27
Sistema,9076452.0,2020-05-28
Sistema,9079391.0,2020-05-29
Sistema,8406491.0,2020-05-30
Sistema,7976177.0,2020-05-31
Sistema,9071406.0,2020-06-01
Sistema,9150010.0,2020-06-02
Sistema,9165034.0,2020-06-03
Sistema,9378088.0,2020-06-04
Sistema,9382126.0,2020-06-05
Sistema,8680817.0,2020-06-06
Sistema,8363841.0,2020-06-07
Sistema,9405636.0,2020-06-08
Sistema,9138652.0,2020-06-09
Sistema,8977714.0,2020-06-10
Sistema,9151958.0,2020-06-11
Sistema,9129449.0,2020-06-12
Sistema,8849146.0,2020-06-13
Sistema,8315189.0,2020-06-14
Sistema,8631932.0,2020-06-15
Sistema,9421431.0,2020-06-16
Sistema,9307840.0,2020-06-17
Sistema,9359642.0,2020-06-18
Sistema,9527269.0,2020-06-19
Sistema,8866328.0,2020-06-20
Sistema,8146274.0,2020-06-21
Sistema,8735789.0,2020-06-22
Sistema,9438749.0,2020-06-23
Sistema,9126923.0,2020-06-24
Sistema,9546695.0,2020-06-25
Sistema,9398539.0,2020-06-26
Sistema,8953890.0,2020-06-27
Sistema,8232534.0,2020-06-28
Sistema,8834966.0,2020-06-29
Sistema,9555864.0,2020-06-30
Sistema,9459957.0,2020-07-01
Sistema,9285835.0,2020-07-02
Sistema,9569557.0,2020-07-03
Sistema,8968910.0,2020-07-04
Sistema,8435760.0,2020-07-05
Sistema,9487227.0,2020-07-06
Sistema,9222874.0,2020-07-07
Sistema,9312104.0,2020-07-08
Sistema,9511070.0,2020-07-09
Sistema,9535119.0,2020-07-10
Sistema,8864206.0,2020-07-11
Sistema,8425202.0,2020-07-12
Sistema,9641747.0,2020-07-13
Sistema,9566216.0,2020-07-14
Sistema,10133010.0,2020-07-15
Sistema,9577367.0,2020-07-16
Sistema,9689711.0,2020-07-17
Sistema,9209754.0,2020-07-18
Sistema,8731597.0,2020-07-19
Sistema,8903862.0,2020-07-20
Sistema,9459078.0,2020-07-21
Sistema,9544629.0,2020-07-22
Sistema,9557456.0,2020-07-23
Sistema,9418833.0,2020-07-24
Sistema,8812047.0,2020-07-25
Sistema,8627479.0,2020-07-26
Sistema,9580713.0,2020-07-27
Sistema,9763021.0,2020-07-28
Sistema,9659930.0,2020-07-29
Sistema,9696967.0,2020-07-30
Sistema,9630338.0,2020-07-31
Sistema,9260032.0,2020-08-01
Sistema,8785871.0,2020-08-02
Sistema,9595943.0,2020-08-03
Sistema,9667156.0,2020-08-04
Sistema,9728700.0,2020-08-05
Sistema,9571153.0,2020-08-06
Sistema,9228571.0,2020-08-07
Sistema,9204754.0,2020-08-08
Sistema,8847022.0,2020-08-09
Sistema,9719920.0,2020-08-10
Sistema,9829906.0,2020-08-11
Sistema,9876255.0,2020-08-12
Sistema,9665530.0,2020-08-13
Sistema,9628099.0,2020-08-14
Sistema,9276921.0,2020-08-15
Sistema,8554515.0,2020-08-16
Sistema,8896404.0,2020-08-17
Sistema,9702768.0,2020-08-18
Sistema,9554268.0,2020-08-19
Sistema,9627595.0,2020-08-20
Sistema,9552589.0,2020-08-21
Sistema,9035078.0,2020-08-22
Sistema,8440541.0,2020-08-23
Sistema,9603818.0,2020-08-24
Sistema,9515846.0,2020-08-25
Sistema,9520577.0,2020-08-26
Sistema,9731078.0,2020-08-27
Sistema,9733199.0,2020-08-28
Sistema,9110317.0,2020-08-29
Sistema,8529562.0,2020-08-30
Sistema,9674525.0,2020-08-31
Sistema,9658347.0,2020-09-01
Sistema,9549821.0,2020-09-02
Sistema,9755903.0,2020-09-03
Sistema,9805072.0,2020-09-04
Sistema,9523640.0,2020-09-05
Sistema,8652865.0,2020-09-06
Sistema,9749442.0,2020-09-07
Sistema,9606265.0,2020-09-08
Sistema,9632044.0,2020-09-09
Sistema,9934588.0,2020-09-10
Sistema,9904412.0,2020-09-11
Sistema,9416970.0,2020-09-12
Sistema,8744307.0,2020-09-13
Sistema,9907989.0,2020-09-14
Sistema,9854668.0,2020-09-15
Sistema,9639881.0,2020-09-16
Sistema,9851305.0,2020-09-17
Sistema,9775940.0,2020-09-18
Sistema,9317564.0,2020-09-19
Sistema,8716418.0,2020-09-20
Sistema,9673688.0,2020-09-21
Sistema,10023859.0,2020-09-22
Sistema,9920157.0,2020-09-23
Sistema,9730586.0,2020-09-24
Sistema,9849961.0,2020-09-25
Sistema,9288946.0,2020-09-26
Sistema,8539630.0,2020-09-27
Sistema,9725322.0,2020-09-28
Sistema,9941904.0,2020-09-29
Sistema,9760983.0,2020-09-30
Sistema,9883760.0,2020-10-01
Sistema,9746154.0,2020-10-02
Sistema,9138629.0,2020-10-03
Sistema,8520593.0,2020-10-04
Sistema,9776027.0,2020-10-05
Sistema,9863061.0,2020-10-06
Sistema,9860252.0,2020-10-07
Sistema,9805639.0,2020-10-08
Sistema,9906743.0,2020-10-09
Sistema,9307714.0,2020-10-10
Sistema,8809875.0,2020-10-11
Sistema,9170685.0,2020-10-12
Sistema,9937069.0,2020-10-13
Sistema,9893252.0,2020-10-14
Sistema,10096123.0,2020-10-15
Sistema,10159555.0,2020-10-16
Sistema,9504055.0,2020-10-17
Sistema,8643719.0,2020-10-18
Sistema,9744569.0,2020-10-19
Sistema,9887755.0,2020-10-20
Sistema,10028114.0,2020-10-21
Sistema,10100998.0,2020-10-22
Sistema,9915525.0,2020-10-23
Sistema,9331624.0,2020-10-24
Sistema,8815322.0,2020-10-25
Sistema,10082197.0,2020-10-26
Sistema,10190813.0,2020-10-27
Sistema,9994691.0,2020-10-28
Sistema,10070775.0,2020-10-29
Sistema,9969557.0,2020-10-30
Sistema,9151980.0,2020-10-31
Sistema,8369515.0,2020-11-01
Sistema,9113397.0,2020-11-02
Sistema,9962386.0,2020-11-03
Sistema,10098048.0,2020-11-04
Sistema,9976585.0,2020-11-05
Sistema,9910081.0,2020-11-06
Sistema,9468985.0,2020-11-07
Sistema,8939448.0,2020-11-08
Sistema,9928639.0,2020-11-09
Sistema,10017479.0,2020-11-10
Sistema,9888465.0,2020-11-11
Sistema,9942428.0,2020-11-12
Sistema,9859464.0,2020-11-13
Sistema,9245118.0,2020-11-14
Sistema,8689634.0,2020-11-15
Sistema,9184590.0,2020-11-16
Sistema,9875803.0,2020-11-17
Sistema,9817394.0,2020-11-18
Sistema,9962654.0,2020-11-19
Sistema,10051018.0,2020-11-20
Sistema,9602122.0,2020-11-21
Sistema,8961442.0,2020-11-22
Sistema,10109117.0,2020-11-23
Sistema,10191891.0,2020-11-24
Sistema,10142162.0,2020-11-25
Sistema,10091960.0,2020-11-26
Sistema,9916022.0,2020-11-27
Sistema,9368881.0,2020-11-28
Sistema,8921654.0,2020-11-29
Sistema,10077041.0,2020-11-30
Sistema,10046333.0,2020-12-01
Sistema,10027220.0,2020-12-02
Sistema,10106234.0,2020-12-03
Sistema,10155237.0,2020-12-04
Sistema,9729170.0,2020-12-05
Sistema,9205801.0,2020-12-06
Sistema,9930634.0,2020-12-07
Sistema,9293983.0,2020-12-08
Sistema,10199736.0,2020-12-09
Sistema,10300089.0,2020-12-10
Sistema,10224829.0,2020-12-11
Sistema,9751943.0,2020-12-12
Sistema,9083584.0,2020-12-13
Sistema,10200102.0,2020-12-14
Sistema,10137208.0,2020-12-15
Sistema,10240801.0,2020-12-16
Sistema,10104479.0,2020-12-17
Sistema,10034899.0,2020-12-18
Sistema,9644131.0,2020-12-19
Sistema,9076764.0,2020-12-20
Sistema,10107205.0,2020-12-21
Sistema,10025387.0,2020-12-22
Sistema,9875470.0,2020-12-23
Sistema,9036139.0,2020-12-24
Sistema,7968091.0,2020-12-25
Sistema,8968185.0,2020-12-26
Sistema,8744031.0,2020-12-27
Sistema,9624651.0,2020-12-28
Sistema,9541435.0,2020-12-29
Sistema,9415311.0,2020-12-30
Sistema,8677840.0,2020-12-31
Sistema,7754809.0,2021-01-01
Sistema,8543129.0,2021-01-02
Sistema,8494785.0,2021-01-03
Sistema,9541431.0,2021-01-04
Sistema,9717823.0,2021-01-05
Sistema,9751720.0,2021-01-06
Sistema,9757275.0,2021-01-07
Sistema,9539235.0,2021-01-08
Sistema,9064136.0,2021-01-09
Sistema,8570226.0,2021-01-10
Sistema,8916493.0,2021-01-11
Sistema,9749965.0,2021-01-12
Sistema,9875818.0,2021-01-13
Sistema,9936066.0,2021-01-14
Sistema,9796538.0,2021-01-15
Sistema,9449002.0,2021-01-16
Sistema,8823760.0,2021-01-17
Sistema,9877285.0,2021-01-18
Sistema,9948281.0,2021-01-19
Sistema,9923728.0,2021-01-20
Sistema,9915100.0,2021-01-21
Sistema,9943066.0,2021-01-22
Sistema,9457090.0,2021-01-23
Sistema,8838228.0,2021-01-24
Sistema,9794481.0,2021-01-25
Sistema,9958057.0,2021-01-26
Sistema,10019349.0,2021-01-27
Sistema,9974546.0,2021-01-28
Sistema,9900658.0,2021-01-29
Sistema,9463700.0,2021-01-30
Sistema,8878661.0,2021-01-31
Sistema,9922837.0,2021-02-01
Sistema,9902359.0,2021-02-02
Sistema,10026172.0,2021-02-03
Sistema,10127620.0,2021-02-04
Sistema,10037783.0,2021-02-05
Sistema,9618027.0,2021-02-06
Sistema,9002795.0,2021-02-07
Sistema,9998611.0,2021-02-08
Sistema,10080609.0,2021-02-09
Sistema,9972488.0,2021-02-10
Sistema,10101545.0,2021-02-11
Sistema,10037694.0,2021-02-12
Sistema,9490928.0,2021-02-13
Sistema,8886597.0,2021-02-14
Sistema,9943895.0,2021-02-15
Sistema,9964269.0,2021-02-16
Sistema,9952758.0,2021-02-17
Sistema,10071234.0,2021-02-18
Sistema,9966119.0,2021-02-19
Sistema,9559785.0,2021-02-20
Sistema,8895979.0,2021-02-21
Sistema,9827339.0,2021-02-22
Sistema,10133320.0,2021-02-23
Sistema,10151870.0,2021-02-24
Sistema,10140842.0,2021-02-25
Sistema,10070217.0,2021-02-26
Sistema,9500228.0,2021-02-27
Sistema,8738648.0,2021-02-28
Sistema,9843221.0,2021-03-01
Sistema,9810135.0,2021-03-02
Sistema,9844996.0,2021-03-03
Sistema,9939985.0,2021-03-04
Sistema,10048454.0,2021-03-05
Sistema,9562265.0,2021-03-06
Sistema,8918022.0,2021-03-07
Sistema,9867183.0,2021-03-08
Sistema,9957634.0,2021-03-09
Sistema,9927524.0,2021-03-10
Sistema,9989185.0,2021-03-11
Sistema,9979973.0,2021-03-12
Sistema,9531792.0,2021-03-13
Sistema,8872578.0,2021-03-14
Sistema,9944479.0,2021-03-15
Sistema,9822548.0,2021-03-16
Sistema,10005941.0,2021-03-17
Sistema,9991528.0,2021-03-18
Sistema,10024744.0,2021-03-19
Sistema,9559388.0,2021-03-20
Sistema,8963640.0,2021-03-21
Sistema,9044345.0,2021-03-22
Sistema,9994468.0,2021-03-23
Sistema,10005042.0,2021-03-24
Sistema,10115736.0,2021-03-25
Sistema,10118155.0,2021-03-26
Sistema,9659761.0,2021-03-27
Sistema,9017585.0,2021-03-28
Sistema,10090166.0,2021-03-29
Sistema,10130765.0,2021-03-30
Sistema,9744324.0,2021-03-31
Sistema,8788544.0,2021-04-01
Sistema,8275640.0,2021-04-02
Sistema,8833444.0,2021-04-03
Sistema,8816581.0,2021-04-04
Sistema,9893619.0,2021-04-05
Sistema,9973168.0,2021-04-06
Sistema,9914650.0,2021-04-07
Sistema,9988427.0,2021-04-08
Sistema,9847102.0,2021-04-09
Sistema,9466330.0,2021-04-10
Sistema,9200986.0,2021-04-11
Sistema,9965438.0,2021-04-12
Sistema,10101438.0,2021-04-13
Sistema,10043013.0,2021-04-14
Sistema,9994356.0,2021-04-15
Sistema,9935423.0,2021-04-16
Sistema,9682436.0,2021-04-17
Sistema,8960250.0,2021-04-18
Sistema,10179300.0,2021-04-19
Sistema,10190149.0,2021-04-20
Sistema,10167838.0,2021-04-21
Sistema,10183177.0,2021-04-22
Sistema,10051232.0,2021-04-23
Sistema,9696538.0,2021-04-24
Sistema,9257233.0,2021-04-25
Sistema,10030787.0,2021-04-26
Sistema,9805651.0,2021-04-27
Sistema,9336719.0,2021-04-28
Sistema,9529614.0,2021-04-29
Sistema,9216753.0,2021-04-30
Sistema,8612124.0,2021-05-01
Sistema,8501135.0,2021-05-02
Sistema,9231363.0,2021-05-03
Sistema,9231651.0,2021-05-04
Sistema,9102635.0,2021-05-05
Sistema,9152445.0,2021-05-06
Sistema,9306177.0,2021-05-07
Sistema,8944309.0,2021-05-08
Sistema,8431464.0,2021-05-09
Sistema,9471188.0,2021-05-10
Sistema,9649451.0,2021-05-11
Sistema,9664890.0,2021-05-12
Sistema,9806340.0,2021-05-13
Sistema,9938953.0,2021-05-14
Sistema,9370848.0,2021-05-15
Sistema,8737151.0,2021-05-16
Sistema,8895166.0,2021-05-17
Sistema,9541668.0,2021-05-18
Sistema,9803011.0,2021-05-19
Sistema,10028719.0,2021-05-20
Sistema,10040071.0,2021-05-21
Sistema,9521383.0,2021-05-22
Sistema,8875816.0,2021-05-23
Sistema,9929751.0,2021-05-24
Sistema,9925862.0,2021-05-25
Sistema,10057811.0,2021-05-26
Sistema,9925795.0,2021-05-27
Sistema,9702310.0,2021-05-28
Sistema,9222976.0,2021-05-29
Sistema,8706841.0,2021-05-30
Sistema,9875706.0,2021-05-31
Sistema,9745803.0,2021-06-01
Sistema,9830527.0,2021-06-02
Sistema,10125098.0,2021-06-03
Sistema,9923130.0,2021-06-04
Sistema,9544948.0,2021-06-05
Sistema,8811765.0,2021-06-06
Sistema,8950543.0,2021-06-07
Sistema,9752097.0,2021-06-08
Sistema,9598487.0,2021-06-09
Sistema,9959515.0,2021-06-10
Sistema,10036228.0,2021-06-11
Sistema,9540841.0,2021-06-12
Sistema,8908630.0,2021-06-13
Sistema,9055469.0,2021-06-14
Sistema,9871472.0,2021-06-15
Sistema,10037595.0,2021-06-16
Sistema,10250092.0,2021-06-17
Sistema,10048979.0,2021-06-18
Sistema,9660382.0,2021-06-19
Sistema,8958580.0,2021-06-20
Sistema,10027286.0,2021-06-21
Sistema,9983074.0,2021-06-22
Sistema,10093741.0,2021-06-23
Sistema,9554952.0,2021-06-24
Sistema,9904729.0,2021-06-25
Sistema,9431186.0,2021-06-26
Sistema,8823985.0,2021-06-27
Sistema,10035675.0,2021-06-28
Sistema,10210742.0,2021-06-29
Sistema,10027031.0,2021-06-30
Sistema,9921273.0,2021-07-01
Sistema,10112038.0,2021-07-02
Sistema,9531926.0,2021-07-03
Sistema,8662300.0,2021-07-04
Sistema,9301105.0,2021-07-05
Sistema,10206842.0,2021-07-06
Sistema,10162904.0,2021-07-07
Sistema,10247830.0,2021-07-08
Sistema,10081069.0,2021-07-09
Sistema,9692463.0,2021-07-10
Sistema,9044020.0,2021-07-11
Sistema,10211347.0,2021-07-12
Sistema,10220432.0,2021-07-13
Sistema,10288002.0,2021-07-14
Sistema,10337389.0,2021-07-15
Sistema,10304981.0,2021-07-16
Sistema,9828760.0,2021-07-17
Sistema,9193725.0,2021-07-18
Sistema,10278359.0,2021-07-19
Sistema,9791952.0,2021-07-20
Sistema,10489302.0,2021-07-21
Sistema,10477787.0,2021-07-22
Sistema,10510291.0,2021-07-23
Sistema,9676534.0,2021-07-24
Sistema,8893690.0,2021-07-25
Sistema,10115886.0,2021-07-26
Sistema,10074681.0,2021-07-27
Sistema,10295449.0,2021-07-28
Sistema,10263922.0,2021-07-29
Sistema,10325698.0,2021-07-30
Sistema,9940733.0,2021-07-31
Sistema,9194439.0,2021-08-01
Sistema,10002805.0,2021-08-02
Sistema,9972506.0,2021-08-03
Sistema,10278580.0,2021-08-04
Sistema,10306109.0,2021-08-05
Sistema,10210349.0,2021-08-06
Sistema,9552789.0,2021-08-07
Sistema,9182143.0,2021-08-08
Sistema,10323924.0,2021-08-09
Sistema,10358767.0,2021-08-10
Sistema,10250210.0,2021-08-11
Sistema,10275192.0,2021-08-12
Sistema,10141447.0,2021-08-13
Sistema,9671280.0,2021-08-14
Sistema,8814591.0,2021-08-15
Sistema,9151919.0,2021-08-16
Sistema,10007134.0,2021-08-17
Sistema,10234087.0,2021-08-18
Sistema,10082413.0,2021-08-19
Sistema,10094359.0,2021-08-20
Sistema,9723397.0,2021-08-21
Sistema,9229926.0,2021-08-22
Sistema,10321593.0,2021-08-23
Sistema,10128617.0,2021-08-24
Sistema,10183659.0,2021-08-25
Sistema,10214020.0,2021-08-26
Sistema,10193729.0,2021-08-27
Sistema,9947072.0,2021-08-28
Sistema,9269560.0,2021-08-29
Sistema,9899676.0,2021-08-30
Sistema,9969952.0,2021-08-31
Sistema,10154263.0,2021-09-01
Sistema,10560132.0,2021-09-02
Sistema,10501224.0,2021-09-03
Sistema,9795935.0,2021-09-04
Sistema,9064964.0,2021-09-05
Sistema,10103256.0,2021-09-06
Sistema,10191103.0,2021-09-07
Sistema,10396164.0,2021-09-08
Sistema,10617472.0,2021-09-09
Sistema,10519983.0,2021-09-10
Sistema,9759839.0,2021-09-11
Sistema,9136758.0,2021-09-12
Sistema,10280386.0,2021-09-13
Sistema,10327173.0,2021-09-14
Sistema,10354643.0,2021-09-15
Sistema,10378156.0,2021-09-16
Sistema,10660757.0,2021-09-17
Sistema,10044333.0,2021-09-18
Sistema,9220628.0,2021-09-19
Sistema,10451911.0,2021-09-20
Sistema,10545986.0,2021-09-21
Sistema,10315223.0,2021-09-22
Sistema,10461780.0,2021-09-23
Sistema,10449230.0,2021-09-24
Sistema,10013410.0,2021-09-25
Sistema,9570246.0,2021-09-26
Sistema,10710389.0,2021-09-27
Sistema,10344497.0,2021-09-28
Sistema,10334331.0,2021-09-29
Sistema,10243057.0,2021-09-30
Sistema,10241187.0,2021-10-01
Sistema,9959013.0,2021-10-02
Sistema,9388579.0,2021-10-03
Sistema,10468898.0,2021-10-04
Sistema,10440316.0,2021-10-05
Sistema,10524956.0,2021-10-06
Sistema,10814564.0,2021-10-07
Sistema,10484511.0,2021-10-08
Sistema,9943824.0,2021-10-09
Sistema,9338815.0,2021-10-10
Sistema,10288206.0,2021-10-11
Sistema,10486507.0,2021-10-12
Sistema,10362761.0,2021-10-13
Sistema,10641950.0,2021-10-14
Sistema,10530018.0,2021-10-15
Sistema,9790974.0,2021-10-16
Sistema,8925333.0,2021-10-17
Sistema,9555920.0,2021-10-18
Sistema,10421108.0,2021-10-19
Sistema,10500960.0,2021-10-20
Sistema,10491739.0,2021-10-21
Sistema,10473954.0,2021-10-22
Sistema,10026869.0,2021-10-23
Sistema,9336984.0,2021-10-24
Sistema,10377506.0,2021-10-25
Sistema,10534425.0,2021-10-26
Sistema,10445794.0,2021-10-27
Sistema,10519224.0,2021-10-28
Sistema,10192281.0,2021-10-29
Sistema,9759153.0,2021-10-30
Sistema,8677240.0,2021-10-31
Sistema,9312929.0,2021-11-01
Sistema,10333195.0,2021-11-02
Sistema,10352109.0,2021-11-03
Sistema,10410605.0,2021-11-04
Sistema,10673300.0,2021-11-05
Sistema,10291945.0,2021-11-06
Sistema,9641851.0,2021-11-07
Sistema,10615877.0,2021-11-08
Sistema,10548044.0,2021-11-09
Sistema,10578824.0,2021-11-10
Sistema,10708771.0,2021-11-11
Sistema,10581313.0,2021-11-12
Sistema,10159382.0,2021-11-13
Sistema,9295908.0,2021-11-14
Sistema,9658806.0,2021-11-15
Sistema,10740310.0,2021-11-16
Sistema,10607312.0,2021-11-17
Sistema,10664748.0,2021-11-18
Sistema,10555883.0,2021-11-19
Sistema,10233800.0,2021-11-20
Sistema,9437487.0,2021-11-21
Sistema,10447779.0,2021-11-22
Sistema,10315074.0,2021-11-23
Sistema,10295713.0,2021-11-24
Sistema,10379252.0,2021-11-25
Sistema,10205451.0,2021-11-26
Sistema,9934858.0,2021-11-27
Sistema,9419912.0,2021-11-28
Sistema,10383081.0,2021-11-29
Sistema,10462375.0,2021-11-30
Sistema,10477809.0,2021-12-01
Sistema,10597533.0,2021-12-02
Sistema,10575576.0,2021-12-03
Sistema,10112549.0,2021-12-04
Sistema,9444026.0,2021-12-05
Sistema,10609755.0,2021-12-06
Sistema,10340054.0,2021-12-07
Sistema,9705240.0,2021-12-08
Sistema,10596180.0,2021-12-09
Sistema,10472582.0,2021-12-10
Sistema,9995971.0,2021-12-11
Sistema,9297359.0,2021-12-12
Sistema,10350444.0,2021-12-13
Sistema,10415116.0,2021-12-14
Sistema,10535045.0,2021-12-15
Sistema,10545235.0,2021-12-16
Sistema,10420016.0,2021-12-17
Sistema,9866901.0,2021-12-18
Sistema,9339060.0,2021-12-19
Sistema,10437781.0,2021-12-20
Sistema,10360762.0,2021-12-21
Sistema,10339685.0,2021-12-22
Sistema,10122058.0,2021-12-23
Sistema,9489584.0,2021-12-24
Sistema,8521623.0,2021-12-25
Sistema,9158103.0,2021-12-26
Sistema,10136854.0,2021-12-27
Sistema,10118716.0,2021-12-28
Sistema,10077591.0,2021-12-29
Sistema,9774952.0,2021-12-30
Sistema,9115384.0,2021-12-31
Sistema,8181355.0,2022-01-01
Sistema,8804212.0,2022-01-02
Sistema,9867135.0,2022-01-03
Sistema,10061382.0,2022-01-04
Sistema,10175682.0,2022-01-05
Sistema,10185709.0,2022-01-06
Sistema,10144705.0,2022-01-07
Sistema,9727327.0,2022-01-08
Sistema,8996655.0,2022-01-09
Sistema,9258272.0,2022-01-10
Sistema,10043294.0,2022-01-11
Sistema,10229171.0,2022-01-12
Sistema,10280906.0,2022-01-13
Sistema,10197514.0,2022-01-14
Sistema,9814208.0,2022-01-15
Sistema,9355038.0,2022-01-16
Sistema,10316439.0,2022-01-17
Sistema,10372257.0,2022-01-18
Sistema,10490318.0,2022-01-19
Sistema,10517612.0,2022-01-20
Sistema,10614776.0,2022-01-21
Sistema,10022001.0,2022-01-22
Sistema,9394906.0,2022-01-23
Sistema,10432397.0,2022-01-24
Sistema,10445246.0,2022-01-25
Sistema,10457051.0,2022-01-26
Sistema,10574206.0,2022-01-27
Sistema,10464110.0,2022-01-28
Sistema,9872899.0,2022-01-29
Sistema,9163724.0,2022-01-30
Sistema,10275299.0,2022-01-31
Sistema,10493607.0,2022-02-01
Sistema,10460723.0,2022-02-02
Sistema,10574680.0,2022-02-03
Sistema,10458934.0,2022-02-04
Sistema,9853384.0,2022-02-05
Sistema,9216155.0,2022-02-06
Sistema,10258189.0,2022-02-07
Sistema,10180267.0,2022-02-08
Sistema,10358864.0,2022-02-09
Sistema,10307866.0,2022-02-10
Sistema,10413590.0,2022-02-11
Sistema,10046811.0,2022-02-12
Sistema,9472147.0,2022-02-13
Sistema,10295161.0,2022-02-14
Sistema,10246907.0,2022-02-15
Sistema,10356362.0,2022-02-16
Sistema,10527423.0,2022-02-17
Sistema,10320846.0,2022-02-18
Sistema,9862927.0,2022-02-19
Sistema,9150600.0,2022-02-20
Sistema,10350216.0,2022-02-21
Sistema,10525235.0,2022-02-22
Sistema,10565514.0,2022-02-23
Sistema,10483938.0,2022-02-24
Sistema,10408767.0,2022-02-25
Sistema,9823505.0,2022-02-26
Sistema,9193025.0,2022-02-27
Sistema,10109023.0,2022-02-28
Sistema,10311199.0,2022-03-01
Sistema,10121599.0,2022-03-02
Sistema,10292357.0,2022-03-03
Sistema,10406637.0,2022-03-04
Sistema,9916882.0,2022-03-05
Sistema,9024332.0,2022-03-06
Sistema,10322615.0,2022-03-07
Sistema,10399350.0,2022-03-08
Sistema,10395556.0,2022-03-09
Sistema,10364528.0,2022-03-10
Sistema,10304873.0,2022-03-11
Sistema,9909496.0,2022-03-12
Sistema,9251943.0,2022-03-13
Sistema,10424399.0,2022-03-14
Sistema,10516462.0,2022-03-15
Sistema,10495565.0,2022-03-16
Sistema,10523098.0,2022-03-17
Sistema,10526019.0,2022-03-18
Sistema,10056611.0,2022-03-19
Sistema,9230696.0,2022-03-20
Sistema,9634905.0,2022-03-21
Sistema,10505970.0,2022-03-22
Sistema,10492267.0,2022-03-23
Sistema,10760035.0,2022-03-24
Sistema,10722731.0,2022-03-25
Sistema,10028751.0,2022-03-26
Sistema,9281353.0,2022-03-27
Sistema,10363782.0,2022-03-28
Sistema,10517412.0,2022-03-29
Sistema,10467294.0,2022-03-30
Sistema,10560944.0,2022-03-31
Sistema,10377482.0,2022-04-01
Sistema,9884865.0,2022-04-02
Sistema,9295572.0,2022-04-03
Sistema,10336484.0,2022-04-04
Sistema,10513621.0,2022-04-05
Sistema,10611655.0,2022-04-06
Sistema,10520354.0,2022-04-07
Sistema,10459931.0,2022-04-08
Sistema,10112318.0,2022-04-09
Sistema,9540539.0,2022-04-10
Sistema,10541583.0,2022-04-11
Sistema,10573200.0,2022-04-12
Sistema,10238105.0,2022-04-13
Sistema,9293542.0,2022-04-14
Sistema,8931845.0,2022-04-15
Sistema,9483511.0,2022-04-16
Sistema,9251855.0,2022-04-17
Sistema,10374446.0,2022-04-18
Sistema,10091221.0,2022-04-19
Sistema,10228099.0,2022-04-20
Sistema,10196298.0,2022-04-21
Sistema,10152489.0,2022-04-22
Sistema,9819790.0,2022-04-23
Sistema,9391837.0,2022-04-24
Sistema,10180972.0,2022-04-25
Sistema,10459940.0,2022-04-26
Sistema,10454798.0,2022-04-27
Sistema,10253272.0,2022-04-28
Sistema,10356107.0,2022-04-29
Sistema,9959830.0,2022-04-30
Sistema,9143684.0,2022-05-01
Sistema,10521310.0,2022-05-02
Sistema,10764417.0,2022-05-03
Sistema,10864590.0,2022-05-04
Sistema,10194522.0,2022-05-05
Sistema,10156671.0,2022-05-06
Sistema,9735536.0,2022-05-07
Sistema,9200038.0,2022-05-08
Sistema,10476396.0,2022-05-09
Sistema,10473254.0,2022-05-10
Sistema,10426473.0,2022-05-11
Sistema,10594536.0,2022-05-12
Sistema,10579561.0,2022-05-13
Sistema,10046663.0,2022-05-14
Sistema,9425048.0,2022-05-15
Sistema,10607871.0,2022-05-16
Sistema,10371622.0,2022-05-17
Sistema,10491906.0,2022-05-18
Sistema,10457074.0,2022-05-19
Sistema,10430639.0,2022-05-20
Sistema,9990662.0,2022-05-21
Sistema,9516028.0,2022-05-22
Sistema,10514042.0,2022-05-23
Sistema,10579548.0,2022-05-24
Sistema,10604657.0,2022-05-25
Sistema,10447207.0,2022-05-26
Sistema,10569480.0,2022-05-27
Sistema,9826918.0,2022-05-28
Sistema,9019517.0,2022-05-29
Sistema,9596187.0,2022-05-30
Sistema,10276292.0,2022-05-31
Sistema,10426114.0,2022-06-01
Sistema,10324791.0,2022-06-02
Sistema,10033107.0,2022-06-03
Sistema,9754120.0,2022-06-04
Sistema,9132587.0,2022-06-05
Sistema,10271974.0,2022-06-06
Sistema,10115134.0,2022-06-07
Sistema,10237986.0,2022-06-08
Sistema,10270521.0,2022-06-09
Sistema,10458463.0,2022-06-10
Sistema,9842078.0,2022-06-11
Sistema,9114466.0,2022-06-12
Sistema,10310099.0,2022-06-13
Sistema,10110995.0,2022-06-14
Sistema,10356427.0,2022-06-15
Sistema,10408354.0,2022-06-16
Sistema,10132042.0,2022-06-17
Sistema,9608189.0,2022-06-18
Sistema,8665465.0,2022-06-19
Sistema,9422363.0,2022-06-20
Sistema,10170690.0,2022-06-21
Sistema,10466319.0,2022-06-22
Sistema,10501650.0,2022-06-23
Sistema,10207296.0,2022-06-24
Sistema,9636504.0,2022-06-25
Sistema,8748205.0,2022-06-26
Sistema,9183607.0,2022-06-27
Sistema,10137239.0,2022-06-28
Sistema,10225716.0,2022-06-29
Sistema,10142366.0,2022-06-30
Sistema,10211605.0,2022-07-01
Sistema,9790571.0,2022-07-02
Sistema,9113427.0,2022-07-03
Sistema,9537762.0,2022-07-04
Sistema,10395110.0,2022-07-05
Sistema,10416487.0,2022-07-06
Sistema,10638746.0,2022-07-07
Sistema,10396959.0,2022-07-08
Sistema,10166422.0,2022-07-09
Sistema,9502605.0,2022-07-10
Sistema,10419958.0,2022-07-11
Sistema,10558471.0,2022-07-12
Sistema,10668003.0,2022-07-13
Sistema,10721811.0,2022-07-14
Sistema,10608541.0,2022-07-15
Sistema,10129734.0,2022-07-16
Sistema,9369859.0,2022-07-17
Sistema,10467533.0,2022-07-18
Sistema,10538328.0,2022-07-19
Sistema,9979692.0,2022-07-20
Sistema,10660629.0,2022-07-21
Sistema,10553375.0,2022-07-22
Sistema,9955897.0,2022-07-23
Sistema,9382895.0,2022-07-24
Sistema,10531165.0,2022-07-25
Sistema,10488367.0,2022-07-26
Sistema,10431241.0,2022-07-27
Sistema,10337065.0,2022-07-28
Sistema,10643654.0,2022-07-29
Sistema,10203600.0,2022-07-30
Sistema,9458762.0,2022-07-31
Sistema,10414432.0,2022-08-01
Sistema,10247089.0,2022-08-02
Sistema,10430593.0,2022-08-03
Sistema,10643738.0,2022-08-04
Sistema,10298884.0,2022-08-05
Sistema,9808148.0,2022-08-06
Sistema,9411231.0,2022-08-07
Sistema,10716781.0,2022-08-08
Sistema,10558180.0,2022-08-09
Sistema,10528980.0,2022-08-10
Sistema,10598148.0,2022-08-11
Sistema,10448814.0,2022-08-12
Sistema,9915220.0,2022-08-13
Sistema,8998948.0,2022-08-14
Sistema,9450732.0,2022-08-15
Sistema,10416803.0,2022-08-16
Sistema,10783593.0,2022-08-17
Sistema,10833579.0,2022-08-18
Sistema,10893881.0,2022-08-19
Sistema,10096301.0,2022-08-20
Sistema,9351057.0,2022-08-21
Sistema,10439405.0,2022-08-22
Sistema,10545897.0,2022-08-23
Sistema,10708189.0,2022-08-24
Sistema,10649130.0,2022-08-25
Sistema,10456712.0,2022-08-26
Sistema,10083448.0,2022-08-27
Sistema,9415409.0,2022-08-28
Sistema,10412209.0,2022-08-29
Sistema,10756065.0,2022-08-30
Sistema,10625768.0,2022-08-31
Sistema,10495108.0,2022-09-01
Sistema,10570638.0,2022-09-02
Sistema,10086286.0,2022-09-03
Sistema,9497343.0,2022-09-04
Sistema,10681936.0,2022-09-05
Sistema,10777595.0,2022-09-06
Sistema,10598743.0,2022-09-07
Sistema,10585575.0,2022-09-08
Sistema,10624085.0,2022-09-09
Sistema,10159384.0,2022-09-10
Sistema,9527565.0,2022-09-11
Sistema,10337156.0,2022-09-12
Sistema,10543890.0,2022-09-13
Sistema,10616362.0,2022-09-14
Sistema,10726080.0,2022-09-15
Sistema,10533909.0,2022-09-16
Sistema,10005517.0,2022-09-17
Sistema,9225483.0,2022-09-18
Sistema,10229839.0,2022-09-19
Sistema,10327588.0,2022-09-20
Sistema,10388942.0,2022-09-21
Sistema,10413369.0,2022-09-22
Sistema,10484947.0,2022-09-23
Sistema,9866518.0,2022-09-24
Sistema,9297974.0,2022-09-25
Sistema,10611280.0,2022-09-26
Sistema,10586024.0,2022-09-27
Sistema,10502206.0,2022-09-28
Sistema,10448108.0,2022-09-29
Sistema,10356766.0,2022-09-30
Sistema,9721262.0,2022-10-01
Sistema,9270426.0,2022-10-02
Sistema,10804606.0,2022-10-03
Sistema,10757854.0,2022-10-04
Sistema,10524002.0,2022-10-05
Sistema,10415997.0,2022-10-06
Sistema,10298932.0,2022-10-07
Sistema,9759106.0,2022-10-08
Sistema,9202045.0,2022-10-09
Sistema,10508177.0,2022-10-10
Sistema,10677271.0,2022-10-11
Sistema,10573950.0,2022-10-12
Sistema,10511306.0,2022-10-13
Sistema,10541841.0,2022-10-14
Sistema,10075735.0,2022-10-15
Sistema,9104633.0,2022-10-16
Sistema,9532189.0,2022-10-17
Sistema,10606034.0,2022-10-18
Sistema,10599828.0,2022-10-19
Sistema,10644602.0,2022-10-20
Sistema,10665756.0,2022-10-21
Sistema,10110289.0,2022-10-22
Sistema,9337006.0,2022-10-23
Sistema,10455691.0,2022-10-24
Sistema,10446474.0,2022-10-25
Sistema,10522375.0,2022-10-26
Sistema,10570277.0,2022-10-27
Sistema,10400776.0,2022-10-28
Sistema,9908849.0,2022-10-29
Sistema,9296742.0,2022-10-30
Sistema,10159099.0,2022-10-31
Sistema,10768157.0,2022-11-01
Sistema,10634740.0,2022-11-02
Sistema,10425917.0,2022-11-03
Sistema,10467841.0,2022-11-04
Sistema,9777150.0,2022-11-05
Sistema,8883309.0,2022-11-06
Sistema,9467014.0,2022-11-07
Sistema,10317660.0,2022-11-08
Sistema,10185136.0,2022-11-09
Sistema,10452340.0,2022-11-10
Sistema,10443750.0,2022-11-11
Sistema,9894851.0,2022-11-12
Sistema,8974189.0,2022-11-13
Sistema,9566529.0,2022-11-14
Sistema,10566012.0,2022-11-15
Sistema,10588462.0,2022-11-16
Sistema,10581380.0,2022-11-17
Sistema,10388592.0,2022-11-18
Sistema,10282481.0,2022-11-19
Sistema,9492892.0,2022-11-20
Sistema,10599376.0,2022-11-21
Sistema,10684059.0,2022-11-22
Sistema,10585998.0,2022-11-23
Sistema,10579919.0,2022-11-24
Sistema,10649953.0,2022-11-25
Sistema,10164740.0,2022-11-26
Sistema,9287393.0,2022-11-27
Sistema,10386458.0,2022-11-28
Sistema,10380316.0,2022-11-29
Sistema,10375811.0,2022-11-30
Sistema,10317678.0,2022-12-01
Sistema,10321413.0,2022-12-02
Sistema,9906656.0,2022-12-03
Sistema,9213026.0,2022-12-04
Sistema,10418191.0,2022-12-05
Sistema,10339369.0,2022-12-06
Sistema,10044697.0,2022-12-07
Sistema,9372657.0,2022-12-08
Sistema,10438900.0,2022-12-09
Sistema,9981459.0,2022-12-10
Sistema,9341744.0,2022-12-11
Sistema,10468785.0,2022-12-12
Sistema,10443991.0,2022-12-13
Sistema,10617508.0,2022-12-14
Sistema,10578497.0,2022-12-15
Sistema,10547841.0,2022-12-16
Sistema,9914582.0,2022-12-17
Sistema,9226443.0,2022-12-18
Sistema,10347955.0,2022-12-19
Sistema,10328724.0,2022-12-20
Sistema,10445597.0,2022-12-21
Sistema,10521563.0,2022-12-22
Sistema,10156875.0,2022-12-23
Sistema,9449025.0,2022-12-24
Sistema,8511491.0,2022-12-25
Sistema,10040668.0,2022-12-26
Sistema,10199106.0,2022-12-27
Sistema,10234293.0,2022-12-28
Sistema,10086382.0,2022-12-29
Sistema,9765009.0,2022-12-30
Sistema,9188573.0,2022-12-31
Sistema,8098093.0,2023-01-01
Sistema,9665849.0,2023-01-02
Sistema,10003847.0,2023-01-03
Sistema,10120379.0,2023-01-04
Sistema,10288091.0,2023-01-05
Sistema,10296351.0,2023-01-06
Sistema,9687290.0,2023-01-07
Sistema,8950199.0,2023-01-08
Sistema,9321813.0,2023-01-09
Sistema,10224770.0,2023-01-10
Sistema,10332413.0,2023-01-11
Sistema,10365719.0,2023-01-12
Sistema,10509256.0,2023-01-13
Sistema,9992219.0,2023-01-14
Sistema,9300916.0,2023-01-15
Sistema,10396010.0,2023-01-16
Sistema,10488852.0,2023-01-17
Sistema,10402824.0,2023-01-18
Sistema,10600227.0,2023-01-19
Sistema,10437403.0,2023-01-20
Sistema,10038721.0,2023-01-21
Sistema,9410836.0,2023-01-22
Sistema,10527773.0,2023-01-23
Sistema,10633855.0,2023-01-24
Sistema,10732334.0,2023-01-25
Sistema,10706528.0,2023-01-26
Sistema,10573181.0,2023-01-27
Sistema,10115126.0,2023-01-28
Sistema,9401123.0,2023-01-29
Sistema,10539638.0,2023-01-30
Sistema,10572695.0,2023-01-31
Sistema,10412286.0,2023-02-01
Sistema,10444251.0,2023-02-02
Sistema,10500899.0,2023-02-03
Sistema,9954105.0,2023-02-04
Sistema,9333184.0,2023-02-05
Sistema,10554004.0,2023-02-06
Sistema,10570998.0,2023-02-07
Sistema,10584218.0,2023-02-08
Sistema,10685672.0,2023-02-09
Sistema,10703901.0,2023-02-10
Sistema,10227232.0,2023-02-11
Sistema,9629492.0,2023-02-12
Sistema,10546399.0,2023-02-13
Sistema,10721751.0,2023-02-14
Sistema,10646517.0,2023-02-15
Sistema,10622500.0,2023-02-16
Sistema,10531606.0,2023-02-17
Sistema,9937680.0,2023-02-18
Sistema,9248111.0,2023-02-19
Sistema,10345835.0,2023-02-20
Sistema,10394314.0,2023-02-21
Sistema,10377405.0,2023-02-22
Sistema,10602379.0,2023-02-23
Sistema,10556712.0,2023-02-24
Sistema,9997419.0,2023-02-25
Sistema,9490152.0,2023-02-26
Sistema,10622590.0,2023-02-27
Sistema,10728075.0,2023-02-28
Sistema,10664786.0,2023-03-01
Sistema,10721700.0,2023-03-02
Sistema,10685159.0,2023-03-03
Sistema,10237474.0,2023-03-04
Sistema,9377104.0,2023-03-05
Sistema,10577307.0,2023-03-06
Sistema,10462534.0,2023-03-07
Sistema,10407049.0,2023-03-08
Sistema,10270713.0,2023-03-09
Sistema,10378747.0,2023-03-10
Sistema,9862306.0,2023-03-11
Sistema,9313703.0,2023-03-12
Sistema,10330041.0,2023-03-13
Sistema,10321304.0,2023-03-14
Sistema,10358761.0,2023-03-15
Sistema,10307203.0,2023-03-16
Sistema,10428576.0,2023-03-17
Sistema,10025467.0,2023-03-18
Sistema,9212409.0,2023-03-19
Sistema,9824077.0,2023-03-20
Sistema,10671509.0,2023-03-21
Sistema,10659075.0,2023-03-22
Sistema,10659363.0,2023-03-23
Sistema,10652544.0,2023-03-24
Sistema,10242196.0,2023-03-25
Sistema,9538367.0,2023-03-26
Sistema,10489850.0,2023-03-27
Sistema,10626472.0,2023-03-28
Sistema,10610742.0,2023-03-29
Sistema,10665270.0,2023-03-30
Sistema,10545122.0,2023-03-31
Sistema,10185745.0,2023-04-01
Sistema,9371231.0,2023-04-02
Sistema,10510432.0,2023-04-03
Sistema,10450934.0,2023-04-04
Sistema,10466936.0,2023-04-05
Sistema,8978190.0,2023-04-06
Sistema,8583342.0,2023-04-07
Sistema,9407739.0,2023-04-08
Sistema,9437816.0,2023-04-09
Sistema,10609436.0,2023-04-10
Sistema,10626675.0,2023-04-11
Sistema,10665592.0,2023-04-12
Sistema,10750121.0,2023-04-13
Sistema,10762567.0,2023-04-14
Sistema,10412754.0,2023-04-15
Sistema,9475389.0,2023-04-16
Sistema,10421195.0,2023-04-17
Sistema,10666497.0,2023-04-18
Sistema,10746799.0,2023-04-19
Sistema,10748357.0,2023-04-20
Sistema,10426240.0,2023-04-21
Sistema,10157609.0,2023-04-22
Sistema,9457669.0,2023-04-23
Sistema,10542706.0,2023-04-24
Sistema,10597973.0,2023-04-25
Sistema,10698645.0,2023-04-26
Sistema,10817907.0,2023-04-27
Sistema,10626364.0,2023-04-28
Sistema,10253500.0,2023-04-29
Sistema,9177724.0,2023-04-30
Sistema,9608876.0,2023-05-01
Sistema,10913844.0,2023-05-02
Sistema,11099549.0,2023-05-03
Sistema,11078845.0,2023-05-04
Sistema,11244099.0,2023-05-05
Sistema,10545496.0,2023-05-06
Sistema,9750382.0,2023-05-07
Sistema,10913512.0,2023-05-08
Sistema,10988686.0,2023-05-09
Sistema,10848002.0,2023-05-10
Sistema,10967339.0,2023-05-11
Sistema,11026541.0,2023-05-12
Sistema,10565081.0,2023-05-13
Sistema,9376561.0,2023-05-14
Sistema,10744402.0,2023-05-15
Sistema,10648732.0,2023-05-16
Sistema,10904234.0,2023-05-17
Sistema,11181885.0,2023-05-18
Sistema,11125923.0,2023-05-19
Sistema,10427650.0,2023-05-20
Sistema,9097245.0,2023-05-21
Sistema,9636691.0,2023-05-22
Sistema,10657672.0,2023-05-23
Sistema,10809969.0,2023-05-24
Sistema,10665029.0,2023-05-25
Sistema,10528689.0,2023-05-26
Sistema,10140345.0,2023-05-27
Sistema,9426728.0,2023-05-28
Sistema,10622504.0,2023-05-29
Sistema,10498314.0,2023-05-30
Sistema,10652158.0,2023-05-31
Sistema,10513688.0,2023-06-01
Sistema,10661990.0,2023-06-02
Sistema,10406183.0,2023-06-03
Sistema,9241480.0,2023-06-04
Sistema,10670214.0,2023-06-05
Sistema,10740275.0,2023-06-06
Sistema,11019734.0,2023-06-07
Sistema,10478960.0,2023-06-08
Sistema,10771212.0,2023-06-09
Sistema,10101981.0,2023-06-10
Sistema,9402646.0,2023-06-11
Sistema,9917886.0,2023-06-12
Sistema,10912913.0,2023-06-13
Sistema,11002238.0,2023-06-14
Sistema,10789929.0,2023-06-15
Sistema,10633865.0,2023-06-16
Sistema,10070355.0,2023-06-17
Sistema,9188263.0,2023-06-18
Sistema,9870582.0,2023-06-19
Sistema,11022241.0,2023-06-20
Sistema,11075204.0,2023-06-21
Sistema,10980535.0,2023-06-22
Sistema,10759959.0,2023-06-23
Sistema,10223990.0,2023-06-24
Sistema,9345888.0,2023-06-25
Sistema,10215423.0,2023-06-26
Sistema,10642709.0,2023-06-27
Sistema,10768996.0,2023-06-28
Sistema,10908708.0,2023-06-29
Sistema,10785752.0,2023-06-30
Sistema,10141372.0,2023-07-01
Sistema,9040347.0,2023-07-02
Sistema,9561068.0,2023-07-03
Sistema,10547307.0,2023-07-04
Sistema,10664998.0,2023-07-05
Sistema,10577881.0,2023-07-06
Sistema,10427995.0,2023-07-07
Sistema,10091861.0,2023-07-08
Sistema,9572783.0,2023-07-09
Sistema,10712323.0,2023-07-10
Sistema,10742488.0,2023-07-11
Sistema,10794109.0,2023-07-12
Sistema,11045095.0,2023-07-13
Sistema,10805449.0,2023-07-14
Sistema,10292983.0,2023-07-15
Sistema,9451707.0,2023-07-16
Sistema,10707695.0,2023-07-17
Sistema,10889877.0,2023-07-18
Sistema,10858368.0,2023-07-19
Sistema,10329760.0,2023-07-20
Sistema,10873447.0,2023-07-21
Sistema,10322628.0,2023-07-22
Sistema,9714581.0,2023-07-23
Sistema,11027894.0,2023-07-24
Sistema,11067050.0,2023-07-25
Sistema,10951907.0,2023-07-26
Sistema,10941973.0,2023-07-27
Sistema,10934719.0,2023-07-28
Sistema,10644166.0,2023-07-29
Sistema,9743136.0,2023-07-30
Sistema,10849519.0,2023-07-31
Sistema,10880860.0,2023-08-01
Sistema,11078698.0,2023-08-02
Sistema,11245644.0,2023-08-03
Sistema,11105418.0,2023-08-04
Sistema,10582832.0,2023-08-05
Sistema,9676854.0,2023-08-06
Sistema,9965044.0,2023-08-07
Sistema,11195961.0,2023-08-08
Sistema,11108862.0,2023-08-09
Sistema,11055504.0,2023-08-10
Sistema,11123500.0,2023-08-11
Sistema,10595219.0,2023-08-12
Sistema,9728995.0,2023-08-13
Sistema,10882578.0,2023-08-14
Sistema,10903561.0,2023-08-15
Sistema,10976801.0,2023-08-16
Sistema,11076917.0,2023-08-17
Sistema,11132510.0,2023-08-18
Sistema,10676390.0,2023-08-19
Sistema,9511231.0,2023-08-20
Sistema,9888083.0,2023-08-21
Sistema,10695360.0,2023-08-22
Sistema,10875587.0,2023-08-23
Sistema,11018994.0,2023-08-24
Sistema,10980095.0,2023-08-25
Sistema,10219624.0,2023-08-26
Sistema,9841059.0,2023-08-27
Sistema,10952423.0,2023-08-28
Sistema,11475237.0,2023-08-29
Sistema,11350930.0,2023-08-30
Sistema,11279620.0,2023-08-31
Sistema,11398262.0,2023-09-01
Sistema,10371595.0,2023-09-02
Sistema,9825786.0,2023-09-03
Sistema,11009210.0,2023-09-04
Sistema,11266572.0,2023-09-05
Sistema,11428186.0,2023-09-06
Sistema,11428078.0,2023-09-07
Sistema,11324423.0,2023-09-08
Sistema,10409260.0,2023-09-09
Sistema,9584470.0,2023-09-10
Sistema,11198324.0,2023-09-11
Sistema,11456124.0,2023-09-12
Sistema,11222142.0,2023-09-13
Sistema,11259478.0,2023-09-14
Sistema,10910681.0,2023-09-15
Sistema,10527737.0,2023-09-16
Sistema,9807879.0,2023-09-17
Sistema,11006596.0,2023-09-18
Sistema,11253722.0,2023-09-19
Sistema,11302048.0,2023-09-20
Sistema,11448260.0,2023-09-21
Sistema,11218276.0,2023-09-22
Sistema,10545732.0,2023-09-23
Sistema,9994492.0,2023-09-24
Sistema,11315800.0,2023-09-25
Sistema,11326653.0,2023-09-26
Sistema,11412160.0,2023-09-27
Sistema,11261933.0,2023-09-28
Sistema,11275548.0,2023-09-29
Sistema,10796888.0,2023-09-30
Sistema,9660438.0,2023-10-01
Sistema,10903613.0,2023-10-02
Sistema,10766521.0,2023-10-03
Sistema,10640239.0,2023-10-04
Sistema,11026381.0,2023-10-05
Sistema,10687491.0,2023-10-06
Sistema,10136957.0,2023-10-07
Sistema,9427299.0,2023-10-08
Sistema,10633636.0,2023-10-09
Sistema,10783068.0,2023-10-10
Sistema,10885856.0,2023-10-11
Sistema,10907521.0,2023-10-12
Sistema,10925141.0,2023-10-13
Sistema,9963655.0,2023-10-14
Sistema,9193678.0,2023-10-15
Sistema,9523800.0,2023-10-16
Sistema,10884276.0,2023-10-17
Sistema,10928646.0,2023-10-18
Sistema,10974866.0,2023-10-19
Sistema,10843776.0,2023-10-20
Sistema,10140517.0,2023-10-21
Sistema,9612292.0,2023-10-22
Sistema,10894772.0,2023-10-23
Sistema,10848358.0,2023-10-24
Sistema,10299493.0,2023-10-25
Sistema,10419808.0,2023-10-26
Sistema,10561749.0,2023-10-27
Sistema,10004185.0,2023-10-28
Sistema,9305801.0,2023-10-29
Sistema,10689745.0,2023-10-30
Sistema,10526569.0,2023-10-31
Sistema,10481700.0,2023-11-01
Sistema,10613357.0,2023-11-02
Sistema,10770465.0,2023-11-03
Sistema,10378748.0,2023-11-04
Sistema,9649569.0,2023-11-05
Sistema,9946741.0,2023-11-06
Sistema,10964579.0,2023-11-07
Sistema,11261958.0,2023-11-08
Sistema,11417486.0,2023-11-09
Sistema,11251635.0,2023-11-10
Sistema,10774851.0,2023-11-11
Sistema,9797518.0,2023-11-12
Sistema,10371532.0,2023-11-13
Sistema,11317990.0,2023-11-14
Sistema,10899457.0,2023-11-15
Sistema,11311505.0,2023-11-16
Sistema,11270452.0,2023-11-17
Sistema,10475979.0,2023-11-18
Sistema,9600091.0,2023-11-19
Sistema,10944062.0,2023-11-20
Sistema,11243293.0,2023-11-21
Sistema,11055477.0,2023-11-22
Sistema,11154561.0,2023-11-23
Sistema,11021010.0,2023-11-24
Sistema,10414068.0,2023-11-25
Sistema,9872583.0,2023-11-26
Sistema,11062915.0,2023-11-27
Sistema,11205975.0,2023-11-28
Sistema,11175595.0,2023-11-29
Sistema,11160880.0,2023-11-30
Sistema,11070185.0,2023-12-01
Sistema,10559599.0,2023-12-02
Sistema,9884159.0,2023-12-03
Sistema,11219041.0,2023-12-04
Sistema,11366292.0,2023-12-05
Sistema,11280261.0,2023-12-06
Sistema,10759476.0,2023-12-07
Sistema,10162149.0,2023-12-08
Sistema,10618202.0,2023-12-09
Sistema,10088646.0,2023-12-10
Sistema,11286094.0,2023-12-11
Sistema,11384004.0,2023-12-12
Sistema,11335317.0,2023-12-13
Sistema,11301661.0,2023-12-14
Sistema,11004950.0,2023-12-15
Sistema,10384345.0,2023-12-16
Sistema,9724171.0,2023-12-17
Sistema,10923832.0,2023-12-18
Sistema,10887412.0,2023-12-19
Sistema,10958015.0,2023-12-20
Sistema,10874169.0,2023-12-21
Sistema,10773277.0,2023-12-22
Sistema,10186001.0,2023-12-23
Sistema,9825489.0,2023-12-24
Sistema,9103318.0,2023-12-25
Sistema,10629322.0,2023-12-26
Sistema,10602738.0,2023-12-27
Sistema,10557412.0,2023-12-28
Sistema,10174384.0,2023-12-29
Sistema,9710584.0,2023-12-30
Sistema,9407405.0,2023-12-31
Sistema,8603822.0,2024-01-01
Sistema,10070589.0,2024-01-02
Sistema,10559401.0,2024-01-03
Sistema,10763375.0,2024-01-04
Sistema,10725625.0,2024-01-05
Sistema,10212784.0,2024-01-06
Sistema,9557830.0,2024-01-07
Sistema,9967892.0,2024-01-08
Sistema,10974883.0,2024-01-09
Sistema,11127538.0,2024-01-10
Sistema,11193593.0,2024-01-11
Sistema,11178083.0,2024-01-12
Sistema,10557367.0,2024-01-13
Sistema,9971951.0,2024-01-14
Sistema,11169438.0,2024-01-15
Sistema,11167764.0,2024-01-16
Sistema,11325145.0,2024-01-17
Sistema,11284493.0,2024-01-18
Sistema,11306033.0,2024-01-19
Sistema,10655730.0,2024-01-20
Sistema,10053600.0,2024-01-21
Sistema,11277450.0,2024-01-22
Sistema,11269418.0,2024-01-23
Sistema,11385113.0,2024-01-24
Sistema,11223342.0,2024-01-25
Sistema,11366258.0,2024-01-26
Sistema,10646359.0,2024-01-27
Sistema,10048776.0,2024-01-28
Sistema,11154086.0,2024-01-29
Sistema,11302859.0,2024-01-30
Sistema,11240269.0,2024-01-31
Sistema,11062319.0,2024-02-01
Sistema,10776810.0,2024-02-02
Sistema,10316923.0,2024-02-03
Sistema,9694422.0,2024-02-04
Sistema,10702992.0,2024-02-05
Sistema,10769931.0,2024-02-06
Sistema,10490439.0,2024-02-07
Sistema,10652284.0,2024-02-08
Sistema,10765658.0,2024-02-09
Sistema,10384399.0,2024-02-10
Sistema,9963089.0,2024-02-11
Sistema,11071160.0,2024-02-12
Sistema,11276331.0,2024-02-13
Sistema,11147119.0,2024-02-14
Sistema,11278919.0,2024-02-15
Sistema,11272880.0,2024-02-16
Sistema,10786936.0,2024-02-17
Sistema,10224697.0,2024-02-18
Sistema,11161876.0,2024-02-19
Sistema,11158808.0,2024-02-20
Sistema,10972520.0,2024-02-21
Sistema,10891068.0,2024-02-22
Sistema,10919815.0,2024-02-23
Sistema,10495860.0,2024-02-24
Sistema,9802174.0,2024-02-25
Sistema,10956003.0,2024-02-26
Sistema,11087595.0,2024-02-27
Sistema,11184096.0,2024-02-28
Sistema,11291279.0,2024-02-29
Sistema,11099628.0,2024-03-01
Sistema,10601275.0,2024-03-02
Sistema,9866696.0,2024-03-03
Sistema,11045904.0,2024-03-04
Sistema,11253001.0,2024-03-05
Sistema,11374663.0,2024-03-06
Sistema,11454518.0,2024-03-07
Sistema,11431886.0,2024-03-08
Sistema,10832803.0,2024-03-09
Sistema,10285320.0,2024-03-10
Sistema,11391558.0,2024-03-11
Sistema,11484222.0,2024-03-12
Sistema,11537191.0,2024-03-13
Sistema,11534984.0,2024-03-14
Sistema,11540534.0,2024-03-15
Sistema,11083927.0,2024-03-16
Sistema,10350151.0,2024-03-17
Sistema,11704365.0,2024-03-18
Sistema,11429503.0,2024-03-19
Sistema,11386774.0,2024-03-20
Sistema,11366482.0,2024-03-21
Sistema,11521173.0,2024-03-22
Sistema,10963839.0,2024-03-23
Sistema,10138438.0,2024-03-24
Sistema,10612030.0,2024-03-25
Sistema,10867737.0,2024-03-26
Sistema,10798308.0,2024-03-27
Sistema,9673015.0,2024-03-28
Sistema,9269462.0,2024-03-29
Sistema,10071505.0,2024-03-30
Sistema,9798064.0,2024-03-31
Sistema,10845766.0,2024-04-01
Sistema,10788159.0,2024-04-02
Sistema,10913890.0,2024-04-03
Sistema,10835760.0,2024-04-04
Sistema,10995942.0,2024-04-05
Sistema,10707890.0,2024-04-06
Sistema,10175500.0,2024-04-07
Sistema,11228491.0,2024-04-08
Sistema,11164553.0,2024-04-09
Sistema,11340026.0,2024-04-10
Sistema,11535297.0,2024-04-11
Sistema,11340973.0,2024-04-12
Sistema,10925067.0,2024-04-13
Sistema,10131689.0,2024-04-14
Sistema,11295256.0,2024-04-15
Sistema,11378378.0,2024-04-16
Sistema,11342729.0,2024-04-17
Sistema,11186841.0,2024-04-18
Sistema,10956451.0,2024-04-19
Sistema,10638262.0,2024-04-20
Sistema,9754694.0,2024-04-21
Sistema,10596598.0,2024-04-22
Sistema,10874250.0,2024-04-23
Sistema,11056342.0,2024-04-24
Sistema,11049215.0,2024-04-25
Sistema,10512773.0,2024-04-26
Sistema,10381213.0,2024-04-27
Sistema,9481493.0,2024-04-28
Sistema,10827391.0,2024-04-29
Sistema,10841784.0,2024-04-30
Sistema,10220366.0,2024-05-01
Sistema,10903008.0,2024-05-02
Sistema,10812370.0,2024-05-03
Sistema,10090704.0,2024-05-04
Sistema,9688147.0,2024-05-05
Sistema,11078170.0,2024-05-06
Sistema,11051640.0,2024-05-07
Sistema,10984142.0,2024-05-08
Sistema,10748670.0,2024-05-09
Sistema,10990160.0,2024-05-10
Sistema,10478613.0,2024-05-11
Sistema,9435223.0,2024-05-12
Sistema,10192473.0,2024-05-13
Sistema,11096246.0,2024-05-14
Sistema,11028878.0,2024-05-15
Sistema,11119456.0,2024-05-16
Sistema,11084322.0,2024-05-17
Sistema,10644458.0,2024-05-18
Sistema,10043088.0,2024-05-19
Sistema,11025211.0,2024-05-20
Sistema,10794218.0,2024-05-21
Sistema,10806754.0,2024-05-22
Sistema,11017998.0,2024-05-23
Sistema,10962684.0,2024-05-24
Sistema,10245167.0,2024-05-25
Sistema,9743250.0,2024-05-26
Sistema,10822776.0,2024-05-27
Sistema,10990523.0,2024-05-28
Sistema,10885338.0,2024-05-29
Sistema,10744042.0,2024-05-30
Sistema,10913257.0,2024-05-31
Sistema,10607880.0,2024-06-01
Sistema,9902102.0,2024-06-02
Sistema,10068458.0,2024-06-03
Sistema,10726019.0,2024-06-04
Sistema,10843137.0,2024-06-05
Sistema,10714783.0,2024-06-06
Sistema,10858947.0,2024-06-07
Sistema,10599836.0,2024-06-08
Sistema,9437633.0,2024-06-09
Sistema,9933207.0,2024-06-10
Sistema,10607441.0,2024-06-11
Sistema,10765708.0,2024-06-12
Sistema,10833758.0,2024-06-13
Sistema,10692065.0,2024-06-14
Sistema,10047232.0,2024-06-15
Sistema,9204211.0,2024-06-16
Sistema,10815865.0,2024-06-17
Sistema,10654138.0,2024-06-18
Sistema,10666240.0,2024-06-19
Sistema,10681410.0,2024-06-20
Sistema,10720982.0,2024-06-21
Sistema,10260124.0,2024-06-22
Sistema,9557557.0,2024-06-23
Sistema,10869560.0,2024-06-24
Sistema,10709677.0,2024-06-25
Sistema,10665024.0,2024-06-26
Sistema,10575285.0,2024-06-27
Sistema,10655381.0,2024-06-28
Sistema,10133687.0,2024-06-29
Sistema,9396684.0,2024-06-30
Sistema,9831939.0,2024-07-01
Sistema,10757393.0,2024-07-02
Sistema,10875507.0,2024-07-03
Sistema,10881804.0,2024-07-04
Sistema,10341811.0,2024-07-05
Sistema,10304577.0,2024-07-06
Sistema,9813233.0,2024-07-07
Sistema,10981254.0,2024-07-08
Sistema,11048898.0,2024-07-09
Sistema,11159140.0,2024-07-10
Sistema,11028971.0,2024-07-11
Sistema,10928911.0,2024-07-12
Sistema,10474233.0,2024-07-13
Sistema,9733105.0,2024-07-14
Sistema,10935521.0,2024-07-15
Sistema,10899020.0,2024-07-16
Sistema,11019387.0,2024-07-17
Sistema,10980978.0,2024-07-18
Sistema,10613264.0,2024-07-19
Sistema,10126031.0,2024-07-20
Sistema,9870268.0,2024-07-21
Sistema,11074913.0,2024-07-22
Sistema,11030994.0,2024-07-23
Sistema,11139739.0,2024-07-24
Sistema,11125953.0,2024-07-25
Sistema,11029857.0,2024-07-26
Sistema,10438572.0,2024-07-27
Sistema,10039342.0,2024-07-28
Sistema,11284503.0,2024-07-29
Sistema,11089364.0,2024-07-30
Sistema,11158528.0,2024-07-31
Sistema,10875072.0,2024-08-01
Sistema,11040273.0,2024-08-02
Sistema,10438061.0,2024-08-03
Sistema,9918498.0,2024-08-04
Sistema,10914453.0,2024-08-05
Sistema,10847735.0,2024-08-06
Sistema,10186694.0,2024-08-07
Sistema,11162573.0,2024-08-08
Sistema,10901560.0,2024-08-09
Sistema,10227854.0,2024-08-10
Sistema,9670260.0,2024-08-11
Sistema,10942694.0,2024-08-12
Sistema,10928988.0,2024-08-13
Sistema,11074246.0,2024-08-14
Sistema,11415024.0,2024-08-15
Sistema,11105028.0,2024-08-16
Sistema,10375640.0,2024-08-17
Sistema,9710123.0,2024-08-18
Sistema,10357907.0,2024-08-19
Sistema,11225781.0,2024-08-20
Sistema,11281708.0,2024-08-21
Sistema,11263130.0,2024-08-22
Sistema,11048502.0,2024-08-23
Sistema,10362586.0,2024-08-24
Sistema,9718244.0,2024-08-25
Sistema,10682102.0,2024-08-26
Sistema,11171934.0,2024-08-27
Sistema,11381527.0,2024-08-28
Sistema,11469824.0,2024-08-29
Sistema,11320958.0,2024-08-30
Sistema,10607105.0,2024-08-31
Sistema,9804031.0,2024-09-01
Sistema,11109976.0,2024-09-02
Sistema,11097979.0,2024-09-03
Sistema,11163835.0,2024-09-04
Sistema,11166695.0,2024-09-05
Sistema,11054260.0,2024-09-06
Sistema,10526836.0,2024-09-07
Sistema,9977164.0,2024-09-08
Sistema,11397851.0,2024-09-09
Sistema,11426246.0,2024-09-10
Sistema,11586277.0,2024-09-11
Sistema,11303231.0,2024-09-12
Sistema,11404601.0,2024-09-13
Sistema,10841002.0,2024-09-14
Sistema,10557373.0,2024-09-15
Sistema,10935211.0,2024-09-16
Sistema,10997839.0,2024-09-17
Sistema,11632558.0,2024-09-18
Sistema,11229942.0,2024-09-19
Sistema,11248398.0,2024-09-20
Sistema,10669315.0,2024-09-21
Sistema,9856078.0,2024-09-22
Sistema,11281470.0,2024-09-23
Sistema,11429053.0,2024-09-24
Sistema,11234799.0,2024-09-25
Sistema,11190729.0,2024-09-26
Sistema,11329910.0,2024-09-27
Sistema,10348690.0,2024-09-28
Sistema,9587976.0,2024-09-29
Sistema,10716268.0,2024-09-30
Sistema,11133816.0,2024-10-01
Sistema,11132092.0,2024-10-02
Sistema,11361839.0,2024-10-03
Sistema,11005674.0,2024-10-04
Sistema,10460475.0,2024-10-05
Sistema,9786751.0,2024-10-06
Sistema,10810327.0,2024-10-07
Sistema,10747330.0,2024-10-08
Sistema,11116488.0,2024-10-09
Sistema,10919889.0,2024-10-10
Sistema,11062390.0,2024-10-11
Sistema,10479254.0,2024-10-12
Sistema,9719483.0,2024-10-13
Sistema,10093813.0,2024-10-14
Sistema,11032120.0,2024-10-15
Sistema,11069982.0,2024-10-16
Sistema,11411134.0,2024-10-17
Sistema,11532891.0,2024-10-18
Sistema,10705147.0,2024-10-19
Sistema,9939737.0,2024-10-20
Sistema,10943847.0,2024-10-21
Sistema,11019739.0,2024-10-22
Sistema,11159916.0,2024-10-23
Sistema,11351485.0,2024-10-24
Sistema,11474688.0,2024-10-25
Sistema,10895930.0,2024-10-26
Sistema,10183543.0,2024-10-27
Sistema,11199826.0,2024-10-28
Sistema,11360829.0,2024-10-29
Sistema,11117759.0,2024-10-30
Sistema,10515900.0,2024-10-31
Sistema,10675855.0,2024-11-01
Sistema,10342568.0,2024-11-02
Sistema,9492917.0,2024-11-03
Sistema,9879778.0,2024-11-04
Sistema,11071684.0,2024-11-05
Sistema,11108114.0,2024-11-06
Sistema,11061857.0,2024-11-07
Sistema,10715238.0,2024-11-08
Sistema,10234117.0,2024-11-09
Sistema,9529380.0,2024-11-10
Sistema,9761838.0,2024-11-11
Sistema,10780041.0,2024-11-12
Sistema,11009341.0,2024-11-13
Sistema,11082780.0,2024-11-14
Sistema,11051454.0,2024-11-15
Sistema,10395081.0,2024-11-16
Sistema,9873196.0,2024-11-17
Sistema,11024117.0,2024-11-18
Sistema,11265423.0,2024-11-19
Sistema,10964255.0,2024-11-20
Sistema,10965853.0,2024-11-21
Sistema,10777484.0,2024-11-22
Sistema,10333793.0,2024-11-23
Sistema,9952311.0,2024-11-24
Sistema,11240319.0,2024-11-25
Sistema,11055830.0,2024-11-26
Sistema,11174466.0,2024-11-27
Sistema,11182509.0,2024-11-28
Sistema,11124764.0,2024-11-29
Sistema,10755853.0,2024-11-30
Sistema,10094007.0,2024-12-01
Sistema,11199963.0,2024-12-02
Sistema,11287274.0,2024-12-03
Sistema,11471380.0,2024-12-04
Sistema,11429832.0,2024-12-05
Sistema,11157889.0,2024-12-06
Sistema,10516194.0,2024-12-07
Sistema,9892608.0,2024-12-08
Sistema,11300096.0,2024-12-09
Sistema,11413049.0,2024-12-10
Sistema,11440823.0,2024-12-11
Sistema,11416368.0,2024-12-12
Sistema,11203656.0,2024-12-13
Sistema,10533230.0,2024-12-14
Sistema,9923870.0,2024-12-15
Sistema,11217505.0,2024-12-16
Sistema,11171129.0,2024-12-17
Sistema,11338427.0,2024-12-18
Sistema,11304513.0,2024-12-19
Sistema,11094979.0,2024-12-20
Sistema,10470106.0,2024-12-21
Sistema,9859731.0,2024-12-22
Sistema,10613252.0,2024-12-23
Sistema,10044296.0,2024-12-24
Sistema,9129863.0,2024-12-25
Sistema,10747189.0,2024-12-26
Sistema,10630239.0,2024-12-27
Sistema,10131276.0,2024-12-28
Sistema,9663898.0,2024-12-29
Sistema,10120511.0,2024-12-30
Sistema,9636411.0,2024-12-31
Sistema,8697752.0,2025-01-01
Sistema,10149172.0,2025-01-02
Sistema,10314325.0,2025-01-03
Sistema,9906380.0,2025-01-04
Sistema,9178692.0,2025-01-05
Sistema,9794600.0,2025-01-06
Sistema,10842141.0,2025-01-07
Sistema,10954544.0,2025-01-08
Sistema,11042662.0,2025-01-09
Sistema,11166811.0,2025-01-10
Sistema,10566050.0,2025-01-11
Sistema,9954996.0,2025-01-12
Sistema,11194296.0,2025-01-13
Sistema,11141942.0,2025-01-14
Sistema,11137242.0,2025-01-15
Sistema,11193337.0,2025-01-16
Sistema,11269683.0,2025-01-17
Sistema,10619500.0,2025-01-18
Sistema,10097393.0,2025-01-19
Sistema,11259874.0,2025-01-20
Sistema,11376929.0,2025-01-21
Sistema,11454129.0,2025-01-22
Sistema,11437619.0,2025-01-23
Sistema,11321851.0,2025-01-24
Sistema,10696366.0,2025-01-25
Sistema,10254132.0,2025-01-26
Sistema,11380229.0,2025-01-27
Sistema,11441085.0,2025-01-28
Sistema,11414268.0,2025-01-29
Sistema,11502194.0,2025-01-30
Sistema,11414250.0,2025-01-31
Sistema,10797840.0,2025-02-01
Sistema,10120650.0,2025-02-02
Sistema,11196804.0,2025-02-03
Sistema,11246452.0,2025-02-04
Sistema,11303902.0,2025-02-05
Sistema,11336408.0,2025-02-06
Sistema,11350641.0,2025-02-07
Sistema,10638697.0,2025-02-08
Sistema,9999592.0,2025-02-09
Sistema,11112367.0,2025-02-10
Sistema,11099897.0,2025-02-11
Sistema,11281140.0,2025-02-12
Sistema,11322416.0,2025-02-13
Sistema,11125929.0,2025-02-14
Sistema,10514842.0,2025-02-15
Sistema,9966152.0,2025-02-16
Sistema,11106324.0,2025-02-17
Sistema,11136089.0,2025-02-18
Sistema,11354277.0,2025-02-19
Sistema,11337242.0,2025-02-20
Sistema,11281495.0,2025-02-21
Sistema,10552003.0,2025-02-22
Sistema,10080625.0,2025-02-23
Sistema,11128084.0,2025-02-24
Sistema,11339393.0,2025-02-25
Sistema,11233208.0,2025-02-26
Sistema,11263707.0,2025-02-27
Sistema,11164823.0,2025-02-28
Sistema,10624269.0,2025-03-01
Sistema,10034912.0,2025-03-02
Sistema,11026992.0,2025-03-03
Sistema,11111309.0,2025-03-04
Sistema,11165801.0,2025-03-05
Sistema,11219868.0,2025-03-06
Sistema,11280475.0,2025-03-07
Sistema,10682550.0,2025-03-08
Sistema,10181052.0,2025-03-09
Sistema,11306673.0,2025-03-10
Sistema,11277265.0,2025-03-11
Sistema,11213631.0,2025-03-12
Sistema,11339686.0,2025-03-13
Sistema,11208528.0,2025-03-14
Sistema,10644340.0,2025-03-15
Sistema,10074373.0,2025-03-16
Sistema,11148520.0,2025-03-17
Sistema,11130483.0,2025-03-18
Sistema,11195383.0,2025-03-19
Sistema,11424429.0,2025-03-20
Sistema,11455745.0,2025-03-21
Sistema,10975698.0,2025-03-22
Sistema,10185399.0,2025-03-23
Sistema,10784802.0,2025-03-24
Sistema,11722052.0,2025-03-25
Sistema,11449566.0,2025-03-26
Sistema,11474664.0,2025-03-27
Sistema,11334790.0,2025-03-28
Sistema,10814181.0,2025-03-29
Sistema,10119395.0,2025-03-30
Sistema,11149674.0,2025-03-31
Sistema,11102507.0,2025-04-01
Sistema,11228770.0,2025-04-02
Sistema,11155138.0,2025-04-03
Sistema,11037252.0,2025-04-04
Sistema,10704882.0,2025-04-05
Sistema,10001683.0,2025-04-06
Sistema,11249470.0,2025-04-07
Sistema,11202825.0,2025-04-08
Sistema,11215933.0,2025-04-09
Sistema,11057452.0,2025-04-10
Sistema,10778280.0,2025-04-11
Sistema,10760639.0,2025-04-12
Sistema,10407491.0,2025-04-13
Sistema,11349543.0,2025-04-14
Sistema,11339205.0,2025-04-15
Sistema,11332622.0,2025-04-16
Sistema,10056797.0,2025-04-17
Sistema,9632285.0,2025-04-18
Sistema,10249284.0,2025-04-19
Sistema,10093824.0,2025-04-20
Sistema,11177994.0,2025-04-21
Sistema,11109893.0,2025-04-22
Sistema,11223764.0,2025-04-23
Sistema,11367820.0,2025-04-24
Sistema,11152982.0,2025-04-25
Sistema,10627257.0,2025-04-26
Sistema,10080827.0,2025-04-27
Sistema,11125902.0,2025-04-28
Sistema,11125620.0,2025-04-29
Sistema,11034950.0,2025-04-30
Sistema,10330316.0,2025-05-01
Sistema,11110475.0,2025-05-02
Sistema,10239194.0,2025-05-03
Sistema,9932834.0,2025-05-04
Sistema,10912146.0,2025-05-05
Sistema,11095290.0,2025-05-06
Sistema,11016246.0,2025-05-07
Sistema,11076062.0,2025-05-08
Sistema,11363940.0,2025-05-09
Sistema,10864544.0,2025-05-10
Sistema,10045613.0,2025-05-11
Sistema,11639652.0,2025-05-12
Sistema,11449144.0,2025-05-13
Sistema,11535717.0,2025-05-14
Sistema,10934030.0,2025-05-15
Sistema,11030513.0,2025-05-16
Sistema,10336603.0,2025-05-17
Sistema,9894837.0,2025-05-18
Sistema,11058890.0,2025-05-19
Sistema,11223083.0,2025-05-20
Sistema,11469013.0,2025-05-21
Sistema,11408965.0,2025-05-22
Sistema,11634798.0,2025-05-23
Sistema,10947009.0,2025-05-24
Sistema,10311781.0,2025-05-25
Sistema,11307820.0,2025-05-26
Sistema,11272337.0,2025-05-27
Sistema,11525101.0,2025-05-28
Sistema,11544181.0,2025-05-29
Sistema,11453130.0,2025-05-30
Sistema,10566808.0,2025-05-31
Sistema,9870509.0,2025-06-01
Sistema,10419896.0,2025-06-02
Sistema,11216782.0,2025-06-03
Sistema,11435196.0,2025-06-04
Sistema,11477596.0,2025-06-05
Sistema,11305331.0,2025-06-06
Sistema,10908093.0,2025-06-07
Sistema,10476924.0,2025-06-08
Sistema,11366991.0,2025-06-09
Sistema,11286050.0,2025-06-10
Sistema,11221860.0,2025-06-11
Sistema,11164579.0,2025-06-12
Sistema,10865219.0,2025-06-13
Sistema,10329453.0,2025-06-14
Sistema,9809997.0,2025-06-15
Sistema,11279925.0,2025-06-16
Sistema,11071432.0,2025-06-17
Sistema,11488497.0,2025-06-18
Sistema,11603597.0,2025-06-19
Sistema,11522258.0,2025-06-20
Sistema,10945349.0,2025-06-21
Sistema,9775707.0,2025-06-22
Sistema,10185493.0,2025-06-23
Sistema,11124163.0,2025-06-24
Sistema,11384680.0,2025-06-25
Sistema,11508333.0,2025-06-26
Sistema,11335100.0,2025-06-27
Sistema,10697366.0,2025-06-28
Sistema,9954359.0,2025-06-29
Sistema,10443070.0,2025-06-30
Sistema,11324564.0,2025-07-01
Sistema,11514619.0,2025-07-02
Sistema,11455845.0,2025-07-03
Sistema,11258190.0,2025-07-04
Sistema,10568817.0,2025-07-05
Sistema,10141758.0,2025-07-06
Sistema,11519355.0,2025-07-07
Sistema,11539606.0,2025-07-08
Sistema,11637900.0,2025-07-09
Sistema,11602887.0,2025-07-10
Sistema,11438732.0,2025-07-11
Sistema,10802495.0,2025-07-12
Sistema,10279081.0,2025-07-13
Sistema,11458393.0,2025-07-14
Sistema,11578322.0,2025-07-15
Sistema,11576523.0,2025-07-16
Sistema,11641070.0,2025-07-17
Sistema,11665104.0,2025-07-18
Sistema,11065394.0,2025-07-19
Sistema,10426484.0,2025-07-20
Sistema,11690109.0,2025-07-21
Sistema,11689815.0,2025-07-22
Sistema,11675696.0,2025-07-23
Sistema,11740136.0,2025-07-24
Sistema,11588453.0,2025-07-25
Sistema,10808729.0,2025-07-26
Sistema,10355215.0,2025-07-27
Sistema,11680105.0,2025-07-28
Sistema,11417133.0,2025-07-29
Sistema,11605324.0,2025-07-30
Sistema,11760390.0,2025-07-31
Sistema,11706209.0,2025-08-01
Sistema,10842379.0,2025-08-02
Sistema,9990530.0,2025-08-03
Sistema,11435985.0,2025-08-04
Sistema,11334202.0,2025-08-05
Sistema,11427096.0,2025-08-06
Sistema,10781689.0,2025-08-07
Sistema,11423979.0,2025-08-08
Sistema,10390938.0,2025-08-09
Sistema,9836349.0,2025-08-10
Sistema,11443470.0,2025-08-11
Sistema,11689338.0,2025-08-12
Sistema,11591172.0,2025-08-13
Sistema,11683173.0,2025-08-14
Sistema,11296601.0,2025-08-15
Sistema,10645706.0,2025-08-16
Sistema,9860177.0,2025-08-17
Sistema,10634823.0,2025-08-18
Sistema,11685194.0,2025-08-19
Sistema,11723308.0,2025-08-20
Sistema,11838178.0,2025-08-21
Sistema,11841020.0,2025-08-22
Sistema,11007201.0,2025-08-23
Sistema,10598916.0,2025-08-24
Sistema,11785672.0,2025-08-25
Sistema,11943032.0,2025-08-26
Sistema,11941974.0,2025-08-27
Sistema,11955584.0,2025-08-28
Sistema,11924312.0,2025-08-29
Sistema,11030513.0,2025-08-30
Sistema,10413770.0,2025-08-31
