Code,Name,Type,Disp,RecType,CompanyCode,EnerSource,OperStartdate,State
2QBW,EL POPAL,HIDRAULICA,NO DESPACHADO CENTRALMENTE,NORMAL,ISGG,AGUA,2014-03-31,OPERACION
2QEK,SALTO II,HIDRAULICA,DESPACHADO CENTRALMENTE,FILO DE AGUA,ENDG,AGUA,2014-06-25,OPERACION
2QRL,LA REBUSCA,HIDRAULICA,NO DESPACHADO CENTRALMENTE,GEN. DISTRIBUIDA,HZEG,AGUA,2014-07-24,OPERACION
2QV2,BAJO TULUA,HIDRAULICA,NO DESPACHADO CENTRALMENTE,NORMAL,EPSG,AGUA,2015-01-30,OPERACION
2R22,LAGUNETA,HIDRAULICA,NO DESPACHADO CENTRALMENTE,NORMAL,ENDG,AGUA,2014-12-17,OPERACION
2S6Q,AUTOG YAGUARITO 1,TERMICA,NO DESPACHADO CENTRALMENTE,AUTOGENERADOR,EMSG,BIOGAS,2016-03-22,OPERACION
2S6S,AUTOG ARGOS YUMBO 1,TERMICA,NO DESPACHADO CENTRALMENTE,NORMAL,DEPG,CARBON,2016-03-20,OPERACION
2S6U,AUTOG ARGOS EL CAIRO,HIDRAULICA,NO DESPACHADO CENTRALMENTE,AUTOGENERADOR,SOCG,AGUA,2017-09-29,OPERACION
2S78,LA FRISOLERA,HIDRAULICA,NO DESPACHADO CENTRALMENTE,GEN. DISTRIBUIDA,SGMG,AGUA,2016-04-29,OPERACION
2S8G,AUTOG ARGOS TOLUVIEJO,TERMICA,NO DESPACHADO CENTRALMENTE,AUTOGENERADOR,EPSG,CARBON,2016-03-03,PRUEBAS
2S8I,AUTOG REFICAR 1,TERMICA,NO DESPACHADO CENTRALMENTE,AUTOGENERADOR,GECG,GAS,2016-04-26,OPERACION
2S8N,GUAVIO MENOR,HIDRAULICA,NO DESPACHADO CENTRALMENTE,NORMAL,ENDG,AGUA,2016-04-27,OPERACION
2S8S,DOÑA JUANA,TERMICA,NO DESPACHADO CENTRALMENTE,NORMAL,BDJG,BIOGAS,2016-04-29,OPERACION
2S8U,PORCE III MENOR,HIDRAULICA,NO DESPACHADO CENTRALMENTE,NORMAL,EPMG,AGUA,2016-04-25,OPERACION
2S9L,EL COCUYO,HIDRAULICA,NO DESPACHADO CENTRALMENTE,GEN. DISTRIBUIDA,PCYG,AGUA,2016-05-20,OPERACION
2S9Q,TEQUENDAMA BIOGAS,TERMICA,NO DESPACHADO CENTRALMENTE,NORMAL,VESG,BIOGAS,2016-06-25,OPERACION
2SDR,ALEJANDRIA,HIDRAULICA,NO DESPACHADO CENTRALMENTE,NORMAL,GALG,AGUA,2017-03-02,OPERACION
2SI1,MORRO AZUL,HIDRAULICA,NO DESPACHADO CENTRALMENTE,NORMAL,RENG,AGUA,2016-09-10,OPERACION
2SS2,MAGALLO,HIDRAULICA,NO DESPACHADO CENTRALMENTE,NORMAL,HCCG,AGUA,2016-12-22,OPERACION
2SW1,EL EDEN,HIDRAULICA,NO DESPACHADO CENTRALMENTE,NORMAL,PRIG,AGUA,2017-03-02,OPERACION
2SXQ,BIOENERGY,COGENERADOR,NO DESPACHADO CENTRALMENTE,COGENERADOR,CHVG,BAGAZO,2017-04-22,OPERACION
2T1L,EL MOLINO,HIDRAULICA,NO DESPACHADO CENTRALMENTE,NORMAL,ISGG,AGUA,2017-04-19,OPERACION
2T4P,SAN MATIAS,HIDRAULICA,NO DESPACHADO CENTRALMENTE,NORMAL,ISGG,AGUA,2017-04-25,OPERACION
2T7D,AUTOG CANTAYUS,HIDRAULICA,NO DESPACHADO CENTRALMENTE,AUTOGENERADOR,GECG,AGUA,2017-05-20,OPERACION
2TUT,LUZMA I,HIDRAULICA,NO DESPACHADO CENTRALMENTE,NORMAL,ISGG,AGUA,2017-10-07,OPERACION
2TUV,LUZMA II,HIDRAULICA,NO DESPACHADO CENTRALMENTE,NORMAL,ISGG,AGUA,2017-10-07,OPERACION
2TYI,AUTOG CELSIA SOLAR YUMBO,SOLAR,NO DESPACHADO CENTRALMENTE,AUTOGENERADOR,EPSG,RAD SOLAR,2017-09-03,PRUEBAS
2U1G,LAS PALMAS,HIDRAULICA,NO DESPACHADO CENTRALMENTE,NORMAL,GNCG,AGUA,2017-08-30,OPERACION
2U5P,PROENCA II 1,TERMICA,NO DESPACHADO CENTRALMENTE,NORMAL,PECG,CARBON,2017-10-10,OPERACION
2U8Y,TERMOMECHERO 5,TERMICA,NO DESPACHADO CENTRALMENTE,NORMAL,TMMG,GAS,2017-12-16,OPERACION
2U91,TERMOMECHERO 6,TERMICA,NO DESPACHADO CENTRALMENTE,NORMAL,TMMG,GAS,2018-02-02,OPERACION
2U93,TERMOMECHERO 4,TERMICA,NO DESPACHADO CENTRALMENTE,NORMAL,TMMG,GAS,2018-02-02,OPERACION
2UP2,COGENERADOR MANUELITA 2,COGENERADOR,NO DESPACHADO CENTRALMENTE,COGENERADOR,EEPG,BAGAZO,2024-12-06,OPERACION
2UPD,TEQUENDAMA 2,HIDRAULICA,NO DESPACHADO CENTRALMENTE,NORMAL,ENDG,AGUA,2018-02-28,OPERACION
2UPF,TEQUENDAMA 3,HIDRAULICA,NO DESPACHADO CENTRALMENTE,NORMAL,ENDG,AGUA,2018-02-28,OPERACION
2UPH,TEQUENDAMA 4,HIDRAULICA,NO DESPACHADO CENTRALMENTE,NORMAL,ENDG,AGUA,2018-02-28,OPERACION
2UPJ,TEQUENDAMA 1,HIDRAULICA,NO DESPACHADO CENTRALMENTE,NORMAL,ENDG,AGUA,2018-02-28,OPERACION
2UR5,SAN JOSE DE LA MONTAÑA II,HIDRAULICA,NO DESPACHADO CENTRALMENTE,NORMAL,GPEG,AGUA,2018-10-06,OPERACION
2UX3,AURES BAJO,HIDRAULICA,NO DESPACHADO CENTRALMENTE,NORMAL,ABAG,AGUA,2018-12-12,OPERACION
2V25,AUTOG ARGOS SOGAMOSO 1,TERMICA,NO DESPACHADO CENTRALMENTE,AUTOGENERADOR,SOCG,CARBON,2018-10-02,OPERACION
2V27,AUTOG COCA-COLA FEMSA 1,TERMICA,NO DESPACHADO CENTRALMENTE,AUTOGENERADOR,DEPG,GAS,2018-07-25,OPERACION
2V5G,JUAN GARCIA,HIDRAULICA,NO DESPACHADO CENTRALMENTE,NORMAL,GPEG,AGUA,2018-09-12,OPERACION
2VJS,CELSIA SOLAR BOLIVAR,SOLAR,NO DESPACHADO CENTRALMENTE,NORMAL,EPSG,RAD SOLAR,2019-02-03,PRUEBAS
2WC5,MULATOS II,HIDRAULICA,NO DESPACHADO CENTRALMENTE,NORMAL,ESUG,AGUA,2019-08-26,OPERACION
2WFN,TERMOCAPACHOS 1,TERMICA,NO DESPACHADO CENTRALMENTE,NORMAL,GSAG,GAS,2019-08-04,OPERACION
2XXR,AGPE - ECOPETROL LA HORMIGA,TERMICA,NO DESPACHADO CENTRALMENTE,AUTOG PEQ. ESCALA,GECG,GAS,2019-09-16,OPERACION
2YB9,AUTOG ECOPETROL ORITO,TERMICA,NO DESPACHADO CENTRALMENTE,AUTOGENERADOR,GECG,GAS,2019-11-07,PRUEBAS
2YIR,PCH LA LIBERTAD,HIDRAULICA,NO DESPACHADO CENTRALMENTE,NORMAL,EGEG,AGUA,2020-03-14,OPERACION
2YMA,AGPE NAFERTEX,SOLAR,NO DESPACHADO CENTRALMENTE,AUTOG PEQ. ESCALA,ETTC,RAD SOLAR,2019-11-27,OPERACION
2YNA,HIDROBARRANCAS,HIDRAULICA,NO DESPACHADO CENTRALMENTE,NORMAL,HBCG,AGUA,2020-11-26,OPERACION
2YQM,AGPE TECNOEMPAQUES DE OCCIDENTE,SOLAR,NO DESPACHADO CENTRALMENTE,AUTOG PEQ. ESCALA,BIAC,RAD SOLAR,2019-12-19,OPERACION
2YWY,AUTOG TURGAS,TERMICA,NO DESPACHADO CENTRALMENTE,AUTOGENERADOR,TRPG,GAS,2020-02-08,OPERACION
2Z66,AGPE SFV MCDONALDS SOLEDAD,SOLAR,NO DESPACHADO CENTRALMENTE,AUTOG PEQ. ESCALA,GNCC,RAD SOLAR,2020-02-27,OPERACION
2ZCF,SAN ANDRES DE CUERQUIA,HIDRAULICA,NO DESPACHADO CENTRALMENTE,NORMAL,EPSG,AGUA,2020-06-11,OPERACION
2ZHY,AUTOG CELSIA SOLAR ESPINAL,SOLAR,NO DESPACHADO CENTRALMENTE,AUTOGENERADOR,EPSG,RAD SOLAR,2020-05-31,PRUEBAS
2ZJT,AGPE HOTEL HACIENDA CASONA DEL SALITRE,SOLAR,NO DESPACHADO CENTRALMENTE,AUTOG PEQ. ESCALA,GNCC,RAD SOLAR,2020-05-21,OPERACION
2ZM3,AGPE DIEGO MONTESDEOCA ASSEFF,SOLAR,NO DESPACHADO CENTRALMENTE,AUTOG PEQ. ESCALA,ETTC,RAD SOLAR,2020-06-11,OPERACION
2ZMH,AGPE DEVIMED MARINILLA,SOLAR,NO DESPACHADO CENTRALMENTE,AUTOG PEQ. ESCALA,NRCC,RAD SOLAR,2020-06-18,OPERACION
2ZMJ,AGPE DEVIMED ENVIGADO,SOLAR,NO DESPACHADO CENTRALMENTE,AUTOG PEQ. ESCALA,NRCC,RAD SOLAR,2020-06-18,OPERACION
2ZML,AGPE DEVIMED BELLO,SOLAR,NO DESPACHADO CENTRALMENTE,AUTOG PEQ. ESCALA,NRCC,RAD SOLAR,2020-06-18,OPERACION
2ZP9,TRINA-VATIA BSLI,SOLAR,NO DESPACHADO CENTRALMENTE,NORMAL,ISGG,RAD SOLAR,2020-09-10,PRUEBAS
2ZS3,AGPE HERNAN DARIO EUSSE,SOLAR,NO DESPACHADO CENTRALMENTE,AUTOG PEQ. ESCALA,ETTC,RAD SOLAR,2020-07-30,OPERACION
2ZXL,AGPE JUAN CARLOS CALDERON GARCIA,SOLAR,NO DESPACHADO CENTRALMENTE,AUTOG PEQ. ESCALA,NRCC,RAD SOLAR,2020-08-20,OPERACION
2ZXN,AGPE DEVIMED COPACABANACASETA,SOLAR,NO DESPACHADO CENTRALMENTE,AUTOG PEQ. ESCALA,NRCC,RAD SOLAR,2020-08-27,OPERACION
3A44,PLANTA SOLAR BAYUNCA I,SOLAR,NO DESPACHADO CENTRALMENTE,NORMAL,UNGG,RAD SOLAR,2020-09-30,PRUEBAS
3A45,AGPE  BOSQUES RIVERA II,SOLAR,NO DESPACHADO CENTRALMENTE,AUTOG PEQ. ESCALA,GNCC,RAD SOLAR,2020-09-24,OPERACION
3A47,AGPE EDIFICIO CHICO 103-PH,SOLAR,NO DESPACHADO CENTRALMENTE,AUTOG PEQ. ESCALA,ETTC,RAD SOLAR,2020-09-24,OPERACION
3A4R,AGPE CALZATODO ACOPI YUMBO,SOLAR,NO DESPACHADO CENTRALMENTE,AUTOG PEQ. ESCALA,EPSC,RAD SOLAR,2020-10-01,OPERACION
3A7F,AGPE LICEO NUEVA GENERACIÓN,SOLAR,NO DESPACHADO CENTRALMENTE,AUTOG PEQ. ESCALA,GNCC,RAD SOLAR,2020-10-15,OPERACION
3AB6,AGPE MADOCO SIGLO XXI,SOLAR,NO DESPACHADO CENTRALMENTE,AUTOG PEQ. ESCALA,GNCC,RAD SOLAR,2020-10-29,OPERACION
3AB8,AGPE VENTANAR I,SOLAR,NO DESPACHADO CENTRALMENTE,AUTOG PEQ. ESCALA,RTQC,RAD SOLAR,2020-10-29,OPERACION
3ACC,CELSIA SOLAR CARMELO,SOLAR,NO DESPACHADO CENTRALMENTE,AUTOGENERADOR,EPSG,RAD SOLAR,2020-12-27,PRUEBAS
3ADA,AUTOG PTAR BELLO,TERMICA,NO DESPACHADO CENTRALMENTE,AUTOGENERADOR,EPMG,BIOGAS,2020-11-30,OPERACION
3AFQ,POCUNE,HIDRAULICA,NO DESPACHADO CENTRALMENTE,NORMAL,RTAG,AGUA,2020-12-01,OPERACION
3AL4,AGPE PLASTICOS MINIPET,SOLAR,NO DESPACHADO CENTRALMENTE,AUTOG PEQ. ESCALA,GNCC,RAD SOLAR,2020-12-31,OPERACION
3ANH,AGPE PAPEL CARD,SOLAR,NO DESPACHADO CENTRALMENTE,AUTOG PEQ. ESCALA,NEUC,RAD SOLAR,2021-01-07,OPERACION
3AOY,AGPE FODUN,SOLAR,NO DESPACHADO CENTRALMENTE,AUTOG PEQ. ESCALA,NEUC,RAD SOLAR,2021-01-14,OPERACION
3AQP,CAUYA,HIDRAULICA,NO DESPACHADO CENTRALMENTE,NORMAL,SFEG,AGUA,2022-04-25,OPERACION
3AR2,AGPE I.A. INGENIERIA EN ALIMENTOS,SOLAR,NO DESPACHADO CENTRALMENTE,AUTOG PEQ. ESCALA,NEUC,RAD SOLAR,2021-02-04,OPERACION
3AWC,AGPE PROYECTO SOLAR EL ARRIERO,SOLAR,NO DESPACHADO CENTRALMENTE,AUTOG PEQ. ESCALA,GNCC,RAD SOLAR,2021-02-25,OPERACION
3AXV,AGPE INGENIO DE OCCIDENTE,TERMICA,NO DESPACHADO CENTRALMENTE,AUTOG PEQ. ESCALA,EMEG,BAGAZO,2021-03-03,OPERACION
3B4G,AGPE CLODEL,SOLAR,NO DESPACHADO CENTRALMENTE,AUTOG PEQ. ESCALA,NEUC,RAD SOLAR,2021-03-18,OPERACION
3B4L,GRANJA SOLAR BELMONTE,SOLAR,NO DESPACHADO CENTRALMENTE,NORMAL,EEPG,RAD SOLAR,2021-04-30,PRUEBAS
3BCM,AGPE MUNDO GUARIGUA,SOLAR,NO DESPACHADO CENTRALMENTE,AUTOG PEQ. ESCALA,RTQC,RAD SOLAR,2021-04-08,OPERACION
3BCR,AGPE ALURACK,SOLAR,NO DESPACHADO CENTRALMENTE,AUTOG PEQ. ESCALA,NEUC,RAD SOLAR,2021-04-08,OPERACION
3BFL,AGPE TOSTADITOS SUSANITA,SOLAR,NO DESPACHADO CENTRALMENTE,AUTOG PEQ. ESCALA,NEUC,RAD SOLAR,2021-04-29,OPERACION
3BFN,AGPE FERBIENES,SOLAR,NO DESPACHADO CENTRALMENTE,AUTOG PEQ. ESCALA,NEUC,RAD SOLAR,2021-04-29,OPERACION
3BJG,AGPE NATALIA RAMIREZ,SOLAR,NO DESPACHADO CENTRALMENTE,AUTOG PEQ. ESCALA,NEUC,RAD SOLAR,2021-05-06,OPERACION
3BJN,AGPE EDUARDO BOTERO,SOLAR,NO DESPACHADO CENTRALMENTE,AUTOG PEQ. ESCALA,NEUC,RAD SOLAR,2021-05-13,OPERACION
3BJP,AGPE AGROMONTE POSCOSECHA,SOLAR,NO DESPACHADO CENTRALMENTE,AUTOG PEQ. ESCALA,NRCC,RAD SOLAR,2021-05-13,OPERACION
3BJR,AGPE AGRODEX,SOLAR,NO DESPACHADO CENTRALMENTE,AUTOG PEQ. ESCALA,NEUC,RAD SOLAR,2021-05-13,OPERACION
3BM1,AGPE SOCODA,SOLAR,NO DESPACHADO CENTRALMENTE,AUTOG PEQ. ESCALA,GNCC,RAD SOLAR,2021-05-20,OPERACION
3BNL,AGPE COLOMBOALEMANA,SOLAR,NO DESPACHADO CENTRALMENTE,AUTOG PEQ. ESCALA,RTQC,RAD SOLAR,2021-05-27,OPERACION
3BPX,AGPE DATECSA,SOLAR,NO DESPACHADO CENTRALMENTE,AUTOG PEQ. ESCALA,GNCC,RAD SOLAR,2021-06-03,OPERACION
3BXX,AGPE JUAN CARLOS VILLA,SOLAR,NO DESPACHADO CENTRALMENTE,AUTOG PEQ. ESCALA,NEUC,RAD SOLAR,2021-07-15,OPERACION
3BYG,AGPE SUPERMERCADO EL PROVEEDOR,SOLAR,NO DESPACHADO CENTRALMENTE,AUTOG PEQ. ESCALA,GNCC,RAD SOLAR,2021-07-22,OPERACION
3BZB,CELSIA SOLAR LA PAILA,SOLAR,NO DESPACHADO CENTRALMENTE,NORMAL,EPSG,RAD SOLAR,2021-08-07,PRUEBAS
3C37,AGPE CASA TADEO ZIRENE,SOLAR,NO DESPACHADO CENTRALMENTE,AUTOG PEQ. ESCALA,GNCC,RAD SOLAR,2021-08-12,PRUEBAS
3C39,AGPE JAIME AMIN,SOLAR,NO DESPACHADO CENTRALMENTE,AUTOG PEQ. ESCALA,GNCC,RAD SOLAR,2021-08-12,PRUEBAS
3C3B,AGPE ANDRES GOMEZ,SOLAR,NO DESPACHADO CENTRALMENTE,AUTOG PEQ. ESCALA,NEUC,RAD SOLAR,2021-08-12,OPERACION
3C3D,AGPE CARLOS ENRIQUE VELEZ,SOLAR,NO DESPACHADO CENTRALMENTE,AUTOG PEQ. ESCALA,NEUC,RAD SOLAR,2021-08-12,OPERACION
3C3X,AUTOG INGENIO MARIA LUISA 1,TERMICA,NO DESPACHADO CENTRALMENTE,AUTOGENERADOR,DEPG,BAGAZO,2021-08-14,OPERACION
3C3Z,LA SIERPE,SOLAR,NO DESPACHADO CENTRALMENTE,NORMAL,AAGG,RAD SOLAR,2021-09-25,PRUEBAS
3C4J,AGPE CC PREMIUM PLAZA PH 70973,SOLAR,NO DESPACHADO CENTRALMENTE,AUTOG PEQ. ESCALA,ETTC,RAD SOLAR,2020-10-22,OPERACION
3C4L,AGPE CC PREMIUM PLAZA PH 70970,SOLAR,NO DESPACHADO CENTRALMENTE,AUTOG PEQ. ESCALA,ETTC,RAD SOLAR,2020-10-22,OPERACION
3C4N,AGPE CC PREMIUM PLAZA PH 64929,SOLAR,NO DESPACHADO CENTRALMENTE,AUTOG PEQ. ESCALA,ETTC,RAD SOLAR,2020-10-22,OPERACION
3C4P,AGPE CC PREMIUM PLAZA PH 70972,SOLAR,NO DESPACHADO CENTRALMENTE,AUTOG PEQ. ESCALA,ETTC,RAD SOLAR,2020-10-22,OPERACION
3C4R,AGPE CC PREMIUM PLAZA PH 70971,SOLAR,NO DESPACHADO CENTRALMENTE,AUTOG PEQ. ESCALA,ETTC,RAD SOLAR,2020-10-29,OPERACION
3C4T,AGPE AGROMONTE CASA DE PEDRO,SOLAR,NO DESPACHADO CENTRALMENTE,AUTOG PEQ. ESCALA,NRCC,RAD SOLAR,2021-08-19,OPERACION
3C4V,AUTOG TERMOTAME,TERMICA,NO DESPACHADO CENTRALMENTE,AUTOGENERADOR,GSAG,GAS,2021-09-02,OPERACION
3CC3,AGPE CASA RICHARD - MALIBU,SOLAR,NO DESPACHADO CENTRALMENTE,AUTOG PEQ. ESCALA,ETTC,RAD SOLAR,2021-09-09,OPERACION
3CCW,AGPE FIRPLAK,SOLAR,NO DESPACHADO CENTRALMENTE,AUTOG PEQ. ESCALA,NEUC,RAD SOLAR,2021-09-09,OPERACION
3CDX,AGPE AVICOLA EL MANATIAL,SOLAR,NO DESPACHADO CENTRALMENTE,AUTOG PEQ. ESCALA,QIEC,RAD SOLAR,2021-08-31,OPERACION
3CG9,LA CHORRERA,HIDRAULICA,NO DESPACHADO CENTRALMENTE,NORMAL,HEMG,AGUA,2022-05-31,OPERACION
3CGB,AGPE MADOCO SIGLO XXI SEDE II,SOLAR,NO DESPACHADO CENTRALMENTE,AUTOG PEQ. ESCALA,GNCC,RAD SOLAR,2021-09-30,PRUEBAS
3CKF,AGPE COLUMBUS SCHOOL,SOLAR,NO DESPACHADO CENTRALMENTE,AUTOG PEQ. ESCALA,EPSC,RAD SOLAR,2021-10-31,PRUEBAS
3CKQ,AGPE LA VALLENATA,SOLAR,NO DESPACHADO CENTRALMENTE,AUTOG PEQ. ESCALA,TPLC,RAD SOLAR,2021-10-30,PRUEBAS
3CL1,AGPE 125 GT CARRERA,SOLAR,NO DESPACHADO CENTRALMENTE,AUTOG PEQ. ESCALA,EXEC,RAD SOLAR,2021-09-30,OPERACION
3CN1,AGPE JUAN CARLOS DIAZ,SOLAR,NO DESPACHADO CENTRALMENTE,AUTOG PEQ. ESCALA,NEUC,RAD SOLAR,2021-10-01,PRUEBAS
3CPK,AGPE OLIMPICA PIVIJAY,SOLAR,NO DESPACHADO CENTRALMENTE,AUTOG PEQ. ESCALA,GNCC,RAD SOLAR,2021-10-31,PRUEBAS
3CSF,AGPE SULFOQUIMICAS,SOLAR,NO DESPACHADO CENTRALMENTE,AUTOG PEQ. ESCALA,NEUC,RAD SOLAR,2021-10-29,PRUEBAS
3CSH,GY SOLAR AURORA,SOLAR,NO DESPACHADO CENTRALMENTE,NORMAL,GNYG,RAD SOLAR,2022-08-11,PRUEBAS
3CUW,AGPE PEDRO LEMUS,SOLAR,NO DESPACHADO CENTRALMENTE,AUTOG PEQ. ESCALA,NEUC,RAD SOLAR,2021-11-11,OPERACION
3D3O,AGPE CLINICA SANTA ANA,SOLAR,NO DESPACHADO CENTRALMENTE,AUTOG PEQ. ESCALA,NEUC,RAD SOLAR,2021-11-25,OPERACION
3D6C,AGPE LICORES DE CUNDINAMARCA,SOLAR,NO DESPACHADO CENTRALMENTE,AUTOG PEQ. ESCALA,GNCC,RAD SOLAR,2021-12-02,OPERACION
3D8B,AGPE INVERSIONES GLP,SOLAR,NO DESPACHADO CENTRALMENTE,AUTOG PEQ. ESCALA,ETTC,RAD SOLAR,2021-12-09,OPERACION
3D8D,AGPE BIOEMPACK,SOLAR,NO DESPACHADO CENTRALMENTE,AUTOG PEQ. ESCALA,NRCC,RAD SOLAR,2021-12-09,OPERACION
3D8F,AGPE NOVATRONICA,SOLAR,NO DESPACHADO CENTRALMENTE,AUTOG PEQ. ESCALA,NRCC,RAD SOLAR,2021-12-09,OPERACION
3DBG,AGPE MANUFACTURAS VICO,SOLAR,NO DESPACHADO CENTRALMENTE,AUTOG PEQ. ESCALA,ETTC,RAD SOLAR,2021-12-16,OPERACION
3DBI,AGPE ALVARO HOYOS,SOLAR,NO DESPACHADO CENTRALMENTE,AUTOG PEQ. ESCALA,NEUC,RAD SOLAR,2021-12-16,OPERACION
3DDT,LATAM SOLAR LA LOMA,SOLAR,DESPACHADO CENTRALMENTE,NORMAL,ENDG,RAD SOLAR,2024-06-24,OPERACION
3DGL,AGPE ERIKA MEJIA,SOLAR,NO DESPACHADO CENTRALMENTE,AUTOG PEQ. ESCALA,NEUC,RAD SOLAR,2021-12-30,OPERACION
3DIH,AGPE UNIDROGAS,SOLAR,NO DESPACHADO CENTRALMENTE,AUTOG PEQ. ESCALA,GNCC,RAD SOLAR,2022-01-13,OPERACION
3DIJ,AGPE CASA VALENTINA,SOLAR,NO DESPACHADO CENTRALMENTE,AUTOG PEQ. ESCALA,QIEC,RAD SOLAR,2022-01-13,OPERACION
3DKZ,AGPE CDL LEONISA,SOLAR,NO DESPACHADO CENTRALMENTE,AUTOG PEQ. ESCALA,NEUC,RAD SOLAR,2022-01-20,OPERACION
3DL2,AGPE SOL BEATRIZ ARANGO,SOLAR,NO DESPACHADO CENTRALMENTE,AUTOG PEQ. ESCALA,NEUC,RAD SOLAR,2022-01-20,OPERACION
3DM3,AGPE ELIANA GARZON,SOLAR,NO DESPACHADO CENTRALMENTE,AUTOG PEQ. ESCALA,ETTC,RAD SOLAR,2022-01-27,OPERACION
3DP6,AGPE GT RED SONORA LOS ANDE,SOLAR,NO DESPACHADO CENTRALMENTE,AUTOG PEQ. ESCALA,ENBC,RAD SOLAR,2022-02-03,OPERACION
3DP8,AGPE IE SALAZAR Y HERRERA,SOLAR,NO DESPACHADO CENTRALMENTE,AUTOG PEQ. ESCALA,ETTC,RAD SOLAR,2022-02-03,OPERACION
3DPN,AGPE DORICOLOR,SOLAR,NO DESPACHADO CENTRALMENTE,AUTOG PEQ. ESCALA,NEUC,RAD SOLAR,2022-02-06,OPERACION
3DQA,AGPE AVOFRUIT,SOLAR,NO DESPACHADO CENTRALMENTE,AUTOG PEQ. ESCALA,EEPC,RAD SOLAR,2022-02-10,OPERACION
3DQC,AGPE CLUB CAMPESTRE,SOLAR,NO DESPACHADO CENTRALMENTE,AUTOG PEQ. ESCALA,EEPC,RAD SOLAR,2022-02-10,OPERACION
3DSO,HELIOS I,SOLAR,NO DESPACHADO CENTRALMENTE,NORMAL,EBSG,RAD SOLAR,2022-03-03,PRUEBAS
3DST,AGPE PCP,SOLAR,NO DESPACHADO CENTRALMENTE,AUTOG PEQ. ESCALA,EEPC,RAD SOLAR,2022-02-24,OPERACION
3DXJ,LAS VIOLETAS,HIDRAULICA,NO DESPACHADO CENTRALMENTE,NORMAL,PCYG,AGUA,2022-03-30,OPERACION
3E1W,AGPE RELIANZ GALAPA,SOLAR,NO DESPACHADO CENTRALMENTE,AUTOG PEQ. ESCALA,ENDC,RAD SOLAR,2022-03-24,OPERACION
3E2I,AGPE EL HUECO BELLEZA,SOLAR,NO DESPACHADO CENTRALMENTE,AUTOG PEQ. ESCALA,GNCC,RAD SOLAR,2022-03-31,OPERACION
3E5O,AGPE EMPAQUETADURAS DARROW,SOLAR,NO DESPACHADO CENTRALMENTE,AUTOG PEQ. ESCALA,GNCC,RAD SOLAR,2022-04-14,OPERACION
3E6A,AGPE COLOMBIANA DE PET,SOLAR,NO DESPACHADO CENTRALMENTE,AUTOG PEQ. ESCALA,NEUC,RAD SOLAR,2022-04-21,OPERACION
3E6C,AGPE AURELIO LLANO,SOLAR,NO DESPACHADO CENTRALMENTE,AUTOG PEQ. ESCALA,NEUC,RAD SOLAR,2022-04-21,OPERACION
3E7C,AUTOG CELSIA SOLAR LEVAPAN,SOLAR,NO DESPACHADO CENTRALMENTE,AUTOGENERADOR,EPSG,RAD SOLAR,2022-06-11,PRUEBAS
3E8U,AGPE CASA GERMAN ROMERO FRIERI,SOLAR,NO DESPACHADO CENTRALMENTE,AUTOG PEQ. ESCALA,GNCC,RAD SOLAR,2022-05-05,OPERACION
3E8W,AGPE GRANJA SANTA ROSA,SOLAR,NO DESPACHADO CENTRALMENTE,AUTOG PEQ. ESCALA,GNCC,RAD SOLAR,2022-05-05,OPERACION
3E9G,AGPE ARISOL,SOLAR,NO DESPACHADO CENTRALMENTE,AUTOG PEQ. ESCALA,EPSC,RAD SOLAR,2022-05-12,OPERACION
3E9I,ZEUS,HIDRAULICA,NO DESPACHADO CENTRALMENTE,NORMAL,CHZG,AGUA,2022-05-19,OPERACION
3EAO,AGPE AGROINSUMOS,SOLAR,NO DESPACHADO CENTRALMENTE,AUTOG PEQ. ESCALA,EEPC,RAD SOLAR,2022-05-19,OPERACION
3EBN,GR PARQUE SOLAR TUCANES,SOLAR,NO DESPACHADO CENTRALMENTE,NORMAL,EPSG,RAD SOLAR,2022-05-31,PRUEBAS
3ECW,AGPE PANADERIA ZAPATOCA LA 43,SOLAR,NO DESPACHADO CENTRALMENTE,AUTOG PEQ. ESCALA,GNCC,RAD SOLAR,2022-05-26,OPERACION
3ED1,AUTOG GRAN COLOMBIA GOLD,HIDRAULICA,NO DESPACHADO CENTRALMENTE,AUTOGENERADOR,PRIG,AGUA,2022-05-31,OPERACION
3EDL,BOSQUES SOLARES DE LOS LLANOS 5,SOLAR,NO DESPACHADO CENTRALMENTE,NORMAL,ISGG,RAD SOLAR,2022-09-12,OPERACION
3EE4,PARQUE EOLICO GUAJIRA I,EOLICA,NO DESPACHADO CENTRALMENTE,NORMAL,ISGG,VIENTO,2022-04-30,PRUEBAS
3EEE,AGPE MEDICINA NUCLEAR,SOLAR,NO DESPACHADO CENTRALMENTE,AUTOG PEQ. ESCALA,NEUC,RAD SOLAR,2022-06-09,OPERACION
3EEI,AGPE SIMON GARCIA ORREGO,SOLAR,NO DESPACHADO CENTRALMENTE,AUTOG PEQ. ESCALA,NEUC,RAD SOLAR,2022-06-09,OPERACION
3EFT,AGPE AUTOSERVICIO MANA,SOLAR,NO DESPACHADO CENTRALMENTE,AUTOG PEQ. ESCALA,GNCC,RAD SOLAR,2022-06-09,OPERACION
3EFW,AGPE PLANTA BUGA,SOLAR,NO DESPACHADO CENTRALMENTE,AUTOG PEQ. ESCALA,TPLC,RAD SOLAR,2022-06-09,OPERACION
3EFY,BOSQUES SOLARES DE LOS LLANOS 4,SOLAR,NO DESPACHADO CENTRALMENTE,NORMAL,ISGG,RAD SOLAR,2022-09-12,OPERACION
3EG2,AGPE MARTINPLAST,SOLAR,NO DESPACHADO CENTRALMENTE,AUTOG PEQ. ESCALA,ETTC,RAD SOLAR,2022-06-09,OPERACION
3EGG,AGPE ALFREDO MARTINEZ,SOLAR,NO DESPACHADO CENTRALMENTE,AUTOG PEQ. ESCALA,EPSC,RAD SOLAR,2022-06-16,OPERACION
3EGI,AGPE ADIELA PALMA DE CADAVID,SOLAR,NO DESPACHADO CENTRALMENTE,AUTOG PEQ. ESCALA,EPSC,RAD SOLAR,2022-06-16,OPERACION
3EGK,AGPE CLINICA CLINALTEC,SOLAR,NO DESPACHADO CENTRALMENTE,AUTOG PEQ. ESCALA,EPSC,RAD SOLAR,2022-06-16,OPERACION
3EGM,AGPE GRAN AMERICAS FONTIBON 1,SOLAR,NO DESPACHADO CENTRALMENTE,AUTOG PEQ. ESCALA,EPSC,RAD SOLAR,2022-06-16,OPERACION
3EGO,AGPE INVESA,SOLAR,NO DESPACHADO CENTRALMENTE,AUTOG PEQ. ESCALA,EPSC,RAD SOLAR,2022-06-16,OPERACION
3EGQ,AGPE NACIONAL AVICOLA,SOLAR,NO DESPACHADO CENTRALMENTE,AUTOG PEQ. ESCALA,EPSC,RAD SOLAR,2022-06-16,OPERACION
3EGS,AGPE SURTIPLAZA,SOLAR,NO DESPACHADO CENTRALMENTE,AUTOG PEQ. ESCALA,EPSC,RAD SOLAR,2022-06-16,OPERACION
3EGU,AGPE EL HUECO PAPELERIA,SOLAR,NO DESPACHADO CENTRALMENTE,AUTOG PEQ. ESCALA,GNCC,RAD SOLAR,2022-06-16,OPERACION
3EGW,AGPE EL REFLEJO,SOLAR,NO DESPACHADO CENTRALMENTE,AUTOG PEQ. ESCALA,EPSC,RAD SOLAR,2022-06-16,OPERACION
3EHZ,AGPE RESTAURANTE ORO NEGRO,SOLAR,NO DESPACHADO CENTRALMENTE,AUTOG PEQ. ESCALA,GNCC,RAD SOLAR,2022-06-23,OPERACION
3EJI,AGPE CALARCA 2,SOLAR,NO DESPACHADO CENTRALMENTE,AUTOG PEQ. ESCALA,GNCC,RAD SOLAR,2022-07-01,OPERACION
3EJK,AGPE CALARCA 1,SOLAR,NO DESPACHADO CENTRALMENTE,AUTOG PEQ. ESCALA,GNCC,RAD SOLAR,2022-07-01,OPERACION
3EJM,AGPE RETYPACK SAS,SOLAR,NO DESPACHADO CENTRALMENTE,AUTOG PEQ. ESCALA,GNCC,RAD SOLAR,2022-07-01,OPERACION
3EJO,AGPE SANTIAGO CASTAÑO,SOLAR,NO DESPACHADO CENTRALMENTE,AUTOG PEQ. ESCALA,NEUC,RAD SOLAR,2022-06-30,OPERACION
3EL3,AGPE LABORATORIOS EDO,SOLAR,NO DESPACHADO CENTRALMENTE,AUTOG PEQ. ESCALA,GNCC,RAD SOLAR,2022-07-07,OPERACION
3EL5,AGPE HUGO RESTREPO,SOLAR,NO DESPACHADO CENTRALMENTE,AUTOG PEQ. ESCALA,GNCC,RAD SOLAR,2022-07-07,OPERACION
3EL7,AGPE RED WM IMPRESORES,SOLAR,NO DESPACHADO CENTRALMENTE,AUTOG PEQ. ESCALA,QIEC,RAD SOLAR,2022-07-07,OPERACION
3EL9,AGPE HOYOSTOOLS,SOLAR,NO DESPACHADO CENTRALMENTE,AUTOG PEQ. ESCALA,QIEC,RAD SOLAR,2022-07-07,OPERACION
3EM4,AGPE IMPORINOX,SOLAR,NO DESPACHADO CENTRALMENTE,AUTOG PEQ. ESCALA,EPSC,RAD SOLAR,2022-07-14,OPERACION
3EM6,AGPE LAVANDERIA BURBUJAS,SOLAR,NO DESPACHADO CENTRALMENTE,AUTOG PEQ. ESCALA,GNCC,RAD SOLAR,2022-07-14,OPERACION
3EM8,AGPE MOLDES Y MECANIZADOS,SOLAR,NO DESPACHADO CENTRALMENTE,AUTOG PEQ. ESCALA,GNCC,RAD SOLAR,2022-07-14,OPERACION
3ENA,TESORITO,TERMICA,DESPACHADO CENTRALMENTE,NORMAL,EPSG,GAS,2022-09-13,OPERACION
3ENC,AGPE COLORPLASTIC,SOLAR,NO DESPACHADO CENTRALMENTE,AUTOG PEQ. ESCALA,BIAC,RAD SOLAR,2022-07-21,OPERACION
3ENE,SINCE,SOLAR,NO DESPACHADO CENTRALMENTE,NORMAL,EPSG,RAD SOLAR,2022-09-10,PRUEBAS
3EO1,AGPE FRIOGAN 1,SOLAR,NO DESPACHADO CENTRALMENTE,AUTOG PEQ. ESCALA,DLRC,RAD SOLAR,2022-07-24,OPERACION
3EO3,AGPE FRIOGAN 2,SOLAR,NO DESPACHADO CENTRALMENTE,AUTOG PEQ. ESCALA,DLRC,RAD SOLAR,2022-07-24,OPERACION
3EO5,AGPE CASA GABRIEL ROSALES,SOLAR,NO DESPACHADO CENTRALMENTE,AUTOG PEQ. ESCALA,GNCC,RAD SOLAR,2022-07-28,OPERACION
3EO7,AGPE AVICOLA LA ESPERANZA,SOLAR,NO DESPACHADO CENTRALMENTE,AUTOG PEQ. ESCALA,GNCC,RAD SOLAR,2022-07-29,OPERACION
3EP6,AUTOG CELSIA SOLAR HARINAS,SOLAR,NO DESPACHADO CENTRALMENTE,AUTOGENERADOR,EPSG,RAD SOLAR,2022-09-21,PRUEBAS
3EPJ,AGPE DINISSAN,SOLAR,NO DESPACHADO CENTRALMENTE,AUTOG PEQ. ESCALA,GNCC,RAD SOLAR,2022-08-04,OPERACION
3EPL,AGPE CAMPOALEGRE,SOLAR,NO DESPACHADO CENTRALMENTE,AUTOG PEQ. ESCALA,RTQC,RAD SOLAR,2022-08-04,OPERACION
3EPN,AGPE JAIME QUINTERO,SOLAR,NO DESPACHADO CENTRALMENTE,AUTOG PEQ. ESCALA,ETTC,RAD SOLAR,2022-08-04,OPERACION
3ESO,AGPE EXPOFUTURO,SOLAR,NO DESPACHADO CENTRALMENTE,AUTOG PEQ. ESCALA,EEPC,RAD SOLAR,2022-08-18,OPERACION
3EV1,LOS CABALLEROS,SOLAR,NO DESPACHADO CENTRALMENTE,NORMAL,EPSG,RAD SOLAR,2022-09-15,PRUEBAS
3EV3,LA MEDINA,SOLAR,NO DESPACHADO CENTRALMENTE,NORMAL,EPSG,RAD SOLAR,2022-09-15,PRUEBAS
3EX9,AGPE FRIGORINUS,SOLAR,NO DESPACHADO CENTRALMENTE,AUTOG PEQ. ESCALA,NEUC,RAD SOLAR,2022-09-01,OPERACION
3EXB,CERRITOS,SOLAR,NO DESPACHADO CENTRALMENTE,NORMAL,EPSG,RAD SOLAR,2022-09-19,PRUEBAS
3EXH,PARQUE EÓLICO WESP01,EOLICA,NO DESPACHADO CENTRALMENTE,NORMAL,ISGG,VIENTO,2022-08-31,PRUEBAS
3F2N,AGPE SENA DOSQUEBRADAS,SOLAR,NO DESPACHADO CENTRALMENTE,AUTOG PEQ. ESCALA,EEPC,RAD SOLAR,2022-09-15,OPERACION
3F2P,AGPE PETROCASINOS,SOLAR,NO DESPACHADO CENTRALMENTE,AUTOG PEQ. ESCALA,RTQC,RAD SOLAR,2022-09-15,OPERACION
3F3A,AGPE VITALBAQ,SOLAR,NO DESPACHADO CENTRALMENTE,AUTOG PEQ. ESCALA,GNCC,RAD SOLAR,2022-09-22,OPERACION
3F3C,AGPE INDUNILO,SOLAR,NO DESPACHADO CENTRALMENTE,AUTOG PEQ. ESCALA,RTQC,RAD SOLAR,2022-09-22,OPERACION
3F4K,AGPE SERVIPAN,SOLAR,NO DESPACHADO CENTRALMENTE,AUTOG PEQ. ESCALA,NEUC,RAD SOLAR,2022-09-29,OPERACION
3F4M,AGPE GIMNASIO LA COLINA,SOLAR,NO DESPACHADO CENTRALMENTE,AUTOG PEQ. ESCALA,ETTC,RAD SOLAR,2022-09-29,OPERACION
3F5L,AUTOG CI JEANS,SOLAR,NO DESPACHADO CENTRALMENTE,AUTOGENERADOR,ERRG,RAD SOLAR,2023-08-25,PRUEBAS
3F5N,AUTOG PINTUCO,SOLAR,NO DESPACHADO CENTRALMENTE,AUTOGENERADOR,ERRG,RAD SOLAR,2023-08-25,PRUEBAS
3F7M,AGPE CHAMORRO PORTILLA MISTER POLLO IPIALES,SOLAR,NO DESPACHADO CENTRALMENTE,AUTOG PEQ. ESCALA,ASCC,RAD SOLAR,2022-10-06,OPERACION
3F81,AGPE COLOMBO BRITANICO,SOLAR,NO DESPACHADO CENTRALMENTE,AUTOG PEQ. ESCALA,NEUC,RAD SOLAR,2022-10-13,OPERACION
3F83,AGPE SARY SAS JAIRO P,SOLAR,NO DESPACHADO CENTRALMENTE,AUTOG PEQ. ESCALA,EPMC,RAD SOLAR,2022-10-13,OPERACION
3F8W,AGPE GUIRNALDAS INNOVAFLORA,SOLAR,NO DESPACHADO CENTRALMENTE,AUTOG PEQ. ESCALA,EPSC,RAD SOLAR,2022-10-13,OPERACION
3F9S,AGPE ELECTROFACIL LORICA,SOLAR,NO DESPACHADO CENTRALMENTE,AUTOG PEQ. ESCALA,GNCC,RAD SOLAR,2022-10-20,OPERACION
3F9U,AGPE HOSPICLEAN,SOLAR,NO DESPACHADO CENTRALMENTE,AUTOG PEQ. ESCALA,EEPC,RAD SOLAR,2022-10-20,OPERACION
3FC7,AGPE GRANJA SARATANO,SOLAR,NO DESPACHADO CENTRALMENTE,AUTOG PEQ. ESCALA,GNCC,RAD SOLAR,2022-10-27,OPERACION
3FC9,AGPE SOL Y CIELO SAS,SOLAR,NO DESPACHADO CENTRALMENTE,AUTOG PEQ. ESCALA,SCEC,RAD SOLAR,2022-10-27,OPERACION
3FCB,AGPE PLASTICOS CALIBRADOS,SOLAR,NO DESPACHADO CENTRALMENTE,AUTOG PEQ. ESCALA,GNCC,RAD SOLAR,2022-10-27,OPERACION
3FCD,AUTOG CELSIA SOLAR PALMIRA 3,SOLAR,NO DESPACHADO CENTRALMENTE,AUTOGENERADOR,EPSG,RAD SOLAR,2023-03-30,PRUEBAS
3FCF,GRANJA SOLAR LANCEROS,SOLAR,NO DESPACHADO CENTRALMENTE,NORMAL,EPSG,RAD SOLAR,2023-01-30,PRUEBAS
3FD6,AGPE DEPOSITO YONATAN GONZALES,SOLAR,NO DESPACHADO CENTRALMENTE,AUTOG PEQ. ESCALA,BIAC,RAD SOLAR,2022-11-01,OPERACION
3FD8,AGPE COOMPRORIENTE,SOLAR,NO DESPACHADO CENTRALMENTE,AUTOG PEQ. ESCALA,QIEC,RAD SOLAR,2022-11-01,OPERACION
3FDA,AGPE ANDINA DE SEGURIDAD DEL VALLE LTDA,SOLAR,NO DESPACHADO CENTRALMENTE,AUTOG PEQ. ESCALA,GNCC,RAD SOLAR,2024-02-23,OPERACION
3FEI,AGPE CASA 43 ALFEREZ REAL III,SOLAR,NO DESPACHADO CENTRALMENTE,AUTOG PEQ. ESCALA,QIEC,RAD SOLAR,2022-11-03,OPERACION
3FEK,AGPE PALERMO,SOLAR,NO DESPACHADO CENTRALMENTE,AUTOG PEQ. ESCALA,TPLC,RAD SOLAR,2022-11-03,OPERACION
3GFD,AGPE RAPIASEO,SOLAR,NO DESPACHADO CENTRALMENTE,AUTOG PEQ. ESCALA,ENBC,RAD SOLAR,2022-11-17,OPERACION
3GFI,AGPE HERMECO,SOLAR,NO DESPACHADO CENTRALMENTE,AUTOG PEQ. ESCALA,NRCC,RAD SOLAR,2022-11-17,OPERACION
3GFK,AGPE JAVIER HOYOS RESTREPO,SOLAR,NO DESPACHADO CENTRALMENTE,AUTOG PEQ. ESCALA,SCEC,RAD SOLAR,2022-11-17,OPERACION
3GFM,AGPE JORGE EUSSE RESTREPO,SOLAR,NO DESPACHADO CENTRALMENTE,AUTOG PEQ. ESCALA,SCEC,RAD SOLAR,2022-11-17,OPERACION
3GFO,AGPE DONA MANUELA,SOLAR,NO DESPACHADO CENTRALMENTE,AUTOG PEQ. ESCALA,TPLC,RAD SOLAR,2022-11-17,OPERACION
3GFQ,AGPE FERCH2,SOLAR,NO DESPACHADO CENTRALMENTE,AUTOG PEQ. ESCALA,RTQG,RAD SOLAR,2022-11-17,OPERACION
3GHQ,AGPE MUGDEN,SOLAR,NO DESPACHADO CENTRALMENTE,AUTOG PEQ. ESCALA,ETTC,RAD SOLAR,2022-11-24,OPERACION
3GI4,AGPE HIDROMANA SEDE 1,SOLAR,NO DESPACHADO CENTRALMENTE,AUTOG PEQ. ESCALA,GNCC,RAD SOLAR,2022-11-24,OPERACION
3GI6,GRANJA SOLAR EL SALADO,SOLAR,NO DESPACHADO CENTRALMENTE,NORMAL,FERG,RAD SOLAR,2023-06-17,OPERACION
3GI8,AGPE SECAR INGENIEROS SA,SOLAR,NO DESPACHADO CENTRALMENTE,AUTOG PEQ. ESCALA,ENBC,RAD SOLAR,2022-11-24,OPERACION
3GJQ,TERMOTASAJERO DOS SOLAR,SOLAR,NO DESPACHADO CENTRALMENTE,NORMAL,TERG,RAD SOLAR,2022-12-26,PRUEBAS
3GJS,AGPE SOLUCIONES ADHESIVAS LG,SOLAR,NO DESPACHADO CENTRALMENTE,AUTOG PEQ. ESCALA,NEUC,RAD SOLAR,2022-12-01,OPERACION
3GJU,AUTOG INGENIO CARMELITA,TERMICA,NO DESPACHADO CENTRALMENTE,AUTOGENERADOR,DEPG,BAGAZO,2022-12-30,OPERACION
3GPX,AGPE VAQUITA MELOSA,SOLAR,NO DESPACHADO CENTRALMENTE,AUTOG PEQ. ESCALA,NEUC,RAD SOLAR,2022-12-08,OPERACION
3GPZ,MONTELIBANO,SOLAR,NO DESPACHADO CENTRALMENTE,NORMAL,EPSG,RAD SOLAR,2022-12-21,PRUEBAS
3GRD,GRANJA SOLAR SAN FELIPE,SOLAR,NO DESPACHADO CENTRALMENTE,NORMAL,EPSG,RAD SOLAR,2023-01-30,PRUEBAS
3GSD,AGPE LABORATORIOS ERMA,SOLAR,NO DESPACHADO CENTRALMENTE,AUTOG PEQ. ESCALA,QIEC,RAD SOLAR,2022-12-15,OPERACION
3GSF,AUTOG BUGA I GRASAS,SOLAR,NO DESPACHADO CENTRALMENTE,AUTOGENERADOR,EPSG,RAD SOLAR,2023-04-15,PRUEBAS
3GTQ,AGPE IMPOCALI BODEGAS,SOLAR,NO DESPACHADO CENTRALMENTE,AUTOG PEQ. ESCALA,DLRC,RAD SOLAR,2022-12-22,OPERACION
3GTS,AGPE GASCOL SA PUNTO GAS CALLE 17,SOLAR,NO DESPACHADO CENTRALMENTE,AUTOG PEQ. ESCALA,NEUC,RAD SOLAR,2022-12-22,OPERACION
3GTU,AGPE LA UNION ESTACION DE SERVICIO TERPEL,SOLAR,NO DESPACHADO CENTRALMENTE,AUTOG PEQ. ESCALA,NEUC,RAD SOLAR,2022-12-22,OPERACION
3GUT,AGPE GRUPO ALIMENTICIO ALBA DEL FONCE,SOLAR,NO DESPACHADO CENTRALMENTE,AUTOG PEQ. ESCALA,RTQC,RAD SOLAR,2022-12-22,OPERACION
3GVE,AGPE SERVIGRAFIC,SOLAR,NO DESPACHADO CENTRALMENTE,AUTOG PEQ. ESCALA,GNCC,RAD SOLAR,2022-12-29,OPERACION
3GVG,AGPE IMPOCALI OFICINAS,SOLAR,NO DESPACHADO CENTRALMENTE,AUTOG PEQ. ESCALA,DLRC,RAD SOLAR,2022-12-29,OPERACION
3GVI,GRANJA SOLAR FLANDES,SOLAR,NO DESPACHADO CENTRALMENTE,NORMAL,EPSG,RAD SOLAR,2023-03-27,PRUEBAS
3GVK,CELSIA SOLAR DULIMA,SOLAR,NO DESPACHADO CENTRALMENTE,NORMAL,EPSG,RAD SOLAR,2023-03-27,PRUEBAS
3GVM,CELSIA SOLAR YUMA,SOLAR,NO DESPACHADO CENTRALMENTE,NORMAL,EPSG,RAD SOLAR,2023-03-27,PRUEBAS
3GWG,AGPE SUAZAPAWA,SOLAR,NO DESPACHADO CENTRALMENTE,AUTOG PEQ. ESCALA,QIEC,RAD SOLAR,2022-12-29,OPERACION
3GX5,AGPE ORGANIZACION LA MERCED,SOLAR,NO DESPACHADO CENTRALMENTE,AUTOG PEQ. ESCALA,ASCC,RAD SOLAR,2023-01-05,OPERACION
3GX7,AGPE CASA JAVIER MERINO,SOLAR,NO DESPACHADO CENTRALMENTE,AUTOG PEQ. ESCALA,GNCC,RAD SOLAR,2023-01-05,OPERACION
3GZQ,AGPE ORION,SOLAR,NO DESPACHADO CENTRALMENTE,AUTOG PEQ. ESCALA,GNCC,RAD SOLAR,2023-01-19,OPERACION
3GZS,AGPE RINO MATERIALES,SOLAR,NO DESPACHADO CENTRALMENTE,AUTOG PEQ. ESCALA,GNCC,RAD SOLAR,2023-01-19,OPERACION
3GZU,AGPE GRANJA EL RHIN,SOLAR,NO DESPACHADO CENTRALMENTE,AUTOG PEQ. ESCALA,GNCC,RAD SOLAR,2023-01-19,OPERACION
3H2A,AGPE GRUPO DECOR,SOLAR,NO DESPACHADO CENTRALMENTE,AUTOG PEQ. ESCALA,NEUC,RAD SOLAR,2023-01-26,OPERACION
3H2I,AGPE BURO,SOLAR,NO DESPACHADO CENTRALMENTE,AUTOG PEQ. ESCALA,ETTC,RAD SOLAR,2023-01-26,OPERACION
3H2U,TZ II,HIDRAULICA,NO DESPACHADO CENTRALMENTE,NORMAL,CTZG,AGUA,2021-12-31,PRUEBAS
3H2W,AGPE AUTO ROBLE LTDA,SOLAR,NO DESPACHADO CENTRALMENTE,AUTOG PEQ. ESCALA,SCEC,RAD SOLAR,2023-02-01,OPERACION
3H31,AGPE HYR DISTRIBUCIONES,SOLAR,NO DESPACHADO CENTRALMENTE,AUTOG PEQ. ESCALA,NEUC,RAD SOLAR,2023-02-02,OPERACION
3H5W,AGPE INVERSIONES SAN GABRIEL SAS,SOLAR,NO DESPACHADO CENTRALMENTE,AUTOG PEQ. ESCALA,SCEC,RAD SOLAR,2023-02-16,OPERACION
3H5Y,AGPE SUMINTEGRALES SAS,SOLAR,NO DESPACHADO CENTRALMENTE,AUTOG PEQ. ESCALA,NEUC,RAD SOLAR,2023-02-16,OPERACION
3H61,AGPE EDS EL EDEN,SOLAR,NO DESPACHADO CENTRALMENTE,AUTOG PEQ. ESCALA,SCEC,RAD SOLAR,2023-02-16,OPERACION
3H7S,AGPE FARMACOS DE LA COSTA LTDA,SOLAR,NO DESPACHADO CENTRALMENTE,AUTOG PEQ. ESCALA,SCEC,RAD SOLAR,2023-02-23,OPERACION
3H9C,AGPE JUAN CARLOS VILARINO,SOLAR,NO DESPACHADO CENTRALMENTE,AUTOG PEQ. ESCALA,GNCC,RAD SOLAR,2023-02-23,OPERACION
3H9E,AGPE INVERSIONES MIL VARIEDADES SEDE 2,SOLAR,NO DESPACHADO CENTRALMENTE,AUTOG PEQ. ESCALA,GNCC,RAD SOLAR,2023-02-23,OPERACION
3HBJ,AGPE COLEGIO BOLIVAR,SOLAR,NO DESPACHADO CENTRALMENTE,AUTOG PEQ. ESCALA,EPSC,RAD SOLAR,2023-03-02,OPERACION
3HBL,AGPE INVERSIONES SANTA FE SEDE II,SOLAR,NO DESPACHADO CENTRALMENTE,AUTOG PEQ. ESCALA,GNCC,RAD SOLAR,2023-03-02,OPERACION
3HBN,TIERRA LINDA,SOLAR,NO DESPACHADO CENTRALMENTE,NORMAL,AAGG,RAD SOLAR,2023-04-04,PRUEBAS
3HBP,LA TOLUA,SOLAR,NO DESPACHADO CENTRALMENTE,NORMAL,AAGG,RAD SOLAR,2023-04-04,PRUEBAS
3HBR,AGPE GATO DUMAS BOGOTA,SOLAR,NO DESPACHADO CENTRALMENTE,AUTOG PEQ. ESCALA,BIAC,RAD SOLAR,2023-03-02,OPERACION
3HBT,AGPE HERMECO2,SOLAR,NO DESPACHADO CENTRALMENTE,AUTOG PEQ. ESCALA,NRCC,RAD SOLAR,2023-03-02,OPERACION
3HCS,AGPE FRIGOCAFE 1,SOLAR,NO DESPACHADO CENTRALMENTE,AUTOG PEQ. ESCALA,GNCC,RAD SOLAR,2023-03-09,OPERACION
3HCV,AGPE ALCON DE COLOMBIA PABM SAS,SOLAR,NO DESPACHADO CENTRALMENTE,AUTOG PEQ. ESCALA,EPSC,RAD SOLAR,2023-03-09,OPERACION
3HCX,AGPE PROPILFLEX DISGOMEZ,SOLAR,NO DESPACHADO CENTRALMENTE,AUTOG PEQ. ESCALA,EPSC,RAD SOLAR,2023-03-09,OPERACION
3HCZ,AGPE SERO COLOMBIA,SOLAR,NO DESPACHADO CENTRALMENTE,AUTOG PEQ. ESCALA,EPSC,RAD SOLAR,2023-03-09,OPERACION
3HD2,AGPE HOTEL LA CASA 3,SOLAR,NO DESPACHADO CENTRALMENTE,AUTOG PEQ. ESCALA,GNCC,RAD SOLAR,2023-03-09,OPERACION
3HD6,AGPE HOTEL LA CASA 1,SOLAR,NO DESPACHADO CENTRALMENTE,AUTOG PEQ. ESCALA,GNCC,RAD SOLAR,2023-03-09,OPERACION
3HD8,AGPE INDUBOLSAS CONTRERASJT,SOLAR,NO DESPACHADO CENTRALMENTE,AUTOG PEQ. ESCALA,GNCC,RAD SOLAR,2023-03-09,OPERACION
3HDA,AGPE MAXIPELLETS 2,SOLAR,NO DESPACHADO CENTRALMENTE,AUTOG PEQ. ESCALA,EPSC,RAD SOLAR,2023-03-09,OPERACION
3HDC,AGPE TIMANA2,SOLAR,NO DESPACHADO CENTRALMENTE,AUTOG PEQ. ESCALA,ETTC,RAD SOLAR,2023-03-09,OPERACION
3HDE,SAN BARTOLOME,HIDRAULICA,NO DESPACHADO CENTRALMENTE,NORMAL,PSBG,AGUA,2023-05-14,OPERACION
3HDG,OIBITA,HIDRAULICA,NO DESPACHADO CENTRALMENTE,NORMAL,PSBG,AGUA,2023-05-14,OPERACION
3HE2,AGPE HOTEL 4 AVENIDA,SOLAR,NO DESPACHADO CENTRALMENTE,AUTOG PEQ. ESCALA,SCEC,RAD SOLAR,2023-03-16,OPERACION
3HE4,AGPE INVERSIONES LJC SAS,SOLAR,NO DESPACHADO CENTRALMENTE,AUTOG PEQ. ESCALA,BIAC,RAD SOLAR,2023-03-16,OPERACION
3HE6,AGPE INTACA,SOLAR,NO DESPACHADO CENTRALMENTE,AUTOG PEQ. ESCALA,GNCC,RAD SOLAR,2023-03-16,OPERACION
3HE8,AUTOG CELSIA SOLAR PALMIRA 3 ZONA FRANCA,SOLAR,NO DESPACHADO CENTRALMENTE,AUTOGENERADOR,EPSG,RAD SOLAR,2023-04-30,PRUEBAS
3HEA,AGPE CAMPOS DE ARAGON,SOLAR,NO DESPACHADO CENTRALMENTE,AUTOG PEQ. ESCALA,ETTC,RAD SOLAR,2023-03-16,OPERACION
3HF5,FUNDACION,SOLAR,DESPACHADO CENTRALMENTE,NORMAL,ENDG,RAD SOLAR,2024-06-24,OPERACION
3HF7,CELSIA SOLAR LA VICTORIA II,SOLAR,NO DESPACHADO CENTRALMENTE,NORMAL,EPSG,RAD SOLAR,2023-08-30,PRUEBAS
3HF9,CELSIA SOLAR LA VICTORIA I,SOLAR,NO DESPACHADO CENTRALMENTE,NORMAL,EPSG,RAD SOLAR,2023-08-30,PRUEBAS
3HFV,AGPE COMERCIPOL SAS,SOLAR,NO DESPACHADO CENTRALMENTE,AUTOG PEQ. ESCALA,NEUC,RAD SOLAR,2023-03-23,OPERACION
3HG5,AGPE OIKOS,SOLAR,NO DESPACHADO CENTRALMENTE,AUTOG PEQ. ESCALA,NRCC,RAD SOLAR,2023-03-23,OPERACION
3HG7,COMUNIDAD EL SALVADOR I,SOLAR,NO DESPACHADO CENTRALMENTE,GEN. DISTRIBUIDA,ERRG,RAD SOLAR,2023-03-24,OPERACION
3HG9,COMUNIDAD EL SALVADOR II,SOLAR,NO DESPACHADO CENTRALMENTE,GEN. DISTRIBUIDA,ERRG,RAD SOLAR,2023-03-24,OPERACION
3HGI,AGPE CENTRO ADMINISTRATIVO FASE I,SOLAR,NO DESPACHADO CENTRALMENTE,AUTOG PEQ. ESCALA,RTQC,RAD SOLAR,2023-03-30,OPERACION
3HGK,AGPE CENTRO ADMINISTRATIVO FASE II,SOLAR,NO DESPACHADO CENTRALMENTE,AUTOG PEQ. ESCALA,RTQC,RAD SOLAR,2023-03-30,OPERACION
3HH7,AGPE NUTRIAVICOLA,SOLAR,NO DESPACHADO CENTRALMENTE,AUTOG PEQ. ESCALA,CETC,RAD SOLAR,2023-03-30,OPERACION
3HH9,AGPE TVAPAN 500 SA,SOLAR,NO DESPACHADO CENTRALMENTE,AUTOG PEQ. ESCALA,CETC,RAD SOLAR,2023-03-30,OPERACION
3HIA,AGPE SFV FLORES DE BRITANIA,SOLAR,NO DESPACHADO CENTRALMENTE,AUTOG PEQ. ESCALA,GNCC,RAD SOLAR,2023-04-06,OPERACION
3HIZ,AGPE HACIENDA VENECIA,SOLAR,NO DESPACHADO CENTRALMENTE,AUTOG PEQ. ESCALA,GNCC,RAD SOLAR,2023-04-13,OPERACION
3HJ2,AGPE PUYO,SOLAR,NO DESPACHADO CENTRALMENTE,AUTOG PEQ. ESCALA,ETTC,RAD SOLAR,2023-04-13,OPERACION
3HJ4,AGPE AVES EMAUS,SOLAR,NO DESPACHADO CENTRALMENTE,AUTOG PEQ. ESCALA,NEUC,RAD SOLAR,2023-04-13,OPERACION
3HJ6,AGPE ADOLFO RAMIREZ GODOY,SOLAR,NO DESPACHADO CENTRALMENTE,AUTOG PEQ. ESCALA,SCEC,RAD SOLAR,2023-04-13,OPERACION
3HJ8,AGPE CORPORACION UNIVERSITARIA REFORMADA,SOLAR,NO DESPACHADO CENTRALMENTE,AUTOG PEQ. ESCALA,QIEC,RAD SOLAR,2023-04-13,OPERACION
3HJA,AGPE CASA 6 MALIBU,SOLAR,NO DESPACHADO CENTRALMENTE,AUTOG PEQ. ESCALA,SCEC,RAD SOLAR,2023-04-13,OPERACION
3HJC,AGPE ASDRUB,SOLAR,NO DESPACHADO CENTRALMENTE,AUTOG PEQ. ESCALA,ETTC,RAD SOLAR,2023-04-13,OPERACION
3HJE,AGPE EDFICIO CARRERA SEPTIMA,SOLAR,NO DESPACHADO CENTRALMENTE,AUTOG PEQ. ESCALA,EXEC,RAD SOLAR,2023-04-13,OPERACION
3HKK,AGPE LA FABRICA DE LA FELICIDAD,SOLAR,NO DESPACHADO CENTRALMENTE,AUTOG PEQ. ESCALA,EEPC,RAD SOLAR,2023-04-20,OPERACION
3HL2,AGPE CC EL DIAMANTE CLL 52 107,SOLAR,NO DESPACHADO CENTRALMENTE,AUTOG PEQ. ESCALA,BIAC,RAD SOLAR,2023-04-20,OPERACION
3HL9,AGPE ARA BARRANQUILLA CHIQUINQUIRA,SOLAR,NO DESPACHADO CENTRALMENTE,AUTOG PEQ. ESCALA,NEUC,RAD SOLAR,2023-04-27,OPERACION
3HLB,AGPE ARA SOLEDAD MANUELA BELTRAN,SOLAR,NO DESPACHADO CENTRALMENTE,AUTOG PEQ. ESCALA,NEUC,RAD SOLAR,2023-04-27,OPERACION
3HLD,LOS GIRASOLES,SOLAR,NO DESPACHADO CENTRALMENTE,NORMAL,PSGG,RAD SOLAR,2023-08-05,PRUEBAS
3HOC,AGPE CAFENORTE,SOLAR,NO DESPACHADO CENTRALMENTE,AUTOG PEQ. ESCALA,EEPC,RAD SOLAR,2023-05-04,OPERACION
3HOE,AGPE FINCA LA GLORIA,SOLAR,NO DESPACHADO CENTRALMENTE,AUTOG PEQ. ESCALA,SCEC,RAD SOLAR,2023-05-04,OPERACION
3HOG,AGPE PLASTIC BOLSAS,SOLAR,NO DESPACHADO CENTRALMENTE,AUTOG PEQ. ESCALA,ENDC,RAD SOLAR,2023-05-04,OPERACION
3HQW,AGPE SOCIEDAD DE ONCOLOGIA Y HEMATOLOGIA,SOLAR,NO DESPACHADO CENTRALMENTE,AUTOG PEQ. ESCALA,GNCC,RAD SOLAR,2023-05-11,OPERACION
3HQY,AGPE GEORGES NOBLE SCHOOL SAS,SOLAR,NO DESPACHADO CENTRALMENTE,AUTOG PEQ. ESCALA,SCEC,RAD SOLAR,2023-05-15,OPERACION
3HR1,AGPE RESTAURANTE GUACARI,SOLAR,NO DESPACHADO CENTRALMENTE,AUTOG PEQ. ESCALA,SCEC,RAD SOLAR,2023-05-15,OPERACION
3HRC,AGPE CENTRO COMERCIAL PUNTO CLAVE,SOLAR,NO DESPACHADO CENTRALMENTE,AUTOG PEQ. ESCALA,EPSC,RAD SOLAR,2023-05-18,OPERACION
3HRU,AGPE EDIFICIO CITY,SOLAR,NO DESPACHADO CENTRALMENTE,AUTOG PEQ. ESCALA,ETTC,RAD SOLAR,2023-05-18,OPERACION
3HS5,AGPE TAPUSH,SOLAR,NO DESPACHADO CENTRALMENTE,AUTOG PEQ. ESCALA,NEUC,RAD SOLAR,2023-05-25,OPERACION
3HS7,AGPE LAVANDERIA SUPER,SOLAR,NO DESPACHADO CENTRALMENTE,AUTOG PEQ. ESCALA,QIEC,RAD SOLAR,2023-05-25,OPERACION
3HS9,AUTOG BUGA I SOLLA,SOLAR,NO DESPACHADO CENTRALMENTE,AUTOGENERADOR,EPSG,RAD SOLAR,2023-06-16,PRUEBAS
3HTH,AGPE MERCADEO Y MODA,SOLAR,NO DESPACHADO CENTRALMENTE,AUTOG PEQ. ESCALA,GNCC,RAD SOLAR,2023-06-01,OPERACION
3HTJ,AGPE DIOCESIS JARDINES DEL ECCE HOMO,SOLAR,NO DESPACHADO CENTRALMENTE,AUTOG PEQ. ESCALA,GNCC,RAD SOLAR,2023-06-01,OPERACION
3HTL,AGPE LACTEOS RIOGRANDE SEDE PLATO,SOLAR,NO DESPACHADO CENTRALMENTE,AUTOG PEQ. ESCALA,GNCC,RAD SOLAR,2023-06-01,OPERACION
3HTN,AGPE FOTOLITO CENTRO,SOLAR,NO DESPACHADO CENTRALMENTE,AUTOG PEQ. ESCALA,GNCC,RAD SOLAR,2023-06-01,OPERACION
3HWI,AGPE EDS PIMSA,SOLAR,NO DESPACHADO CENTRALMENTE,AUTOG PEQ. ESCALA,TPLC,RAD SOLAR,2023-06-08,OPERACION
3HWK,AGPE EL ENCANTO,SOLAR,NO DESPACHADO CENTRALMENTE,AUTOG PEQ. ESCALA,NMRG,RAD SOLAR,2023-06-08,OPERACION
3HWM,PETALO DEL MAGDALENA,SOLAR,NO DESPACHADO CENTRALMENTE,NORMAL,EPSG,RAD SOLAR,2023-08-05,PRUEBAS
3HYG,URUACO,SOLAR,NO DESPACHADO CENTRALMENTE,NORMAL,UNGG,RAD SOLAR,2023-06-18,OPERACION
3HYI,AGPE RUBEN DARIO ORTIZ GALEANO,SOLAR,NO DESPACHADO CENTRALMENTE,AUTOG PEQ. ESCALA,NEUC,RAD SOLAR,2023-06-15,OPERACION
3HYK,AGPE BOUTIQUE DARIO VALENCIA,SOLAR,NO DESPACHADO CENTRALMENTE,AUTOG PEQ. ESCALA,NEUC,RAD SOLAR,2023-06-15,OPERACION
3HZ4,AGPE INVERSIONES ARCIERI,SOLAR,NO DESPACHADO CENTRALMENTE,AUTOG PEQ. ESCALA,GNCC,RAD SOLAR,2023-06-22,OPERACION
3HZ6,AGPE CESAR URZOLA CASA 24,SOLAR,NO DESPACHADO CENTRALMENTE,AUTOG PEQ. ESCALA,GNCC,RAD SOLAR,2023-06-22,OPERACION
3HZ8,AGPE HACIENDA TEUCALI,SOLAR,NO DESPACHADO CENTRALMENTE,AUTOG PEQ. ESCALA,GNCC,RAD SOLAR,2023-06-22,OPERACION
3HZA,AGPE HOTEL CUELLAR,SOLAR,NO DESPACHADO CENTRALMENTE,AUTOG PEQ. ESCALA,GNCC,RAD SOLAR,2023-06-22,OPERACION
3HZC,AGPE ARRENDAVENTAS,SOLAR,NO DESPACHADO CENTRALMENTE,AUTOG PEQ. ESCALA,NEUC,RAD SOLAR,2023-06-22,OPERACION
3HZE,AGPE EQUIMAD DEL CESAR SAS,SOLAR,NO DESPACHADO CENTRALMENTE,AUTOG PEQ. ESCALA,NEUC,RAD SOLAR,2023-06-22,OPERACION
3HZG,AGPE LUZ MARINA GUZMAN,SOLAR,NO DESPACHADO CENTRALMENTE,AUTOG PEQ. ESCALA,SCEC,RAD SOLAR,2023-06-22,OPERACION
3I2H,AGPE JULIE ANDREA DIAZ MORA,SOLAR,NO DESPACHADO CENTRALMENTE,AUTOG PEQ. ESCALA,NEUC,RAD SOLAR,2023-06-29,OPERACION
3I2J,AGPE INVERSIONES RUGELES BERARDINELLI SAS,SOLAR,NO DESPACHADO CENTRALMENTE,AUTOG PEQ. ESCALA,NEUC,RAD SOLAR,2023-06-29,OPERACION
3I3I,AGPE CORPORACION EMPRESARIAL CARRERA,SOLAR,NO DESPACHADO CENTRALMENTE,AUTOG PEQ. ESCALA,EXEC,RAD SOLAR,2023-07-06,OPERACION
3I3K,AGPE DELIPAVO TENJO,SOLAR,NO DESPACHADO CENTRALMENTE,AUTOG PEQ. ESCALA,GNCC,RAD SOLAR,2023-07-06,OPERACION
3I3M,AGPE COLEGIO LA MEDALLA MILAGROSA,SOLAR,NO DESPACHADO CENTRALMENTE,AUTOG PEQ. ESCALA,GNCC,RAD SOLAR,2023-07-06,OPERACION
3I3O,AGPE EDIFICIO DUBO,SOLAR,NO DESPACHADO CENTRALMENTE,AUTOG PEQ. ESCALA,GNCC,RAD SOLAR,2023-07-06,OPERACION
3I3Q,AGPE SURTITODO PALMIRA,SOLAR,NO DESPACHADO CENTRALMENTE,AUTOG PEQ. ESCALA,GNCC,RAD SOLAR,2023-07-06,OPERACION
3I4A,AGPE ARMENIA HOTEL SA,SOLAR,NO DESPACHADO CENTRALMENTE,AUTOG PEQ. ESCALA,EPMC,RAD SOLAR,2023-07-06,OPERACION
3I4C,AGPE ICOLTRANS,SOLAR,NO DESPACHADO CENTRALMENTE,AUTOG PEQ. ESCALA,ETTC,RAD SOLAR,2023-07-06,OPERACION
3I6L,AGPE COMERCIALIZADORA BZUL SAS,SOLAR,NO DESPACHADO CENTRALMENTE,AUTOG PEQ. ESCALA,NEUC,RAD SOLAR,2023-07-13,OPERACION
3I6N,AGPE MGL INVERSIONES SAS,SOLAR,NO DESPACHADO CENTRALMENTE,AUTOG PEQ. ESCALA,NEUC,RAD SOLAR,2023-07-13,OPERACION
3I6P,AGPE CONSTRUCTORA LINDARAJA SAS,SOLAR,NO DESPACHADO CENTRALMENTE,AUTOG PEQ. ESCALA,NEUC,RAD SOLAR,2023-07-13,OPERACION
3I6R,AGPE CFZ MEDICINA ESTETICA,SOLAR,NO DESPACHADO CENTRALMENTE,AUTOG PEQ. ESCALA,NEUC,RAD SOLAR,2023-07-13,OPERACION
3I6V,AGPE EL CARRIEL FUNZA 2,SOLAR,NO DESPACHADO CENTRALMENTE,AUTOG PEQ. ESCALA,NEUC,RAD SOLAR,2023-07-13,OPERACION
3I6X,AGPE NELSON SEGUNDO GNECCO CERCHIARO,SOLAR,NO DESPACHADO CENTRALMENTE,AUTOG PEQ. ESCALA,NEUC,RAD SOLAR,2023-07-13,OPERACION
3I71,AGPE COOTRASUR FLORIDABLANCA,SOLAR,NO DESPACHADO CENTRALMENTE,AUTOG PEQ. ESCALA,GNCC,RAD SOLAR,2023-07-13,OPERACION
3I73,AGPE BOLTEN BARRANQUILLA,SOLAR,NO DESPACHADO CENTRALMENTE,AUTOG PEQ. ESCALA,GNCC,RAD SOLAR,2023-07-13,OPERACION
3I7J,AGPE LUIS ALBERTO MONSALVO RAMIREZ,SOLAR,NO DESPACHADO CENTRALMENTE,AUTOG PEQ. ESCALA,NEUC,RAD SOLAR,2023-07-20,OPERACION
3I7L,AGPE TERESA DE JESUS ACOSTA CANTILLO,SOLAR,NO DESPACHADO CENTRALMENTE,AUTOG PEQ. ESCALA,NEUC,RAD SOLAR,2023-07-20,OPERACION
3I7N,AGPE JOSE EDUARDO GONZALEZ DAZA,SOLAR,NO DESPACHADO CENTRALMENTE,AUTOG PEQ. ESCALA,NEUC,RAD SOLAR,2023-07-20,OPERACION
3I7P,AGPE ANA MARIA DEL PILAR ROSO FLOREZ,SOLAR,NO DESPACHADO CENTRALMENTE,AUTOG PEQ. ESCALA,NEUC,RAD SOLAR,2023-07-20,OPERACION
3I7R,AGPE AYE ASOCIADOS EDS,SOLAR,NO DESPACHADO CENTRALMENTE,AUTOG PEQ. ESCALA,BIAC,RAD SOLAR,2023-07-20,OPERACION
3I7T,AGPE ROSALIA MERCEDES VEGA CUELLO,SOLAR,NO DESPACHADO CENTRALMENTE,AUTOG PEQ. ESCALA,NEUC,RAD SOLAR,2023-07-20,OPERACION
3I7V,AGPE DANCELL LTDA,SOLAR,NO DESPACHADO CENTRALMENTE,AUTOG PEQ. ESCALA,NEUC,RAD SOLAR,2023-07-20,OPERACION
3I7X,AGPE DELFINA MARIA GNECCO ONATE,SOLAR,NO DESPACHADO CENTRALMENTE,AUTOG PEQ. ESCALA,NEUC,RAD SOLAR,2023-07-20,OPERACION
3I7Z,AGPE AUTOSERVICIO LA QUINTA,SOLAR,NO DESPACHADO CENTRALMENTE,AUTOG PEQ. ESCALA,GNCC,RAD SOLAR,2023-07-20,OPERACION
3I82,AGPE GIGANTE DE LA MODA,SOLAR,NO DESPACHADO CENTRALMENTE,AUTOG PEQ. ESCALA,GNCC,RAD SOLAR,2023-07-20,OPERACION
3I84,AGPE CENTRO DE EVENTOS EL SOL,SOLAR,NO DESPACHADO CENTRALMENTE,AUTOG PEQ. ESCALA,SCEC,RAD SOLAR,2023-07-20,OPERACION
3ICX,AGPE MGL INVERSIONES SAS II,SOLAR,NO DESPACHADO CENTRALMENTE,AUTOG PEQ. ESCALA,NEUC,RAD SOLAR,2023-07-27,OPERACION
3ICZ,AGPE EVERARDO ARMENTA ALONSO,SOLAR,NO DESPACHADO CENTRALMENTE,AUTOG PEQ. ESCALA,NEUC,RAD SOLAR,2023-07-27,OPERACION
3ID2,AGPE EDS TAYRONA,SOLAR,NO DESPACHADO CENTRALMENTE,AUTOG PEQ. ESCALA,TPLC,RAD SOLAR,2023-07-27,OPERACION
3ID4,AGPE ROSANA CARRILLO MONSALVO,SOLAR,NO DESPACHADO CENTRALMENTE,AUTOG PEQ. ESCALA,NEUC,RAD SOLAR,2023-07-27,OPERACION
3ID6,AGPE SOFITEL CASA LOMA,SOLAR,NO DESPACHADO CENTRALMENTE,AUTOG PEQ. ESCALA,BIAC,RAD SOLAR,2023-07-27,OPERACION
3IF4,AGPE MARQUILLAS,SOLAR,NO DESPACHADO CENTRALMENTE,AUTOG PEQ. ESCALA,ISGC,RAD SOLAR,2023-08-01,OPERACION
3IF8,AGPE CLAUDIA PATRICIA ROLDAN,SOLAR,NO DESPACHADO CENTRALMENTE,AUTOG PEQ. ESCALA,SCEC,RAD SOLAR,2023-08-03,OPERACION
3IFA,AGPE DISTRIBUCIONES JJ RESTREPO R,SOLAR,NO DESPACHADO CENTRALMENTE,AUTOG PEQ. ESCALA,SCEC,RAD SOLAR,2023-08-03,OPERACION
3IG3,AGPE MASAYA SANTAMARTA,SOLAR,NO DESPACHADO CENTRALMENTE,AUTOG PEQ. ESCALA,NEUC,RAD SOLAR,2023-08-03,OPERACION
3II2,AGPE JESUALDO MORELLI SOCARRAS,SOLAR,NO DESPACHADO CENTRALMENTE,AUTOG PEQ. ESCALA,NEUC,RAD SOLAR,2023-08-10,OPERACION
3II4,AGPE VASQUEZ LLINAS DESING SAS,SOLAR,NO DESPACHADO CENTRALMENTE,AUTOG PEQ. ESCALA,NEUC,RAD SOLAR,2023-08-10,OPERACION
3II6,AGPE MI FUTURO DON CAMPO,SOLAR,NO DESPACHADO CENTRALMENTE,AUTOG PEQ. ESCALA,NEUC,RAD SOLAR,2023-08-10,OPERACION
3II8,AGPE CELMIRA GALVIS FAJARDO,SOLAR,NO DESPACHADO CENTRALMENTE,AUTOG PEQ. ESCALA,NEUC,RAD SOLAR,2023-08-10,OPERACION
3IIA,AGPE DISTRIBUIDORA Y COMERCIALIZADORA SALEM,SOLAR,NO DESPACHADO CENTRALMENTE,AUTOG PEQ. ESCALA,NEUC,RAD SOLAR,2023-08-10,OPERACION
3IIC,AGPE YOLANDA BAUTE CASTRO,SOLAR,NO DESPACHADO CENTRALMENTE,AUTOG PEQ. ESCALA,NEUC,RAD SOLAR,2023-08-10,OPERACION
3IIE,AGPE INVERSIONES LAS MARIAS SAS,SOLAR,NO DESPACHADO CENTRALMENTE,AUTOG PEQ. ESCALA,NEUC,RAD SOLAR,2023-08-10,OPERACION
3IIG,AGPE INVERSIONES LUJO SAS,SOLAR,NO DESPACHADO CENTRALMENTE,AUTOG PEQ. ESCALA,NEUC,RAD SOLAR,2023-08-10,OPERACION
3III,AGPE JAVIER DARIO MONSALVO BOLIVAR,SOLAR,NO DESPACHADO CENTRALMENTE,AUTOG PEQ. ESCALA,NEUC,RAD SOLAR,2023-08-10,OPERACION
3IIK,AGPE CLAUDIA MARCELA OTALORA MAHECHA,SOLAR,NO DESPACHADO CENTRALMENTE,AUTOG PEQ. ESCALA,NEUC,RAD SOLAR,2023-08-10,OPERACION
3IIM,AGPE JESUS ANTONIO BALLESTEROS GALVIS,SOLAR,NO DESPACHADO CENTRALMENTE,AUTOG PEQ. ESCALA,NEUC,RAD SOLAR,2023-08-10,OPERACION
3IIO,AGPE VIVA MAYALES SAS,SOLAR,NO DESPACHADO CENTRALMENTE,AUTOG PEQ. ESCALA,NEUC,RAD SOLAR,2023-08-10,OPERACION
3IIQ,AGPE PLANTA LUBRICANTES,SOLAR,NO DESPACHADO CENTRALMENTE,AUTOG PEQ. ESCALA,TPLC,RAD SOLAR,2023-08-10,OPERACION
3IIT,AGPE MIL VARIEDADES I,SOLAR,NO DESPACHADO CENTRALMENTE,AUTOG PEQ. ESCALA,GNCC,RAD SOLAR,2023-08-10,OPERACION
3IIV,AGPE COLEGIO BERCHMANS,SOLAR,NO DESPACHADO CENTRALMENTE,AUTOG PEQ. ESCALA,EPSC,RAD SOLAR,2023-08-10,OPERACION
3IJ3,AGPE LA MELISSA,SOLAR,NO DESPACHADO CENTRALMENTE,AUTOG PEQ. ESCALA,EPMC,RAD SOLAR,2023-08-17,OPERACION
3IJ5,AGPE RICARDO FORERO CORTES,SOLAR,NO DESPACHADO CENTRALMENTE,AUTOG PEQ. ESCALA,SCEC,RAD SOLAR,2023-08-17,OPERACION
3IJ7,AGPE TERMINAL DE TRANSPORTES DE BUCARAMANGA,SOLAR,NO DESPACHADO CENTRALMENTE,AUTOG PEQ. ESCALA,RTQC,RAD SOLAR,2023-08-17,OPERACION
3IJ9,AGPE VITELCO,SOLAR,NO DESPACHADO CENTRALMENTE,AUTOG PEQ. ESCALA,ETTC,RAD SOLAR,2023-08-17,OPERACION
3IJB,AGPE MATIJA SAS,SOLAR,NO DESPACHADO CENTRALMENTE,AUTOG PEQ. ESCALA,NEUC,RAD SOLAR,2023-08-17,OPERACION
3IJD,AGPE ELLEN MEDINA PITRE,SOLAR,NO DESPACHADO CENTRALMENTE,AUTOG PEQ. ESCALA,NEUC,RAD SOLAR,2023-08-17,OPERACION
3IKD,AGPE LUZOLAR ENERGIA SAS,SOLAR,NO DESPACHADO CENTRALMENTE,AUTOG PEQ. ESCALA,NEUC,RAD SOLAR,2023-08-24,OPERACION
3IKF,AGPE PANADERIA MONTECARLO PASOANCHO,SOLAR,NO DESPACHADO CENTRALMENTE,AUTOG PEQ. ESCALA,GNCC,RAD SOLAR,2023-08-24,OPERACION
3IKH,AGPE BODYTECH KENNEDY,SOLAR,NO DESPACHADO CENTRALMENTE,AUTOG PEQ. ESCALA,EXEC,RAD SOLAR,2023-08-24,OPERACION
3IKJ,AGPE RESTAURANTE LA CAZUELA,SOLAR,NO DESPACHADO CENTRALMENTE,AUTOG PEQ. ESCALA,GNCC,RAD SOLAR,2023-08-24,OPERACION
3IKL,AGPE NUTRIALIMENTOS,SOLAR,NO DESPACHADO CENTRALMENTE,AUTOG PEQ. ESCALA,ETTC,RAD SOLAR,2023-08-24,OPERACION
3IKN,AGPE NELSON GNECCO CERCHIARO,SOLAR,NO DESPACHADO CENTRALMENTE,AUTOG PEQ. ESCALA,NEUC,RAD SOLAR,2023-08-24,OPERACION
3IKP,AGPE BODYTECH NORMANDIA,SOLAR,NO DESPACHADO CENTRALMENTE,AUTOG PEQ. ESCALA,EXEC,RAD SOLAR,2023-08-24,OPERACION
3IKR,AGPE LUIS ALBERTO MONSALVO RAMIREZ II,SOLAR,NO DESPACHADO CENTRALMENTE,AUTOG PEQ. ESCALA,NEUC,RAD SOLAR,2023-08-24,OPERACION
3IML,AGPE BODYTECH COLINA,SOLAR,NO DESPACHADO CENTRALMENTE,AUTOG PEQ. ESCALA,EXEC,RAD SOLAR,2023-08-31,OPERACION
3IMN,AGPE BODYTECH CHAPINERO,SOLAR,NO DESPACHADO CENTRALMENTE,AUTOG PEQ. ESCALA,EXEC,RAD SOLAR,2023-08-31,OPERACION
3INT,AGPE JOSE ALFREDO GNECCO ZULETA,SOLAR,NO DESPACHADO CENTRALMENTE,AUTOG PEQ. ESCALA,NEUC,RAD SOLAR,2023-09-07,OPERACION
3INX,CARACOLI I,SOLAR,DESPACHADO CENTRALMENTE,NORMAL,SDCG,RAD SOLAR,2024-12-22,OPERACION
3IOY,AGPE NORMANDY,SOLAR,NO DESPACHADO CENTRALMENTE,AUTOG PEQ. ESCALA,EPMC,RAD SOLAR,2023-09-14,OPERACION
3IP1,AGPE FLORES DEL ZORRO,SOLAR,NO DESPACHADO CENTRALMENTE,AUTOG PEQ. ESCALA,ETTC,RAD SOLAR,2023-09-14,OPERACION
3IP3,AGPE LUZ MILA MORELLI SOCARRAS,SOLAR,NO DESPACHADO CENTRALMENTE,AUTOG PEQ. ESCALA,NEUC,RAD SOLAR,2023-09-14,OPERACION
3IP5,AGPE INVERSIONES VILLA ROSA DEL CESAR,SOLAR,NO DESPACHADO CENTRALMENTE,AUTOG PEQ. ESCALA,NEUC,RAD SOLAR,2023-09-14,OPERACION
3IP7,AGPE ALCIELO CONSTRUCTORA,SOLAR,NO DESPACHADO CENTRALMENTE,AUTOG PEQ. ESCALA,SCEC,RAD SOLAR,2023-09-14,OPERACION
3IQ2,AGPE LA CALI PRINCIPAL,SOLAR,NO DESPACHADO CENTRALMENTE,AUTOG PEQ. ESCALA,GNCC,RAD SOLAR,2023-09-14,OPERACION
3IQ6,AGPE FLORES EL ZORRO I,SOLAR,NO DESPACHADO CENTRALMENTE,AUTOG PEQ. ESCALA,ETTC,RAD SOLAR,2023-09-21,OPERACION
3IQ8,AGPE FLORES EL ZORRO II,SOLAR,NO DESPACHADO CENTRALMENTE,AUTOG PEQ. ESCALA,ETTC,RAD SOLAR,2023-09-21,OPERACION
3IQA,SUNNORTE,SOLAR,DESPACHADO CENTRALMENTE,NORMAL,GNSG,RAD SOLAR,2024-11-26,OPERACION
3IQC,AGPE FLORES EL ZORRO III,SOLAR,NO DESPACHADO CENTRALMENTE,AUTOG PEQ. ESCALA,ETTC,RAD SOLAR,2023-09-21,OPERACION
3IQE,AGPE ASADERO MAC POLLO,SOLAR,NO DESPACHADO CENTRALMENTE,AUTOG PEQ. ESCALA,GNCC,RAD SOLAR,2023-09-21,OPERACION
3IQG,AGPE TERMINAL DE TRANSPORTE DE NEIVA,SOLAR,NO DESPACHADO CENTRALMENTE,AUTOG PEQ. ESCALA,BIAC,RAD SOLAR,2023-09-21,OPERACION
3IQI,AGPE EXTRACTORA VIZCAYA,SOLAR,NO DESPACHADO CENTRALMENTE,AUTOG PEQ. ESCALA,ENDC,RAD SOLAR,2023-09-21,OPERACION
3IRX,PORTON DEL SOL,SOLAR,DESPACHADO CENTRALMENTE,AUTOGENERADOR,GECG,RAD SOLAR,2024-03-08,OPERACION
3IRZ,LA CASCADA DE GRANADA,HIDRAULICA,NO DESPACHADO CENTRALMENTE,NORMAL,SFEG,AGUA,2023-09-30,OPERACION
3IS2,PARQUE SOLAR ARENAL,SOLAR,NO DESPACHADO CENTRALMENTE,NORMAL,EGRG,RAD SOLAR,2023-12-30,PRUEBAS
3ISD,AGPE ORF SA,SOLAR,NO DESPACHADO CENTRALMENTE,AUTOG PEQ. ESCALA,ISGC,RAD SOLAR,2023-10-01,OPERACION
3ITE,AGPE UNICOR JUANITA ISAZA,SOLAR,NO DESPACHADO CENTRALMENTE,AUTOG PEQ. ESCALA,NEUC,RAD SOLAR,2023-10-05,OPERACION
3ITG,AGPE INVERSIONES MONGNE,SOLAR,NO DESPACHADO CENTRALMENTE,AUTOG PEQ. ESCALA,NEUC,RAD SOLAR,2023-10-05,OPERACION
3ITI,AGPE GERMAN FRANCISCO MORON,SOLAR,NO DESPACHADO CENTRALMENTE,AUTOG PEQ. ESCALA,NEUC,RAD SOLAR,2023-10-05,OPERACION
3ITK,AGPE INDUSTRIAS MACAR PALMIRA,SOLAR,NO DESPACHADO CENTRALMENTE,AUTOG PEQ. ESCALA,BIAC,RAD SOLAR,2023-10-05,OPERACION
3ITM,AGPE HACIENDA SAN FELIPE,SOLAR,NO DESPACHADO CENTRALMENTE,AUTOG PEQ. ESCALA,GNCC,RAD SOLAR,2023-10-05,OPERACION
3ITO,AGPE NUTRILACTEOS DEL SUR,SOLAR,NO DESPACHADO CENTRALMENTE,AUTOG PEQ. ESCALA,GNCC,RAD SOLAR,2023-10-05,OPERACION
3ITQ,AGPE HOTEL ASTOR BYHOURS,SOLAR,NO DESPACHADO CENTRALMENTE,AUTOG PEQ. ESCALA,GNCC,RAD SOLAR,2023-10-05,OPERACION
3IUT,AGPE RESIDENCIA SIGLO XXI,SOLAR,NO DESPACHADO CENTRALMENTE,AUTOG PEQ. ESCALA,SCEC,RAD SOLAR,2023-10-10,OPERACION
3IUZ,AGPE LADRILLERA SANTANDER,SOLAR,NO DESPACHADO CENTRALMENTE,AUTOG PEQ. ESCALA,FERC,RAD SOLAR,2023-10-12,OPERACION
3IYJ,AGPE GAMA LE COSTURE,SOLAR,NO DESPACHADO CENTRALMENTE,AUTOG PEQ. ESCALA,BIAC,RAD SOLAR,2023-10-19,OPERACION
3IYL,AGPE AEROPUERTO COROZAL,SOLAR,NO DESPACHADO CENTRALMENTE,AUTOG PEQ. ESCALA,TPLC,RAD SOLAR,2023-10-19,OPERACION
3IYM,AGPE UPARLLANTAS,SOLAR,NO DESPACHADO CENTRALMENTE,AUTOG PEQ. ESCALA,NEUC,RAD SOLAR,2023-10-19,OPERACION
3IZ6,PARQUE SOLAR LA UNION,SOLAR,DESPACHADO CENTRALMENTE,NORMAL,SLUG,RAD SOLAR,2024-06-19,OPERACION
3IZQ,AGPE FARMATODO MANGA,SOLAR,NO DESPACHADO CENTRALMENTE,AUTOG PEQ. ESCALA,GNCC,RAD SOLAR,2023-10-26,OPERACION
3IZS,AGPE IML ETIQUETAS,SOLAR,NO DESPACHADO CENTRALMENTE,AUTOG PEQ. ESCALA,EEPC,RAD SOLAR,2023-10-26,OPERACION
3IZU,AGPE RAMIREZ ZULUAGA E HIJOS,SOLAR,NO DESPACHADO CENTRALMENTE,AUTOG PEQ. ESCALA,QIEC,RAD SOLAR,2023-10-26,OPERACION
3IZW,AGPE COMFENALCO QUINDIO,SOLAR,NO DESPACHADO CENTRALMENTE,AUTOG PEQ. ESCALA,EPMC,RAD SOLAR,2023-10-26,OPERACION
3J1J,PARQUE SOLAR HONDA I,SOLAR,NO DESPACHADO CENTRALMENTE,NORMAL,AAGG,RAD SOLAR,2023-12-28,PRUEBAS
3J1N,AGPE DIEGO LEON GARCIA,SOLAR,NO DESPACHADO CENTRALMENTE,AUTOG PEQ. ESCALA,SCEC,RAD SOLAR,2023-11-02,OPERACION
3J1Q,AGPE CESAR CARRIAZO,SOLAR,NO DESPACHADO CENTRALMENTE,AUTOG PEQ. ESCALA,GNCC,RAD SOLAR,2023-11-09,OPERACION
3J2B,SOLAR PLANETA RICA,SOLAR,NO DESPACHADO CENTRALMENTE,NORMAL,EPSG,RAD SOLAR,2024-04-17,OPERACION
3J2H,PETALO DE CORDOBA II,SOLAR,NO DESPACHADO CENTRALMENTE,NORMAL,BCCG,RAD SOLAR,2023-12-16,PRUEBAS
3J2K,AGPE DISPROLACTEOS,SOLAR,NO DESPACHADO CENTRALMENTE,AUTOG PEQ. ESCALA,SCEC,RAD SOLAR,2023-11-16,OPERACION
3J2O,AGPE BODYTECH CHICO,SOLAR,NO DESPACHADO CENTRALMENTE,AUTOG PEQ. ESCALA,BIAC,RAD SOLAR,2023-11-16,OPERACION
3J2Q,AGPE LA CORSARIA,SOLAR,NO DESPACHADO CENTRALMENTE,AUTOG PEQ. ESCALA,GNCC,RAD SOLAR,2023-11-16,OPERACION
3J2Y,AGPE HUMAX,SOLAR,NO DESPACHADO CENTRALMENTE,AUTOG PEQ. ESCALA,GNCC,RAD SOLAR,2023-11-23,OPERACION
3J31,AGPE EDS SAN RAFAEL,SOLAR,NO DESPACHADO CENTRALMENTE,AUTOG PEQ. ESCALA,TPLC,RAD SOLAR,2023-11-23,OPERACION
3J33,AGPE GRAFICAS DIAMANTE,SOLAR,NO DESPACHADO CENTRALMENTE,AUTOG PEQ. ESCALA,GNCC,RAD SOLAR,2023-11-23,OPERACION
3J35,AGPE EDIFICIO V1501,SOLAR,NO DESPACHADO CENTRALMENTE,AUTOG PEQ. ESCALA,ASCC,RAD SOLAR,2023-11-23,OPERACION
3J37,AGPE INVERSIONES PASTO,SOLAR,NO DESPACHADO CENTRALMENTE,AUTOG PEQ. ESCALA,ASCC,RAD SOLAR,2023-11-23,OPERACION
3J39,AGPE MAXXILLANTAS NO2,SOLAR,NO DESPACHADO CENTRALMENTE,AUTOG PEQ. ESCALA,SCEC,RAD SOLAR,2023-11-23,OPERACION
3J3B,AGPE BELLAVISTA COAL,SOLAR,NO DESPACHADO CENTRALMENTE,AUTOG PEQ. ESCALA,GNCC,RAD SOLAR,2023-11-23,OPERACION
3J3D,AGPE LA TURBINA,SOLAR,NO DESPACHADO CENTRALMENTE,AUTOG PEQ. ESCALA,SCEC,RAD SOLAR,2023-11-23,OPERACION
3J4D,CAIMAN CIENAGUERO,SOLAR,NO DESPACHADO CENTRALMENTE,NORMAL,GNYG,RAD SOLAR,2023-12-15,PRUEBAS
3J4P,AGPE HOTEL SONESTA,SOLAR,NO DESPACHADO CENTRALMENTE,AUTOG PEQ. ESCALA,EEPC,RAD SOLAR,2023-11-30,OPERACION
3J4R,PARQUE SOLAR DINAMARCA,SOLAR,NO DESPACHADO CENTRALMENTE,NORMAL,GNYG,RAD SOLAR,2024-03-11,PRUEBAS
3J4T,PARQUE SOLAR VERSALLES,SOLAR,NO DESPACHADO CENTRALMENTE,NORMAL,GNYG,RAD SOLAR,2024-03-11,PRUEBAS
3J4V,PARQUE SOLAR LA MENA,SOLAR,NO DESPACHADO CENTRALMENTE,NORMAL,GNYG,RAD SOLAR,2024-02-16,PRUEBAS
3J5D,AGPE ALVARO SOLANO,SOLAR,NO DESPACHADO CENTRALMENTE,AUTOG PEQ. ESCALA,SCEC,RAD SOLAR,2023-12-01,OPERACION
3J5F,AGPE MANUEL GONZALEZ CASA RECREO,SOLAR,NO DESPACHADO CENTRALMENTE,AUTOG PEQ. ESCALA,SCEC,RAD SOLAR,2023-12-01,OPERACION
3J5H,AGPE SUBASTAR BOSCONIA,SOLAR,NO DESPACHADO CENTRALMENTE,AUTOG PEQ. ESCALA,SCEC,RAD SOLAR,2023-12-01,OPERACION
3J5J,AGPE SUBASTAR MONTERIA,SOLAR,NO DESPACHADO CENTRALMENTE,AUTOG PEQ. ESCALA,SCEC,RAD SOLAR,2023-12-01,OPERACION
3J5V,AGPE LUCAS JARAMILLO MONTOYA,SOLAR,NO DESPACHADO CENTRALMENTE,AUTOG PEQ. ESCALA,SCEC,RAD SOLAR,2023-12-04,OPERACION
3J5X,AGPE NATACHA JARAMILLO MONTOYA,SOLAR,NO DESPACHADO CENTRALMENTE,AUTOG PEQ. ESCALA,SCEC,RAD SOLAR,2023-12-04,OPERACION
3J63,AGPE HACIENDA LA ESTANCIA,SOLAR,NO DESPACHADO CENTRALMENTE,AUTOG PEQ. ESCALA,GNCC,RAD SOLAR,2023-12-07,OPERACION
3J65,AGPE SUPERMASTICK,SOLAR,NO DESPACHADO CENTRALMENTE,AUTOG PEQ. ESCALA,GNCC,RAD SOLAR,2023-12-07,OPERACION
3J67,AGPE AGROINDUSTRIAL MOLINO SONORA,SOLAR,NO DESPACHADO CENTRALMENTE,AUTOG PEQ. ESCALA,CASC,RAD SOLAR,2023-12-07,OPERACION
3J69,AGPE EDS RIO CORDOBA,SOLAR,NO DESPACHADO CENTRALMENTE,AUTOG PEQ. ESCALA,TPLC,RAD SOLAR,2023-12-07,OPERACION
3J83,GUAMO,SOLAR,NO DESPACHADO CENTRALMENTE,NORMAL,ERRG,RAD SOLAR,2026-07-30,OPERACION
3J85,NUMBANA,SOLAR,NO DESPACHADO CENTRALMENTE,NORMAL,ERRG,RAD SOLAR,2024-09-20,PRUEBAS
3J8B,AGPE TIENDA Y EXPEDIDO DE CARNES JC,SOLAR,NO DESPACHADO CENTRALMENTE,AUTOG PEQ. ESCALA,GNCC,RAD SOLAR,2023-12-14,OPERACION
3J8T,AGPE TREKKER HOSTELS,SOLAR,NO DESPACHADO CENTRALMENTE,AUTOG PEQ. ESCALA,NEUC,RAD SOLAR,2023-12-21,OPERACION
3J8V,AGPE ARA CARTAGENA SANTA MONICA,SOLAR,NO DESPACHADO CENTRALMENTE,AUTOG PEQ. ESCALA,NEUC,RAD SOLAR,2023-12-21,OPERACION
3J8X,AGPE ARA CARTAGENA LOS CORALES,SOLAR,NO DESPACHADO CENTRALMENTE,AUTOG PEQ. ESCALA,NEUC,RAD SOLAR,2023-12-21,OPERACION
3J8Z,AGPE ARA CARTAGENA PROVIDENCIA,SOLAR,NO DESPACHADO CENTRALMENTE,AUTOG PEQ. ESCALA,NEUC,RAD SOLAR,2023-12-21,OPERACION
3JA3,AGPE PORTAL DEL CARIBE,SOLAR,NO DESPACHADO CENTRALMENTE,AUTOG PEQ. ESCALA,GNCC,RAD SOLAR,2023-12-21,OPERACION
3JBD,AGPE PISCICOLA BARACALDO,SOLAR,NO DESPACHADO CENTRALMENTE,AUTOG PEQ. ESCALA,GNCC,RAD SOLAR,2023-12-28,OPERACION
3JBF,AGPE HOTEL SANHA PLUS,SOLAR,NO DESPACHADO CENTRALMENTE,AUTOG PEQ. ESCALA,GNCC,RAD SOLAR,2023-12-28,OPERACION
3JBH,AGPE COMERCIALIZADORA INDUMAR SAS,SOLAR,NO DESPACHADO CENTRALMENTE,AUTOG PEQ. ESCALA,GNCC,RAD SOLAR,2023-12-28,OPERACION
3JBP,LA NENERA,SOLAR,NO DESPACHADO CENTRALMENTE,GEN. DISTRIBUIDA,ESNG,RAD SOLAR,2024-01-13,OPERACION
3JDA,AGPE CARLOS PALACIO LLANOGRANDE,SOLAR,NO DESPACHADO CENTRALMENTE,AUTOG PEQ. ESCALA,NEUC,RAD SOLAR,2024-01-04,OPERACION
3JDC,AGPE ALMACENES PARAISO YOPAL,SOLAR,NO DESPACHADO CENTRALMENTE,AUTOG PEQ. ESCALA,GNCC,RAD SOLAR,2024-01-04,OPERACION
3JDE,AGPE GD CONECT,SOLAR,NO DESPACHADO CENTRALMENTE,AUTOG PEQ. ESCALA,GNCC,RAD SOLAR,2024-01-04,OPERACION
3JDG,AGPE INDUSTRIAS NEGLE,SOLAR,NO DESPACHADO CENTRALMENTE,AUTOG PEQ. ESCALA,NEUC,RAD SOLAR,2024-01-04,OPERACION
3JDI,AGPE CASINO ELITE,SOLAR,NO DESPACHADO CENTRALMENTE,AUTOG PEQ. ESCALA,NEUC,RAD SOLAR,2024-01-04,OPERACION
3JDX,AGPE ALL TRUCKS SAS,SOLAR,NO DESPACHADO CENTRALMENTE,AUTOG PEQ. ESCALA,EPSC,RAD SOLAR,2024-01-11,OPERACION
3JDZ,AGPE IML EMPAQUES,SOLAR,NO DESPACHADO CENTRALMENTE,AUTOG PEQ. ESCALA,EEPC,RAD SOLAR,2024-01-11,OPERACION
3JE2,AGPE MERCALDAS PALERMO,SOLAR,NO DESPACHADO CENTRALMENTE,AUTOG PEQ. ESCALA,EEPC,RAD SOLAR,2024-01-11,OPERACION
3JE4,AGPE MERCALDAS PROVICENTRO,SOLAR,NO DESPACHADO CENTRALMENTE,AUTOG PEQ. ESCALA,EEPC,RAD SOLAR,2024-01-11,OPERACION
3JF6,AGPE SILVIA PALACIO,SOLAR,NO DESPACHADO CENTRALMENTE,AUTOG PEQ. ESCALA,NEUC,RAD SOLAR,2024-01-11,OPERACION
3JF8,AGPE JOSE ALBERTO CALDERON AGUDELO,SOLAR,NO DESPACHADO CENTRALMENTE,AUTOG PEQ. ESCALA,NEUC,RAD SOLAR,2024-01-11,OPERACION
3JFA,AGPE ARA MONTERIA EL DORADO,SOLAR,NO DESPACHADO CENTRALMENTE,AUTOG PEQ. ESCALA,NEUC,RAD SOLAR,2024-01-11,OPERACION
3JFO,AGPE INVERSIONES GIZU SAS,SOLAR,NO DESPACHADO CENTRALMENTE,AUTOG PEQ. ESCALA,SCEC,RAD SOLAR,2024-01-11,OPERACION
3JFR,AGPE COLOMBO AMERICANO SEDE NORTE,SOLAR,NO DESPACHADO CENTRALMENTE,AUTOG PEQ. ESCALA,GNCC,RAD SOLAR,2024-01-11,OPERACION
3JG3,AGPE MULTIIDEAS SAS,SOLAR,NO DESPACHADO CENTRALMENTE,AUTOG PEQ. ESCALA,GNCC,RAD SOLAR,2024-01-18,OPERACION
3JG5,AGPE FARMATODO RODADERO,SOLAR,NO DESPACHADO CENTRALMENTE,AUTOG PEQ. ESCALA,GNCC,RAD SOLAR,2024-01-18,OPERACION
3JHX,AGPE LA MASIA,SOLAR,NO DESPACHADO CENTRALMENTE,AUTOG PEQ. ESCALA,BIAC,RAD SOLAR,2024-01-18,OPERACION
3JHZ,AGPE PLATINUM INVESTMENTS,SOLAR,NO DESPACHADO CENTRALMENTE,AUTOG PEQ. ESCALA,ASCC,RAD SOLAR,2024-01-18,OPERACION
3JI2,AGPE SAMUEL DAVID JULIO AMIGO,SOLAR,NO DESPACHADO CENTRALMENTE,AUTOG PEQ. ESCALA,SCEC,RAD SOLAR,2024-01-18,OPERACION
3JI4,AGPE INVERSIONES COSIE,SOLAR,NO DESPACHADO CENTRALMENTE,AUTOG PEQ. ESCALA,ETTC,RAD SOLAR,2024-01-18,OPERACION
3JJM,AGPE CENTRO EMPRESARIAL CHIPICHAPE,SOLAR,NO DESPACHADO CENTRALMENTE,AUTOG PEQ. ESCALA,GNCC,RAD SOLAR,2024-01-25,OPERACION
3JJO,AGPE GRAFICAS MODERNAS,SOLAR,NO DESPACHADO CENTRALMENTE,AUTOG PEQ. ESCALA,GNCC,RAD SOLAR,2024-01-25,OPERACION
3JJQ,AGPE BANCO DE BOGOTA YOPAL,SOLAR,NO DESPACHADO CENTRALMENTE,AUTOG PEQ. ESCALA,GNCC,RAD SOLAR,2024-01-25,OPERACION
3JJS,AGPE TERMINAL TRANSPORTE MONTERIA,SOLAR,NO DESPACHADO CENTRALMENTE,AUTOG PEQ. ESCALA,GNCC,RAD SOLAR,2024-01-25,OPERACION
3JJU,AGPE JOSE LUIS LOZANO DURAN,SOLAR,NO DESPACHADO CENTRALMENTE,AUTOG PEQ. ESCALA,SCEC,RAD SOLAR,2024-01-25,OPERACION
3JN8,AGPE COLEGIO SAGRADA FAMILIA,SOLAR,NO DESPACHADO CENTRALMENTE,AUTOG PEQ. ESCALA,SCEC,RAD SOLAR,2024-02-01,OPERACION
3JNA,AGPE DISTRIBUCIONES HERNANDEZ HERNANDEZ,SOLAR,NO DESPACHADO CENTRALMENTE,AUTOG PEQ. ESCALA,SCEC,RAD SOLAR,2024-02-01,OPERACION
3JNC,AGPE SUBASTAR SAN PEDRO,SOLAR,NO DESPACHADO CENTRALMENTE,AUTOG PEQ. ESCALA,SCEC,RAD SOLAR,2024-02-01,OPERACION
3JNE,AGPE MOTO HIT MONTERIA,SOLAR,NO DESPACHADO CENTRALMENTE,AUTOG PEQ. ESCALA,SCEC,RAD SOLAR,2024-02-01,OPERACION
3JNG,AGPE BANCO DE BOGOTA AGUAZUL,SOLAR,NO DESPACHADO CENTRALMENTE,AUTOG PEQ. ESCALA,GNCC,RAD SOLAR,2024-02-01,OPERACION
3JNL,AGPE MOLINOS EL YOPAL,SOLAR,NO DESPACHADO CENTRALMENTE,AUTOG PEQ. ESCALA,GNCC,RAD SOLAR,2024-05-01,OPERACION
3JNN,AGPE CENTROABASTOS SA,SOLAR,NO DESPACHADO CENTRALMENTE,AUTOG PEQ. ESCALA,RTQC,RAD SOLAR,2024-02-08,OPERACION
3JNP,AGPE LENA BEATRIZ REZA GARCIA,SOLAR,NO DESPACHADO CENTRALMENTE,AUTOG PEQ. ESCALA,SCEC,RAD SOLAR,2024-02-08,OPERACION
3JNR,AUTOG UNIBOL 1,TERMICA,NO DESPACHADO CENTRALMENTE,AUTOGENERADOR,COGG,GAS,2024-02-11,OPERACION
3JP6,GD BASILICA,SOLAR,NO DESPACHADO CENTRALMENTE,GEN. DISTRIBUIDA,EPSG,RAD SOLAR,2024-02-16,OPERACION
3JP8,GD LA URIBE,SOLAR,NO DESPACHADO CENTRALMENTE,GEN. DISTRIBUIDA,EPSG,RAD SOLAR,2024-03-14,OPERACION
3JPA,GD ALFEREZ,SOLAR,NO DESPACHADO CENTRALMENTE,GEN. DISTRIBUIDA,EPSG,RAD SOLAR,2024-02-22,OPERACION
3JPC,GD CHICORAL,SOLAR,NO DESPACHADO CENTRALMENTE,GEN. DISTRIBUIDA,EPSG,RAD SOLAR,2024-05-19,OPERACION
3JPE,GD LOS CHORROS,SOLAR,NO DESPACHADO CENTRALMENTE,GEN. DISTRIBUIDA,EPSG,RAD SOLAR,2024-02-16,OPERACION
3JPG,AGPE FEDEARROZ PORE,SOLAR,NO DESPACHADO CENTRALMENTE,AUTOG PEQ. ESCALA,CASC,RAD SOLAR,2024-02-15,OPERACION
3JPI,AGPE EDS SAN ANTONIO,SOLAR,NO DESPACHADO CENTRALMENTE,AUTOG PEQ. ESCALA,TPLC,RAD SOLAR,2024-02-15,OPERACION
3JPK,MINIGRANJA SAN PEDRO,SOLAR,NO DESPACHADO CENTRALMENTE,GEN. DISTRIBUIDA,NTCG,RAD SOLAR,2024-02-27,OPERACION
3JPM,BARAYA,SOLAR,NO DESPACHADO CENTRALMENTE,GEN. DISTRIBUIDA,UNGG,RAD SOLAR,2024-02-18,OPERACION
3JQA,GD EL BANCO,SOLAR,NO DESPACHADO CENTRALMENTE,GEN. DISTRIBUIDA,EPSG,RAD SOLAR,2024-02-22,OPERACION
3JQC,GANDALF,SOLAR,NO DESPACHADO CENTRALMENTE,GEN. DISTRIBUIDA,UNGG,RAD SOLAR,2024-02-22,OPERACION
3JQE,CANAHUATE,SOLAR,NO DESPACHADO CENTRALMENTE,GEN. DISTRIBUIDA,UNGG,RAD SOLAR,2024-02-22,OPERACION
3JQL,AGPE CORPORACION CLUB COLOMBIA,SOLAR,NO DESPACHADO CENTRALMENTE,AUTOG PEQ. ESCALA,ASCC,RAD SOLAR,2024-02-22,OPERACION
3JQT,AGPE TELESENTINEL,SOLAR,NO DESPACHADO CENTRALMENTE,AUTOG PEQ. ESCALA,ETTC,RAD SOLAR,2024-02-22,OPERACION
3JQV,AGPE ARA SAN VICENTE,SOLAR,NO DESPACHADO CENTRALMENTE,AUTOG PEQ. ESCALA,GNCC,RAD SOLAR,2024-02-22,OPERACION
3JQX,AGPE MODULTEC II,SOLAR,NO DESPACHADO CENTRALMENTE,AUTOG PEQ. ESCALA,GNCC,RAD SOLAR,2024-02-22,OPERACION
3JQZ,AGPE MODULTEC I,SOLAR,NO DESPACHADO CENTRALMENTE,AUTOG PEQ. ESCALA,GNCC,RAD SOLAR,2024-02-22,OPERACION
3JR2,AGPE MODULTEC III,SOLAR,NO DESPACHADO CENTRALMENTE,AUTOG PEQ. ESCALA,GNCC,RAD SOLAR,2024-02-22,OPERACION
3K52,AGPE SINCRON OFICINAS,SOLAR,NO DESPACHADO CENTRALMENTE,AUTOG PEQ. ESCALA,ENBC,RAD SOLAR,2024-02-29,OPERACION
3K54,AGPE SINCRON PANCE,SOLAR,NO DESPACHADO CENTRALMENTE,AUTOG PEQ. ESCALA,ENBC,RAD SOLAR,2024-02-29,OPERACION
3K56,AGPE AMISALUD SAS,SOLAR,NO DESPACHADO CENTRALMENTE,AUTOG PEQ. ESCALA,ENBC,RAD SOLAR,2024-02-29,OPERACION
3K5A,AGPE CLINICA SALUD ORAL,SOLAR,NO DESPACHADO CENTRALMENTE,AUTOG PEQ. ESCALA,GNCC,RAD SOLAR,2024-02-29,OPERACION
3K5C,AGPE GRASAS Y LACTEOS DE OCCIDENTE,SOLAR,NO DESPACHADO CENTRALMENTE,AUTOG PEQ. ESCALA,EPSC,RAD SOLAR,2024-02-29,OPERACION
3K5E,AGPE CONGNAR,SOLAR,NO DESPACHADO CENTRALMENTE,AUTOG PEQ. ESCALA,ETTC,RAD SOLAR,2024-02-29,OPERACION
3K5G,AGPE EDGAVDA,SOLAR,NO DESPACHADO CENTRALMENTE,AUTOG PEQ. ESCALA,ETTC,RAD SOLAR,2024-02-29,OPERACION
3K5I,AGPE ARIS TEXTIL SAS,SOLAR,NO DESPACHADO CENTRALMENTE,AUTOG PEQ. ESCALA,GNCC,RAD SOLAR,2024-02-29,OPERACION
3K5Y,AGPE SALUD FORMA MEDICAL ESTHETIC,SOLAR,NO DESPACHADO CENTRALMENTE,AUTOG PEQ. ESCALA,SCEC,RAD SOLAR,2024-03-01,OPERACION
3K61,AGPE LECHERIA EL UBERRIMO,SOLAR,NO DESPACHADO CENTRALMENTE,AUTOG PEQ. ESCALA,SCEC,RAD SOLAR,2024-03-01,OPERACION
3K6R,AGPE PANADERIA GALAN,SOLAR,NO DESPACHADO CENTRALMENTE,AUTOG PEQ. ESCALA,GNCC,RAD SOLAR,2024-03-07,OPERACION
3K6T,SOLAR ALEJANDRIA,SOLAR,NO DESPACHADO CENTRALMENTE,NORMAL,GNYG,RAD SOLAR,2024-04-27,PRUEBAS
3K6V,AGPE BANCO DE BOGOTA JAMUNDI,SOLAR,NO DESPACHADO CENTRALMENTE,AUTOG PEQ. ESCALA,GNCC,RAD SOLAR,2024-03-07,OPERACION
3K6X,GD LA HONDA,SOLAR,NO DESPACHADO CENTRALMENTE,GEN. DISTRIBUIDA,EPSG,RAD SOLAR,2024-03-14,OPERACION
3K7L,AGPE RTS TULUA,SOLAR,NO DESPACHADO CENTRALMENTE,AUTOG PEQ. ESCALA,GNCC,RAD SOLAR,2024-03-14,OPERACION
3K7N,AGPE FUNGICOL Y CIA,SOLAR,NO DESPACHADO CENTRALMENTE,AUTOG PEQ. ESCALA,GNCC,RAD SOLAR,2024-03-14,OPERACION
3K7P,AGPE ANDALUCIA TALLER,SOLAR,NO DESPACHADO CENTRALMENTE,AUTOG PEQ. ESCALA,GNCC,RAD SOLAR,2024-03-14,OPERACION
3K7R,AGPE ANDALUCIA POSCOSECHA,SOLAR,NO DESPACHADO CENTRALMENTE,AUTOG PEQ. ESCALA,GNCC,RAD SOLAR,2024-03-14,OPERACION
3K7T,AGPE ANDALUCIA PORTERIA,SOLAR,NO DESPACHADO CENTRALMENTE,AUTOG PEQ. ESCALA,GNCC,RAD SOLAR,2024-03-14,OPERACION
3K88,AGPE FABRICA CALZADO ROMULO,SOLAR,NO DESPACHADO CENTRALMENTE,AUTOG PEQ. ESCALA,FERC,RAD SOLAR,2024-03-21,OPERACION
3K8A,CELSIA SOLAR ALUMINA,SOLAR,NO DESPACHADO CENTRALMENTE,AUTOGENERADOR,EPSG,RAD SOLAR,2024-03-24,PRUEBAS
3K8C,BSB 503,SOLAR,NO DESPACHADO CENTRALMENTE,NORMAL,ISGG,RAD SOLAR,2024-09-26,OPERACION
3K8E,BSB 504,SOLAR,NO DESPACHADO CENTRALMENTE,NORMAL,ISGG,RAD SOLAR,2024-09-27,OPERACION
3K91,AGPE CALZACOSTA OFICINAS,SOLAR,NO DESPACHADO CENTRALMENTE,AUTOG PEQ. ESCALA,GNCC,RAD SOLAR,2024-03-28,OPERACION
3K93,AGPE CI FARMAPLAST,SOLAR,NO DESPACHADO CENTRALMENTE,AUTOG PEQ. ESCALA,ETTC,RAD SOLAR,2024-03-28,OPERACION
3KA2,AGPE PEDRO ANTONIO TOSCANO TOSCANO,SOLAR,NO DESPACHADO CENTRALMENTE,AUTOG PEQ. ESCALA,SCEC,RAD SOLAR,2024-04-01,OPERACION
3KA6,AGPE CC LA FLORIDA I,SOLAR,NO DESPACHADO CENTRALMENTE,AUTOG PEQ. ESCALA,RTQC,RAD SOLAR,2024-04-04,OPERACION
3KA8,AGPE SOLUCIONES ADUANERAS,SOLAR,NO DESPACHADO CENTRALMENTE,AUTOG PEQ. ESCALA,BIAC,RAD SOLAR,2024-04-04,OPERACION
3KE2,AGPE BICITIENDA JR,SOLAR,NO DESPACHADO CENTRALMENTE,AUTOG PEQ. ESCALA,SCEC,RAD SOLAR,2024-04-11,OPERACION
3KE4,AGPE CARLOS MANUEL BOOM BURGOS,SOLAR,NO DESPACHADO CENTRALMENTE,AUTOG PEQ. ESCALA,SCEC,RAD SOLAR,2024-04-11,OPERACION
3KE6,AGPE KALA,SOLAR,NO DESPACHADO CENTRALMENTE,AUTOG PEQ. ESCALA,SCEC,RAD SOLAR,2024-04-11,OPERACION
3KJK,SOL Y CIELO I,SOLAR,NO DESPACHADO CENTRALMENTE,NORMAL,EYCG,RAD SOLAR,2024-05-26,PRUEBAS
3KK1,AGPE MEAT MARKET,SOLAR,NO DESPACHADO CENTRALMENTE,AUTOG PEQ. ESCALA,ENBC,RAD SOLAR,2024-04-18,OPERACION
3KK3,AGPE VITELSA,SOLAR,NO DESPACHADO CENTRALMENTE,AUTOG PEQ. ESCALA,ETTC,RAD SOLAR,2024-04-18,OPERACION
3KK5,AGPE DINISSAN CALI,SOLAR,NO DESPACHADO CENTRALMENTE,AUTOG PEQ. ESCALA,ETTC,RAD SOLAR,2024-04-18,OPERACION
3KK7,AGPE ABISAI,SOLAR,NO DESPACHADO CENTRALMENTE,AUTOG PEQ. ESCALA,ETTC,RAD SOLAR,2024-04-18,OPERACION
3KK9,AGPE SUPERCANAVERAL,SOLAR,NO DESPACHADO CENTRALMENTE,AUTOG PEQ. ESCALA,ETTC,RAD SOLAR,2024-04-18,OPERACION
3KKB,AGPE JORGE EMILIO MONTES,SOLAR,NO DESPACHADO CENTRALMENTE,AUTOG PEQ. ESCALA,SCEC,RAD SOLAR,2024-04-18,OPERACION
3KKD,AGPE VITE,SOLAR,NO DESPACHADO CENTRALMENTE,AUTOG PEQ. ESCALA,ETTC,RAD SOLAR,2024-04-18,OPERACION
3KL6,AGPE GASTROCESAR,SOLAR,NO DESPACHADO CENTRALMENTE,AUTOG PEQ. ESCALA,NEUC,RAD SOLAR,2024-04-20,OPERACION
3KL8,AGPE MANUEL GONZALEZ CASA 1,SOLAR,NO DESPACHADO CENTRALMENTE,AUTOG PEQ. ESCALA,SCEC,RAD SOLAR,2024-04-20,OPERACION
3KLA,AGPE JAIME HUMBERTO VELEZ,SOLAR,NO DESPACHADO CENTRALMENTE,AUTOG PEQ. ESCALA,ENBC,RAD SOLAR,2024-04-20,OPERACION
3KLC,AGPE ALFONSO PAYAN,SOLAR,NO DESPACHADO CENTRALMENTE,AUTOG PEQ. ESCALA,ENBC,RAD SOLAR,2024-04-20,OPERACION
3KLE,AGPE ALFREDO PACHECO,SOLAR,NO DESPACHADO CENTRALMENTE,AUTOG PEQ. ESCALA,ENBC,RAD SOLAR,2024-04-20,OPERACION
3KLG,AGPE CHM MINERIA SAS,SOLAR,NO DESPACHADO CENTRALMENTE,AUTOG PEQ. ESCALA,QIEC,RAD SOLAR,2024-04-20,OPERACION
3KLI,AGPE JUAN ERAZO,SOLAR,NO DESPACHADO CENTRALMENTE,AUTOG PEQ. ESCALA,ENBC,RAD SOLAR,2024-04-20,OPERACION
3KLK,AGPE SEMINARIO DIOCESANO CRISTO SACERDOTE,SOLAR,NO DESPACHADO CENTRALMENTE,AUTOG PEQ. ESCALA,CETC,RAD SOLAR,2024-04-21,OPERACION
3KLM,AGPE BERNARDO LENIS,SOLAR,NO DESPACHADO CENTRALMENTE,AUTOG PEQ. ESCALA,ENBC,RAD SOLAR,2024-04-22,OPERACION
3KLO,AGPE HENRI GALVIS NIETO,SOLAR,NO DESPACHADO CENTRALMENTE,AUTOG PEQ. ESCALA,GNCC,RAD SOLAR,2024-04-22,OPERACION
3KLQ,AUTOG TERMOMACAGUA 1,TERMICA,NO DESPACHADO CENTRALMENTE,AUTOGENERADOR,GSAG,GAS,2024-06-29,OPERACION
3KLS,AGPE PARDO CORENA LTDA,SOLAR,NO DESPACHADO CENTRALMENTE,AUTOG PEQ. ESCALA,SCEC,RAD SOLAR,2024-04-23,OPERACION
3KLU,AGPE SUMILAN,SOLAR,NO DESPACHADO CENTRALMENTE,AUTOG PEQ. ESCALA,GNCC,RAD SOLAR,2024-04-25,OPERACION
3KO9,AGPE CACHARRERIA JUNIOR L,SOLAR,NO DESPACHADO CENTRALMENTE,AUTOG PEQ. ESCALA,SCEC,RAD SOLAR,2024-04-25,OPERACION
3KOJ,AGPE MADEPAL,SOLAR,NO DESPACHADO CENTRALMENTE,AUTOG PEQ. ESCALA,CETC,RAD SOLAR,2024-04-27,OPERACION
3KOL,GD PALERMO,SOLAR,NO DESPACHADO CENTRALMENTE,GEN. DISTRIBUIDA,EPSG,RAD SOLAR,2024-12-03,OPERACION
3KOP,AGPE CASITA DEL CUY,SOLAR,NO DESPACHADO CENTRALMENTE,AUTOG PEQ. ESCALA,NEUC,RAD SOLAR,2024-04-28,OPERACION
3KOR,AGPE SUBASTAR SAHAGUN,SOLAR,NO DESPACHADO CENTRALMENTE,AUTOG PEQ. ESCALA,SCEC,RAD SOLAR,2024-04-28,OPERACION
3KOT,AGPE CESAR JULIO HERNANDEZ,SOLAR,NO DESPACHADO CENTRALMENTE,AUTOG PEQ. ESCALA,SCEC,RAD SOLAR,2024-04-28,OPERACION
3KOV,AGPE INDUSTRIAS NEGLE II,SOLAR,NO DESPACHADO CENTRALMENTE,AUTOG PEQ. ESCALA,NEUC,RAD SOLAR,2024-04-28,OPERACION
3KOX,AGPE LAS VEGAS RECREACIONES,SOLAR,NO DESPACHADO CENTRALMENTE,AUTOG PEQ. ESCALA,GNCC,RAD SOLAR,2024-04-29,OPERACION
3KOZ,AGPE LA GRAN RESERVA,SOLAR,NO DESPACHADO CENTRALMENTE,AUTOG PEQ. ESCALA,GNCC,RAD SOLAR,2024-04-29,OPERACION
3KR2,AGPE FUNDACION  OFTALMOLOGICA,SOLAR,NO DESPACHADO CENTRALMENTE,AUTOG PEQ. ESCALA,BIAC,RAD SOLAR,2024-05-06,OPERACION
3KR4,AGPE CC LA FLORIDA II,SOLAR,NO DESPACHADO CENTRALMENTE,AUTOG PEQ. ESCALA,RTQC,RAD SOLAR,2024-05-06,OPERACION
3KR6,AGPE RAMON GIRALDO GONZALEZ,SOLAR,NO DESPACHADO CENTRALMENTE,AUTOG PEQ. ESCALA,SCEC,RAD SOLAR,2024-05-06,OPERACION
3KR8,AGPE MAURICIO VERGARA FRANCO,SOLAR,NO DESPACHADO CENTRALMENTE,AUTOG PEQ. ESCALA,SCEC,RAD SOLAR,2024-05-06,OPERACION
3KVZ,AUTOG BIOS CONTEGRAL CARTAGO,SOLAR,NO DESPACHADO CENTRALMENTE,AUTOGENERADOR,EPMG,RAD SOLAR,2024-05-24,PRUEBAS
3KX5,AGPE PARROQUIA ESPIRITU SANTO,SOLAR,NO DESPACHADO CENTRALMENTE,AUTOG PEQ. ESCALA,GNCC,RAD SOLAR,2024-05-16,OPERACION
3KXI,AGPE RODOLFO ANTONIO ONATE,SOLAR,NO DESPACHADO CENTRALMENTE,AUTOG PEQ. ESCALA,NEUC,RAD SOLAR,2024-05-16,OPERACION
3KXQ,AUTOG BIOS CONTEGRAL NEIVA,SOLAR,NO DESPACHADO CENTRALMENTE,AUTOGENERADOR,EPMG,RAD SOLAR,2024-05-24,PRUEBAS
3L99,AGPE GRUPO SAN JORGE,SOLAR,NO DESPACHADO CENTRALMENTE,AUTOG PEQ. ESCALA,SCEC,RAD SOLAR,2024-05-23,OPERACION
3L9B,AUTOG EL COPEY,SOLAR,NO DESPACHADO CENTRALMENTE,AUTOGENERADOR,GECG,RAD SOLAR,2024-05-31,PRUEBAS
3L9D,AGPE COLGATE PALMOLIVE PALMIRA,SOLAR,NO DESPACHADO CENTRALMENTE,AUTOG PEQ. ESCALA,EMIC,RAD SOLAR,2024-05-23,OPERACION
3LC5,AGPE OCCICAUCHO,SOLAR,NO DESPACHADO CENTRALMENTE,AUTOG PEQ. ESCALA,ETTC,RAD SOLAR,2024-05-30,OPERACION
3LC7,AGPE UNIPLAST SAS,SOLAR,NO DESPACHADO CENTRALMENTE,AUTOG PEQ. ESCALA,GNCC,RAD SOLAR,2024-05-30,OPERACION
3LC9,AGPE SANTIAGO ARANGO,SOLAR,NO DESPACHADO CENTRALMENTE,AUTOG PEQ. ESCALA,ENBC,RAD SOLAR,2024-05-30,OPERACION
3LCB,AGPE PRIMAX COLOMBIA FACATATIVA,SOLAR,NO DESPACHADO CENTRALMENTE,AUTOG PEQ. ESCALA,BIAC,RAD SOLAR,2024-05-30,OPERACION
3LK3,AGPE LUZ MARIA QUINTERO,SOLAR,NO DESPACHADO CENTRALMENTE,AUTOG PEQ. ESCALA,SCEC,RAD SOLAR,2024-06-01,OPERACION
3LK5,AGPE SERVI CARROS MONTERIA,SOLAR,NO DESPACHADO CENTRALMENTE,AUTOG PEQ. ESCALA,SCEC,RAD SOLAR,2024-06-01,OPERACION
3LLY,PARQUE SOLAR HONDA II,SOLAR,NO DESPACHADO CENTRALMENTE,NORMAL,AAGG,RAD SOLAR,2024-08-31,PRUEBAS
3LM1,AGPE DAVID SANCHEZ SANCHEZ,SOLAR,NO DESPACHADO CENTRALMENTE,AUTOG PEQ. ESCALA,SCEC,RAD SOLAR,2024-06-06,OPERACION
3LM3,AGPE DANIEL JOSE JALLER,SOLAR,NO DESPACHADO CENTRALMENTE,AUTOG PEQ. ESCALA,SCEC,RAD SOLAR,2024-06-06,OPERACION
3LM5,AGPE GERMAN ALFREDO ORTIZ,SOLAR,NO DESPACHADO CENTRALMENTE,AUTOG PEQ. ESCALA,SCEC,RAD SOLAR,2024-06-06,OPERACION
3LM7,AGPE EMIRO VELASQUEZ,SOLAR,NO DESPACHADO CENTRALMENTE,AUTOG PEQ. ESCALA,ENBC,RAD SOLAR,2024-06-06,OPERACION
3LM9,AGPE HOTEL V1501,SOLAR,NO DESPACHADO CENTRALMENTE,AUTOG PEQ. ESCALA,ASCC,RAD SOLAR,2024-06-06,OPERACION
3LMB,AGPE SAN ISIDRO I,SOLAR,NO DESPACHADO CENTRALMENTE,AUTOG PEQ. ESCALA,ETTC,RAD SOLAR,2024-06-06,OPERACION
3LMD,AGPE VELEZ OSORIO E HIJOS S EN C,SOLAR,NO DESPACHADO CENTRALMENTE,AUTOG PEQ. ESCALA,SCEC,RAD SOLAR,2024-06-06,OPERACION
3LMF,AGPE SERGIO ANDRES VELEZ OSORIO,SOLAR,NO DESPACHADO CENTRALMENTE,AUTOG PEQ. ESCALA,SCEC,RAD SOLAR,2024-06-06,OPERACION
3LMH,JEQUES,SOLAR,NO DESPACHADO CENTRALMENTE,NORMAL,GNYG,RAD SOLAR,2024-10-04,PRUEBAS
3LMJ,CELSIA SOLAR BUGALAGRANDE,SOLAR,NO DESPACHADO CENTRALMENTE,NORMAL,EPSG,RAD SOLAR,2024-09-21,PRUEBAS
3LML,AGPE METROPOLITANA DE COMBUSTIBLE,SOLAR,NO DESPACHADO CENTRALMENTE,AUTOG PEQ. ESCALA,BIAC,RAD SOLAR,2024-06-06,OPERACION
3LPS,AGPE COLEGIO PARROQUIAL PABLO VI,SOLAR,NO DESPACHADO CENTRALMENTE,AUTOG PEQ. ESCALA,GNCC,RAD SOLAR,2024-06-13,OPERACION
3LPU,AGPE CASA EPISCOPAL,SOLAR,NO DESPACHADO CENTRALMENTE,AUTOG PEQ. ESCALA,GNCC,RAD SOLAR,2024-06-13,OPERACION
3LPW,AGPE SEMINARIO DIOCESANO JUAN PABLO II,SOLAR,NO DESPACHADO CENTRALMENTE,AUTOG PEQ. ESCALA,GNCC,RAD SOLAR,2024-06-13,OPERACION
3LPY,AGPE AGROZ,SOLAR,NO DESPACHADO CENTRALMENTE,AUTOG PEQ. ESCALA,EPMC,RAD SOLAR,2024-06-13,OPERACION
3LQ1,AGPE LA SELVA,SOLAR,NO DESPACHADO CENTRALMENTE,AUTOG PEQ. ESCALA,EPMC,RAD SOLAR,2024-06-13,OPERACION
3LQ3,AGPE AMERICANA DE CURTIDOS,SOLAR,NO DESPACHADO CENTRALMENTE,AUTOG PEQ. ESCALA,EPMC,RAD SOLAR,2024-06-13,OPERACION
3LQZ,AGPE CABANA SERGIO VELEZ,SOLAR,NO DESPACHADO CENTRALMENTE,AUTOG PEQ. ESCALA,SCEC,RAD SOLAR,2024-06-13,OPERACION
3MAF,AGPE CABAL VASQUEZ Y CIA S EN C,SOLAR,NO DESPACHADO CENTRALMENTE,AUTOG PEQ. ESCALA,ENBC,RAD SOLAR,2024-06-20,OPERACION
3MAH,AGPE AMERIPLAST Y CIA,SOLAR,NO DESPACHADO CENTRALMENTE,AUTOG PEQ. ESCALA,EMIC,RAD SOLAR,2024-06-20,OPERACION
3MAJ,AGPE BERHLAN TEBAIDA,SOLAR,NO DESPACHADO CENTRALMENTE,AUTOG PEQ. ESCALA,GNCC,RAD SOLAR,2024-06-20,OPERACION
3MAL,AGPE CONSTRUCCIONES INMUNIZADAS,SOLAR,NO DESPACHADO CENTRALMENTE,AUTOG PEQ. ESCALA,GNCC,RAD SOLAR,2024-06-20,OPERACION
3MAN,AGPE JCURUETA,SOLAR,NO DESPACHADO CENTRALMENTE,AUTOG PEQ. ESCALA,ETTC,RAD SOLAR,2024-06-20,OPERACION
3MAP,AGPE MEDINUCLEAR SAS,SOLAR,NO DESPACHADO CENTRALMENTE,AUTOG PEQ. ESCALA,ASCC,RAD SOLAR,2024-06-20,OPERACION
3MAR,AGPE INVERSIONES ZORAIDA HV SAS,SOLAR,NO DESPACHADO CENTRALMENTE,AUTOG PEQ. ESCALA,NEUC,RAD SOLAR,2024-06-20,OPERACION
3MAT,AGPE INEMA,SOLAR,NO DESPACHADO CENTRALMENTE,AUTOG PEQ. ESCALA,GNCC,RAD SOLAR,2024-06-20,OPERACION
3MAV,AGPE LASTRA,SOLAR,NO DESPACHADO CENTRALMENTE,AUTOG PEQ. ESCALA,ETTC,RAD SOLAR,2024-06-20,OPERACION
3MFN,AGPE FRISBY SA,SOLAR,NO DESPACHADO CENTRALMENTE,AUTOG PEQ. ESCALA,EEPC,RAD SOLAR,2024-06-27,OPERACION
3MFP,AGPE IED LAS NIEVES,SOLAR,NO DESPACHADO CENTRALMENTE,AUTOG PEQ. ESCALA,EEPC,RAD SOLAR,2024-06-27,OPERACION
3MFR,AGPE IED SANTO DOMINGO DE GUZMAN,SOLAR,NO DESPACHADO CENTRALMENTE,AUTOG PEQ. ESCALA,EEPC,RAD SOLAR,2024-06-27,OPERACION
3MGV,AGPE VELEZ OSORIO E HIJOS S EN C CABANA,SOLAR,NO DESPACHADO CENTRALMENTE,AUTOG PEQ. ESCALA,SCEC,RAD SOLAR,2024-06-27,OPERACION
3MGX,AGPE CLINICA OFTALMALOGICA DE SUCRE,SOLAR,NO DESPACHADO CENTRALMENTE,AUTOG PEQ. ESCALA,SCEC,RAD SOLAR,2024-06-27,OPERACION
3MGZ,AGPE RAFAEL EDUARDO NARANJO,SOLAR,NO DESPACHADO CENTRALMENTE,AUTOG PEQ. ESCALA,SCEC,RAD SOLAR,2024-06-27,OPERACION
3MHB,MINIGRANJA LA PAZ VALLENATA,SOLAR,NO DESPACHADO CENTRALMENTE,GEN. DISTRIBUIDA,UNGG,RAD SOLAR,2024-08-13,OPERACION
3MHD,AGPE GERARDO ORTIZ HUERGO,SOLAR,NO DESPACHADO CENTRALMENTE,AUTOG PEQ. ESCALA,ENBC,RAD SOLAR,2024-06-27,OPERACION
3MHF,AGPE CAROL CHICA CASTILLA,SOLAR,NO DESPACHADO CENTRALMENTE,AUTOG PEQ. ESCALA,SCEC,RAD SOLAR,2024-06-27,OPERACION
3MHH,AGPE HOTEL ONOMA,SOLAR,NO DESPACHADO CENTRALMENTE,AUTOG PEQ. ESCALA,GNCC,RAD SOLAR,2024-06-27,OPERACION
3MS2,CELSIA SOLAR PUERTO TEJADA,SOLAR,NO DESPACHADO CENTRALMENTE,AUTOGENERADOR,EPSG,RAD SOLAR,2026-02-18,OPERACION
3MS5,AGPE SUBASTAR SAMPUES,SOLAR,NO DESPACHADO CENTRALMENTE,AUTOG PEQ. ESCALA,SCEC,RAD SOLAR,2024-07-01,OPERACION
3MTV,AGPE AGROPECUARIA TABAIDA SAS,SOLAR,NO DESPACHADO CENTRALMENTE,AUTOG PEQ. ESCALA,SCEC,RAD SOLAR,2024-07-04,OPERACION
3MTX,AGPE ROSIRIS MARGARITA AYAZO,SOLAR,NO DESPACHADO CENTRALMENTE,AUTOG PEQ. ESCALA,SCEC,RAD SOLAR,2024-07-04,OPERACION
3MTZ,AGPE LOLA DEL SOCORRO SANCHEZ MEJIA,SOLAR,NO DESPACHADO CENTRALMENTE,AUTOG PEQ. ESCALA,SCEC,RAD SOLAR,2024-07-04,OPERACION
3MU2,AGPE EIDER JULIO HOYOS MENDOZA,SOLAR,NO DESPACHADO CENTRALMENTE,AUTOG PEQ. ESCALA,SCEC,RAD SOLAR,2024-07-04,OPERACION
3MU8,AGPE HACIENDA GARZONERO SAS,SOLAR,NO DESPACHADO CENTRALMENTE,AUTOG PEQ. ESCALA,BIAC,RAD SOLAR,2024-07-04,OPERACION
3MUA,AGPE GRICOAT COLOMBIA I,SOLAR,NO DESPACHADO CENTRALMENTE,AUTOG PEQ. ESCALA,NEUC,RAD SOLAR,2024-07-04,OPERACION
3MUC,AGPE TSM PROJECT,SOLAR,NO DESPACHADO CENTRALMENTE,AUTOG PEQ. ESCALA,NEUC,RAD SOLAR,2024-07-04,OPERACION
3MVS,AGPE RUBEN ALEJANDRO GIRALDO,SOLAR,NO DESPACHADO CENTRALMENTE,AUTOG PEQ. ESCALA,SCEC,RAD SOLAR,2024-07-11,OPERACION
3MVU,AGPE COLEGIO JEFFERSON,SOLAR,NO DESPACHADO CENTRALMENTE,AUTOG PEQ. ESCALA,EPSC,RAD SOLAR,2024-07-11,OPERACION
3MVW,AGPE REG MARKETING,SOLAR,NO DESPACHADO CENTRALMENTE,AUTOG PEQ. ESCALA,GNCC,RAD SOLAR,2024-07-11,OPERACION
3MVY,AGPE FEDERICA ECHEVERRY,SOLAR,NO DESPACHADO CENTRALMENTE,AUTOG PEQ. ESCALA,ENBC,RAD SOLAR,2024-07-11,OPERACION
3MW1,AGPE COMERCIALIZADORA EL SUR LIMITADA,SOLAR,NO DESPACHADO CENTRALMENTE,AUTOG PEQ. ESCALA,SCEC,RAD SOLAR,2024-07-11,OPERACION
3MW3,AGPE JUAN DIEGO LOPEZ HOYOS,SOLAR,NO DESPACHADO CENTRALMENTE,AUTOG PEQ. ESCALA,ENBC,RAD SOLAR,2024-07-11,OPERACION
3MW5,AGPE IMAGENES DIAGNOSTICAS CERETE,SOLAR,NO DESPACHADO CENTRALMENTE,AUTOG PEQ. ESCALA,SCEC,RAD SOLAR,2024-07-11,OPERACION
3MW7,AGPE CASA BRITANICA SAS SEDE TRONCAL,SOLAR,NO DESPACHADO CENTRALMENTE,AUTOG PEQ. ESCALA,SCEC,RAD SOLAR,2024-07-11,OPERACION
3MXG,AGPE FELIX TORRES,SOLAR,NO DESPACHADO CENTRALMENTE,AUTOG PEQ. ESCALA,GNCC,RAD SOLAR,2024-07-18,OPERACION
3MXI,AGPE FARMATODO LIMONAR,SOLAR,NO DESPACHADO CENTRALMENTE,AUTOG PEQ. ESCALA,GNCC,RAD SOLAR,2024-07-18,OPERACION
3MXK,AGPE PLEX CORPORATIVO PROPIEDAD HORIZONTAL,SOLAR,NO DESPACHADO CENTRALMENTE,AUTOG PEQ. ESCALA,GNCC,RAD SOLAR,2024-07-18,OPERACION
3MXM,AGPE BANCO BOGOTA SAN NICOLAS,SOLAR,NO DESPACHADO CENTRALMENTE,AUTOG PEQ. ESCALA,GNCC,RAD SOLAR,2024-07-18,OPERACION
3MXO,AGPE HUGO ALEJANDRO HERRERA,SOLAR,NO DESPACHADO CENTRALMENTE,AUTOG PEQ. ESCALA,SCEC,RAD SOLAR,2024-07-18,OPERACION
3MXQ,AGPE CLINIDOTACIONES SAS,SOLAR,NO DESPACHADO CENTRALMENTE,AUTOG PEQ. ESCALA,SCEC,RAD SOLAR,2024-07-18,OPERACION
3MXS,AGPE LA CASA DEL DEPORTE,SOLAR,NO DESPACHADO CENTRALMENTE,AUTOG PEQ. ESCALA,SCEC,RAD SOLAR,2024-07-18,OPERACION
3MXU,AGPE ERAZO MARTINEZ ASOCIADOS,SOLAR,NO DESPACHADO CENTRALMENTE,AUTOG PEQ. ESCALA,SCEC,RAD SOLAR,2024-07-18,OPERACION
3MXW,AGPE VINALE S EN C,SOLAR,NO DESPACHADO CENTRALMENTE,AUTOG PEQ. ESCALA,SCEC,RAD SOLAR,2024-07-18,OPERACION
3MXY,AGPE ANDRES RODRIGO JARAMILLO DURANGO,SOLAR,NO DESPACHADO CENTRALMENTE,AUTOG PEQ. ESCALA,SCEC,RAD SOLAR,2024-07-18,OPERACION
3N5E,AGPE SUB LIBERTADOR,SOLAR,NO DESPACHADO CENTRALMENTE,AUTOG PEQ. ESCALA,CSSG,RAD SOLAR,2024-07-18,OPERACION
3N7Q,AGPE  ALIMENTOS NARINO MC SAS,SOLAR,NO DESPACHADO CENTRALMENTE,AUTOG PEQ. ESCALA,GNCC,RAD SOLAR,2024-08-01,OPERACION
3N9V,AGPE IED FORMACION INTEGRAL,SOLAR,NO DESPACHADO CENTRALMENTE,AUTOG PEQ. ESCALA,EEPC,RAD SOLAR,2024-07-25,OPERACION
3N9X,AGPE IED INMACULADA CONCEPCION,SOLAR,NO DESPACHADO CENTRALMENTE,AUTOG PEQ. ESCALA,EEPC,RAD SOLAR,2024-07-31,OPERACION
3N9Z,AGPE LOS HORNITOS SAS,SOLAR,NO DESPACHADO CENTRALMENTE,AUTOG PEQ. ESCALA,BIAC,RAD SOLAR,2024-06-30,OPERACION
3NA2,AGPE JUAN NEFTALI GOMEZ ARBELAEZ,SOLAR,NO DESPACHADO CENTRALMENTE,AUTOG PEQ. ESCALA,SCEC,RAD SOLAR,2024-07-31,OPERACION
3NA4,AGPE ALQUIBER DARIO RIOS CARDONA,SOLAR,NO DESPACHADO CENTRALMENTE,AUTOG PEQ. ESCALA,SCEC,RAD SOLAR,2024-07-31,OPERACION
3NA6,AGPE MONICA ANDREA PINEROS CORREA,SOLAR,NO DESPACHADO CENTRALMENTE,AUTOG PEQ. ESCALA,SCEC,RAD SOLAR,2024-07-25,OPERACION
3NAB,AGPE MULTIA 104093,SOLAR,NO DESPACHADO CENTRALMENTE,AUTOG PEQ. ESCALA,ETTC,RAD SOLAR,2024-07-25,OPERACION
3NAD,AGPE MULTIA 104095,SOLAR,NO DESPACHADO CENTRALMENTE,AUTOG PEQ. ESCALA,ETTC,RAD SOLAR,2024-06-30,OPERACION
3NAG,AGPE ESTACION Y LUBRICANTES SAN ANTONIO GNV S,SOLAR,NO DESPACHADO CENTRALMENTE,AUTOG PEQ. ESCALA,GNCC,RAD SOLAR,2024-07-31,OPERACION
3NAI,AGPE COLEGIO CLARETIANO,SOLAR,NO DESPACHADO CENTRALMENTE,AUTOG PEQ. ESCALA,GNCC,RAD SOLAR,2024-07-26,OPERACION
3NAS,AGPE PROAGR19,SOLAR,NO DESPACHADO CENTRALMENTE,AUTOG PEQ. ESCALA,ETTC,RAD SOLAR,2024-07-31,PRUEBAS
3NAU,AGPE EDS LA PAZ,SOLAR,NO DESPACHADO CENTRALMENTE,AUTOG PEQ. ESCALA,TPLC,RAD SOLAR,2024-05-31,PRUEBAS
3NAW,AGPE JORGE ARMANDO SANCHEZ MEJIA,SOLAR,NO DESPACHADO CENTRALMENTE,AUTOG PEQ. ESCALA,QIEC,RAD SOLAR,2024-07-31,PRUEBAS
3NAY,AGPE GRUPO FIRENZE SAS LOC 1,SOLAR,NO DESPACHADO CENTRALMENTE,AUTOG PEQ. ESCALA,SCEC,RAD SOLAR,2024-08-01,OPERACION
3NB1,AGPE VICTOR HUGO CORAL HOME LC 101,SOLAR,NO DESPACHADO CENTRALMENTE,AUTOG PEQ. ESCALA,ENBC,RAD SOLAR,2024-07-31,OPERACION
3NB3,AGPE AUTOTECNICA COLOMBIANA,SOLAR,NO DESPACHADO CENTRALMENTE,AUTOG PEQ. ESCALA,EPMC,RAD SOLAR,2024-08-01,OPERACION
3NB5,AGPE INVERSIONES SANTOS HR SAS,SOLAR,NO DESPACHADO CENTRALMENTE,AUTOG PEQ. ESCALA,SCEC,RAD SOLAR,2024-08-01,OPERACION
3NB7,AGPE ASOCIACION DE MUNICIPIOS DEL SINU SABANA,SOLAR,NO DESPACHADO CENTRALMENTE,AUTOG PEQ. ESCALA,SCEC,RAD SOLAR,2024-08-01,OPERACION
3NB9,AGPE HERNAN DARIO GONZALEZ,SOLAR,NO DESPACHADO CENTRALMENTE,AUTOG PEQ. ESCALA,NEUC,RAD SOLAR,2024-08-01,OPERACION
3NBB,AGPE MARIA MERCES GARCIA BURGOS,SOLAR,NO DESPACHADO CENTRALMENTE,AUTOG PEQ. ESCALA,SCEC,RAD SOLAR,2024-05-31,PRUEBAS
3NBD,AGPE MELISSA ANDREA GUERRA LOPEZ,SOLAR,NO DESPACHADO CENTRALMENTE,AUTOG PEQ. ESCALA,SCEC,RAD SOLAR,2024-07-31,PRUEBAS
3ND4,AGPE SPATARO NAPOLI,SOLAR,NO DESPACHADO CENTRALMENTE,AUTOG PEQ. ESCALA,GNCC,RAD SOLAR,2024-08-01,OPERACION
3ND8,AGPE QUINTERO CUELLO SAS,SOLAR,NO DESPACHADO CENTRALMENTE,AUTOG PEQ. ESCALA,NEUC,RAD SOLAR,2024-08-08,OPERACION
3NDA,AGPE GIMNASIO MODERNO SINU,SOLAR,NO DESPACHADO CENTRALMENTE,AUTOG PEQ. ESCALA,SCEC,RAD SOLAR,2024-08-08,OPERACION
3NDC,AGPE PARCELACION MONTECAPIRO,SOLAR,NO DESPACHADO CENTRALMENTE,AUTOG PEQ. ESCALA,ENBC,RAD SOLAR,2024-08-08,OPERACION
3NDE,GD ERCO TOLDADO,SOLAR,NO DESPACHADO CENTRALMENTE,GEN. DISTRIBUIDA,ERRG,RAD SOLAR,2024-09-19,OPERACION
3NDG,AGPE SERVITECA LA AMISTAD SAS,SOLAR,NO DESPACHADO CENTRALMENTE,AUTOG PEQ. ESCALA,SCEC,RAD SOLAR,2024-08-08,OPERACION
3NFQ,AGPE PLANTA SARITA FARINE,SOLAR,NO DESPACHADO CENTRALMENTE,AUTOG PEQ. ESCALA,GNCC,RAD SOLAR,2024-08-08,OPERACION
3NFS,AGPE INTEGRATIVA  AGROPECUARIA,SOLAR,NO DESPACHADO CENTRALMENTE,AUTOG PEQ. ESCALA,GNCC,RAD SOLAR,2024-08-08,OPERACION
3NFU,AGPE HOTEL VISUS,SOLAR,NO DESPACHADO CENTRALMENTE,AUTOG PEQ. ESCALA,GNCC,RAD SOLAR,2024-08-08,OPERACION
3NFY,AGPE PRIMAX COLOMBIA SA III,SOLAR,NO DESPACHADO CENTRALMENTE,AUTOG PEQ. ESCALA,NEUC,RAD SOLAR,2024-08-15,OPERACION
3NG1,AGPE SERVITECA DICAR SAS,SOLAR,NO DESPACHADO CENTRALMENTE,AUTOG PEQ. ESCALA,SCEC,RAD SOLAR,2024-08-15,OPERACION
3NG3,AGPE GESTAR SALUD DE COLOMBIA IPS SAS,SOLAR,NO DESPACHADO CENTRALMENTE,AUTOG PEQ. ESCALA,SCEC,RAD SOLAR,2024-08-15,OPERACION
3NG5,AGPE ARA BARANOA CENTRO,SOLAR,NO DESPACHADO CENTRALMENTE,AUTOG PEQ. ESCALA,NEUC,RAD SOLAR,2024-08-15,OPERACION
3NG7,AGPE CELINA DEL CARMEN CARRASCAL DE PATINO,SOLAR,NO DESPACHADO CENTRALMENTE,AUTOG PEQ. ESCALA,SCEC,RAD SOLAR,2024-08-15,OPERACION
3NG9,AGPE LAURA DE JESUS VEGA HERNANDEZ,SOLAR,NO DESPACHADO CENTRALMENTE,AUTOG PEQ. ESCALA,SCEC,RAD SOLAR,2024-08-15,OPERACION
3NGB,AGPE KAREN PATRICIA DUQUE DUQUE,SOLAR,NO DESPACHADO CENTRALMENTE,AUTOG PEQ. ESCALA,SCEC,RAD SOLAR,2024-08-15,OPERACION
3NGD,AGPE GIMNASIO ALTAIR DE LA SABANA LIMITIDA,SOLAR,NO DESPACHADO CENTRALMENTE,AUTOG PEQ. ESCALA,SCEC,RAD SOLAR,2024-08-15,OPERACION
3NGF,AGPE MAXILUJOS MTR,SOLAR,NO DESPACHADO CENTRALMENTE,AUTOG PEQ. ESCALA,SCEC,RAD SOLAR,2024-08-15,OPERACION
3NGH,AGPE SGS CONSTRUCCIONES SAS,SOLAR,NO DESPACHADO CENTRALMENTE,AUTOG PEQ. ESCALA,SCEC,RAD SOLAR,2024-08-15,OPERACION
3NGJ,GD CHIMBI,SOLAR,NO DESPACHADO CENTRALMENTE,GEN. DISTRIBUIDA,EPSG,RAD SOLAR,2024-08-28,OPERACION
3NIW,AGPE HORNE JEDIDIAH HUNTINGTON,SOLAR,NO DESPACHADO CENTRALMENTE,AUTOG PEQ. ESCALA,BIAC,RAD SOLAR,2024-08-22,OPERACION
3NIY,AGPE LOS HORNITOS CR 44,SOLAR,NO DESPACHADO CENTRALMENTE,AUTOG PEQ. ESCALA,BIAC,RAD SOLAR,2024-08-22,OPERACION
3NJK,AGPE ZO103797,SOLAR,NO DESPACHADO CENTRALMENTE,AUTOG PEQ. ESCALA,ETTC,RAD SOLAR,2024-08-22,OPERACION
3NJM,AGPE ZO103795,SOLAR,NO DESPACHADO CENTRALMENTE,AUTOG PEQ. ESCALA,ETTC,RAD SOLAR,2024-08-22,OPERACION
3NJO,AGPE ZO103796,SOLAR,NO DESPACHADO CENTRALMENTE,AUTOG PEQ. ESCALA,ETTC,RAD SOLAR,2024-08-22,OPERACION
3NJQ,AGPE ZO103798,SOLAR,NO DESPACHADO CENTRALMENTE,AUTOG PEQ. ESCALA,ETTC,RAD SOLAR,2024-08-22,OPERACION
3NJS,AGPE VALEJA 85128,SOLAR,NO DESPACHADO CENTRALMENTE,AUTOG PEQ. ESCALA,ETTC,RAD SOLAR,2024-08-22,OPERACION
3NKE,AGPE BARU MOTORS MONTERIA SAS,SOLAR,NO DESPACHADO CENTRALMENTE,AUTOG PEQ. ESCALA,SCEC,RAD SOLAR,2024-08-22,OPERACION
3NKG,AGPE JAIRO JOSE SALAZAR MACEA,SOLAR,NO DESPACHADO CENTRALMENTE,AUTOG PEQ. ESCALA,SCEC,RAD SOLAR,2024-08-22,OPERACION
3NLB,AGPE SAN CARLOS II,SOLAR,NO DESPACHADO CENTRALMENTE,AUTOG PEQ. ESCALA,ENDC,RAD SOLAR,2024-08-22,OPERACION
3NLE,GD NAOS I,SOLAR,NO DESPACHADO CENTRALMENTE,GEN. DISTRIBUIDA,UNGG,RAD SOLAR,2024-08-27,OPERACION
3NLG,ROVIRA,SOLAR,NO DESPACHADO CENTRALMENTE,NORMAL,CTCG,RAD SOLAR,2025-02-14,PRUEBAS
3NLI,AGPE BANCO BOGOTA OFICINA PUERTO GAITAN,SOLAR,NO DESPACHADO CENTRALMENTE,AUTOG PEQ. ESCALA,GNCC,RAD SOLAR,2024-08-22,OPERACION
3NLK,AGPE GRANJA SAN PEDRO MALAMI,SOLAR,NO DESPACHADO CENTRALMENTE,AUTOG PEQ. ESCALA,GNCC,RAD SOLAR,2024-08-22,OPERACION
3NLU,AGPE PET Y MECANIZADOS DEL VALLE SAS,SOLAR,NO DESPACHADO CENTRALMENTE,AUTOG PEQ. ESCALA,EPSC,RAD SOLAR,2024-08-29,OPERACION
3NLW,AGPE GRUPO LITORAL SAS,SOLAR,NO DESPACHADO CENTRALMENTE,AUTOG PEQ. ESCALA,SCEC,RAD SOLAR,2024-08-29,OPERACION
3NLX,AGPE DENTISANA,SOLAR,NO DESPACHADO CENTRALMENTE,AUTOG PEQ. ESCALA,NEUC,RAD SOLAR,2024-08-29,OPERACION
3NLZ,SOLAR OLD T,SOLAR,NO DESPACHADO CENTRALMENTE,NORMAL,GNCG,RAD SOLAR,2024-10-16,PRUEBAS
3NM2,AGPE HERMANAS CLARISAS,SOLAR,NO DESPACHADO CENTRALMENTE,AUTOG PEQ. ESCALA,NEUC,RAD SOLAR,2024-08-29,OPERACION
3NM4,AGPE DIGICOM TELECOMUNICACIONES EU,SOLAR,NO DESPACHADO CENTRALMENTE,AUTOG PEQ. ESCALA,SCEC,RAD SOLAR,2024-08-29,OPERACION
3NNZ,AUTOG TERMOCOROCITO 1,TERMICA,NO DESPACHADO CENTRALMENTE,AUTOGENERADOR,GSAG,GAS,2024-10-29,OPERACION
3NO2,AGPE RODOLFO SCHMULSON,SOLAR,NO DESPACHADO CENTRALMENTE,AUTOG PEQ. ESCALA,GNCC,RAD SOLAR,2024-08-29,OPERACION
3NO4,AGPE PARROQUIA NUESTRA SENORA DEL CARMEN,SOLAR,NO DESPACHADO CENTRALMENTE,AUTOG PEQ. ESCALA,GNCC,RAD SOLAR,2024-08-29,OPERACION
3NOE,AGPE PERIAUTOS SAS,SOLAR,NO DESPACHADO CENTRALMENTE,AUTOG PEQ. ESCALA,QIEC,RAD SOLAR,2024-09-01,OPERACION
3NOG,AGPE JUAN JOSE PATINO MUNOZ,SOLAR,NO DESPACHADO CENTRALMENTE,AUTOG PEQ. ESCALA,SCEC,RAD SOLAR,2024-09-01,OPERACION
3NP5,AGPE DORIS ALBA SANCHEZ ARANGO,SOLAR,NO DESPACHADO CENTRALMENTE,AUTOG PEQ. ESCALA,SCEC,RAD SOLAR,2024-09-05,OPERACION
3NP7,AGPE UNIVERSIDAD TECNOLOGICA DE BOLIVAR,SOLAR,NO DESPACHADO CENTRALMENTE,AUTOG PEQ. ESCALA,EPSC,RAD SOLAR,2024-09-05,OPERACION
3NP9,AGPE RAFAEL IGNACIO RUIZ,SOLAR,NO DESPACHADO CENTRALMENTE,AUTOG PEQ. ESCALA,SCEC,RAD SOLAR,2024-09-05,OPERACION
3NPB,AGPE FRIGOMETRO CARTAGENA,SOLAR,NO DESPACHADO CENTRALMENTE,AUTOG PEQ. ESCALA,ISGC,RAD SOLAR,2024-09-05,OPERACION
3NQR,AGPE SANTAGUEDA CONFA,SOLAR,NO DESPACHADO CENTRALMENTE,AUTOG PEQ. ESCALA,EPMC,RAD SOLAR,2024-09-12,OPERACION
3NQT,AGPE ROCIO DEL PILAR MORALES CANO,SOLAR,NO DESPACHADO CENTRALMENTE,AUTOG PEQ. ESCALA,SCEC,RAD SOLAR,2024-09-12,OPERACION
3NQV,AGPE ABISAI II,SOLAR,NO DESPACHADO CENTRALMENTE,AUTOG PEQ. ESCALA,ETTC,RAD SOLAR,2024-09-12,OPERACION
3NQX,AGPE VEHICO 104189,SOLAR,NO DESPACHADO CENTRALMENTE,AUTOG PEQ. ESCALA,ETTC,RAD SOLAR,2024-09-12,OPERACION
3NQZ,AGPE SONALPLAS,SOLAR,NO DESPACHADO CENTRALMENTE,AUTOG PEQ. ESCALA,GNCC,RAD SOLAR,2024-09-12,OPERACION
3NR2,AGPE EDGAR DANIEL RUBIANO RIANO,SOLAR,NO DESPACHADO CENTRALMENTE,AUTOG PEQ. ESCALA,SCEC,RAD SOLAR,2024-09-12,OPERACION
3NR4,MINIGRANJA EL MOLINO,SOLAR,NO DESPACHADO CENTRALMENTE,GEN. DISTRIBUIDA,UNGG,RAD SOLAR,2024-09-30,OPERACION
3NR6,AGPE GEORGES NOBLE SCHOOL SAS II,SOLAR,NO DESPACHADO CENTRALMENTE,AUTOG PEQ. ESCALA,SCEC,RAD SOLAR,2024-09-12,OPERACION
3NR8,LA INGLESA,SOLAR,NO DESPACHADO CENTRALMENTE,GEN. DISTRIBUIDA,UNGG,RAD SOLAR,2024-09-16,OPERACION
3NU4,GD FINCA JM,SOLAR,NO DESPACHADO CENTRALMENTE,GEN. DISTRIBUIDA,GNYG,RAD SOLAR,2024-09-16,OPERACION
3NU8,AGPE ZAHIR SAS,SOLAR,NO DESPACHADO CENTRALMENTE,AUTOG PEQ. ESCALA,GNCC,RAD SOLAR,2024-09-12,OPERACION
3NUA,AGPE ALMACEN SUPERMIO CALLE 40,SOLAR,NO DESPACHADO CENTRALMENTE,AUTOG PEQ. ESCALA,GNCC,RAD SOLAR,2024-09-12,OPERACION
3NUC,AGPE CARPE DIEM BARRIO ABAJO,SOLAR,NO DESPACHADO CENTRALMENTE,AUTOG PEQ. ESCALA,GNCC,RAD SOLAR,2024-09-12,OPERACION
3NUE,AGPE SUPERMIO CALLE 60,SOLAR,NO DESPACHADO CENTRALMENTE,AUTOG PEQ. ESCALA,GNCC,RAD SOLAR,2024-09-12,OPERACION
3NUG,AGPE HEIDY ANGULO CASTANEDA,SOLAR,NO DESPACHADO CENTRALMENTE,AUTOG PEQ. ESCALA,GNCC,RAD SOLAR,2024-09-12,OPERACION
3NUI,AGPE CALZADO JOVICAL,SOLAR,NO DESPACHADO CENTRALMENTE,AUTOG PEQ. ESCALA,GNCC,RAD SOLAR,2024-09-12,OPERACION
3NZ5,AGPE PENATEX CALI,SOLAR,NO DESPACHADO CENTRALMENTE,AUTOG PEQ. ESCALA,GNCC,RAD SOLAR,2024-09-12,OPERACION
3NZ7,AGPE JOHN ANDERSON ERAZO AUX,SOLAR,NO DESPACHADO CENTRALMENTE,AUTOG PEQ. ESCALA,ENBC,RAD SOLAR,2024-09-19,OPERACION
3NZ9,AGPE LARRY JAVIER LOMBANA GARCES,SOLAR,NO DESPACHADO CENTRALMENTE,AUTOG PEQ. ESCALA,SCEC,RAD SOLAR,2024-09-19,OPERACION
3NZB,AGPE HRODADERO,SOLAR,NO DESPACHADO CENTRALMENTE,AUTOG PEQ. ESCALA,ETTC,RAD SOLAR,2024-09-19,OPERACION
3NZD,AGPE LAURA INES GOMEZ,SOLAR,NO DESPACHADO CENTRALMENTE,AUTOG PEQ. ESCALA,NEUC,RAD SOLAR,2024-09-19,OPERACION
3NZF,AGPE INVERSIONES Y REPRESENTACIONES SERRANO,SOLAR,NO DESPACHADO CENTRALMENTE,AUTOG PEQ. ESCALA,NEUC,RAD SOLAR,2024-09-19,OPERACION
3NZH,AGPE GRUPO EMPRESARIAL BAROCA SAS,SOLAR,NO DESPACHADO CENTRALMENTE,AUTOG PEQ. ESCALA,SCEC,RAD SOLAR,2024-09-19,OPERACION
3NZJ,AGPE BPUBENZA,SOLAR,NO DESPACHADO CENTRALMENTE,AUTOG PEQ. ESCALA,ETTC,RAD SOLAR,2024-09-19,OPERACION
3NZL,AGPE MEJICO LTDA PUERTO TEJADA,SOLAR,NO DESPACHADO CENTRALMENTE,AUTOG PEQ. ESCALA,BIAC,RAD SOLAR,2024-09-19,OPERACION
3NZN,AGPE GRUPO EMPRESARIAL BAROCA SAS I,SOLAR,NO DESPACHADO CENTRALMENTE,AUTOG PEQ. ESCALA,SCEC,RAD SOLAR,2024-09-19,OPERACION
3NZP,AGPE HELKA TRAXLER DE MEDINA,SOLAR,NO DESPACHADO CENTRALMENTE,AUTOG PEQ. ESCALA,ENBC,RAD SOLAR,2024-09-19,OPERACION
3NZR,AGPE MARTHA TRAXLER MEDINA,SOLAR,NO DESPACHADO CENTRALMENTE,AUTOG PEQ. ESCALA,ENBC,RAD SOLAR,2024-09-19,OPERACION
3NZT,AGPE RAUL HUMBERTO ZEA MEDINA,SOLAR,NO DESPACHADO CENTRALMENTE,AUTOG PEQ. ESCALA,ENBC,RAD SOLAR,2024-09-19,OPERACION
3P5J,AGPE CLASSIC JEANS SHOP SAS,SOLAR,NO DESPACHADO CENTRALMENTE,AUTOG PEQ. ESCALA,GNCC,RAD SOLAR,2024-09-19,OPERACION
3PJW,AGPE JOSE LUIS PORTILLO BERROCAL,SOLAR,NO DESPACHADO CENTRALMENTE,AUTOG PEQ. ESCALA,SCEC,RAD SOLAR,2024-09-26,OPERACION
3PJY,AGPE NELSON LLANO LOPERA,SOLAR,NO DESPACHADO CENTRALMENTE,AUTOG PEQ. ESCALA,SCEC,RAD SOLAR,2024-09-26,OPERACION
3PK1,AGPE NELSON SOTO DUQUE,SOLAR,NO DESPACHADO CENTRALMENTE,AUTOG PEQ. ESCALA,SCEC,RAD SOLAR,2024-09-26,OPERACION
3PK3,AUTOG MILPA SAN CARLOS,SOLAR,NO DESPACHADO CENTRALMENTE,AUTOGENERADOR,ENDG,RAD SOLAR,2024-09-29,PRUEBAS
3PK5,AGPE ARKADIA OV,SOLAR,NO DESPACHADO CENTRALMENTE,AUTOG PEQ. ESCALA,NEUC,RAD SOLAR,2024-09-26,OPERACION
3PK7,AGPE ALBEIRO SERRANO PLATA,SOLAR,NO DESPACHADO CENTRALMENTE,AUTOG PEQ. ESCALA,NEUC,RAD SOLAR,2024-09-26,OPERACION
3PK9,AGPE CENTRO DE REHABILITACION INTEGRAL CENDAL SAS SEDE I,SOLAR,NO DESPACHADO CENTRALMENTE,AUTOG PEQ. ESCALA,NEUC,RAD SOLAR,2024-09-26,OPERACION
3PKB,AGPE CENTRO DE REHABILITACION INTEGRAL CENDAL SAS SEDE II,SOLAR,NO DESPACHADO CENTRALMENTE,AUTOG PEQ. ESCALA,NEUC,RAD SOLAR,2024-09-26,OPERACION
3PKD,AGPE MARCOS DANIEL PINEDA GARCIA,SOLAR,NO DESPACHADO CENTRALMENTE,AUTOG PEQ. ESCALA,SCEC,RAD SOLAR,2024-09-26,OPERACION
3PKF,AUTOG UNIMINAS,SOLAR,NO DESPACHADO CENTRALMENTE,AUTOGENERADOR,ENDG,RAD SOLAR,2024-09-29,PRUEBAS
3PKJ,AGPE ACRILAN,SOLAR,NO DESPACHADO CENTRALMENTE,AUTOG PEQ. ESCALA,GNCC,RAD SOLAR,2024-09-26,OPERACION
3PKL,AGPE HOTEL EL PASO MONTERIANO,SOLAR,NO DESPACHADO CENTRALMENTE,AUTOG PEQ. ESCALA,SCEC,RAD SOLAR,2024-09-26,OPERACION
3PMM,AGPE JERONIMO MARTINS COLOMBIA SAS,SOLAR,NO DESPACHADO CENTRALMENTE,AUTOG PEQ. ESCALA,EEPC,RAD SOLAR,2024-09-26,OPERACION
3PMQ,AGPE IBC,SOLAR,NO DESPACHADO CENTRALMENTE,AUTOG PEQ. ESCALA,EPMC,RAD SOLAR,2024-09-26,OPERACION
3PWA,AGPE GASES DE OCCIDENTE 12 DE OCTUBRE,SOLAR,NO DESPACHADO CENTRALMENTE,AUTOG PEQ. ESCALA,GNCC,RAD SOLAR,2024-09-27,OPERACION
3PWC,AGPE WILLIAM ENCINALES,SOLAR,NO DESPACHADO CENTRALMENTE,AUTOG PEQ. ESCALA,GNCC,RAD SOLAR,2024-09-30,PRUEBAS
3PWF,AUTOG SOLAR PALMIRA II BERRY,SOLAR,NO DESPACHADO CENTRALMENTE,AUTOGENERADOR,EPSG,RAD SOLAR,2025-12-13,OPERACION
3PX4,AGPE DAVID ENRIQUE RODRIGUEZ MARTINEZ,SOLAR,NO DESPACHADO CENTRALMENTE,AUTOG PEQ. ESCALA,SCEC,RAD SOLAR,2024-10-01,OPERACION
3PX8,AGPE MAKONDO,SOLAR,NO DESPACHADO CENTRALMENTE,AUTOG PEQ. ESCALA,SCEC,RAD SOLAR,2024-10-03,OPERACION
3PXA,AGPE TEUCALI FLOWERS SA,SOLAR,NO DESPACHADO CENTRALMENTE,AUTOG PEQ. ESCALA,QIEC,RAD SOLAR,2024-10-03,OPERACION
3PXC,BSB 501,SOLAR,NO DESPACHADO CENTRALMENTE,NORMAL,ISGG,RAD SOLAR,2025-11-01,OPERACION
3PXE,BSB 500,SOLAR,NO DESPACHADO CENTRALMENTE,NORMAL,ISGG,RAD SOLAR,2025-11-05,OPERACION
3PXF,BSB 502,SOLAR,NO DESPACHADO CENTRALMENTE,NORMAL,ISGG,RAD SOLAR,2025-11-19,OPERACION
3PXH,CENTRO SOLAR,SOLAR,NO DESPACHADO CENTRALMENTE,NORMAL,GRCG,RAD SOLAR,2024-12-11,PRUEBAS
3PXJ,BUENAVISTA,SOLAR,NO DESPACHADO CENTRALMENTE,NORMAL,GRCG,RAD SOLAR,2024-02-29,PRUEBAS
3PXL,AGPE BERNARDO JOSE REVUELTAS GONZALEZ,SOLAR,NO DESPACHADO CENTRALMENTE,AUTOG PEQ. ESCALA,SCEC,RAD SOLAR,2024-10-03,OPERACION
3PZN,AGPE LA BUGUENA,SOLAR,NO DESPACHADO CENTRALMENTE,AUTOG PEQ. ESCALA,BIAC,RAD SOLAR,2024-10-10,OPERACION
3PZP,AGPE BAGUETTINA,SOLAR,NO DESPACHADO CENTRALMENTE,AUTOG PEQ. ESCALA,BIAC,RAD SOLAR,2024-10-10,OPERACION
3PZR,AGPE YAHAIRA LASTENIA SOTO RHENALS,SOLAR,NO DESPACHADO CENTRALMENTE,AUTOG PEQ. ESCALA,SCEC,RAD SOLAR,2024-10-10,OPERACION
3PZT,AGPE IMAGENES DIAGNOSTICAS MONTERIA,SOLAR,NO DESPACHADO CENTRALMENTE,AUTOG PEQ. ESCALA,SCEC,RAD SOLAR,2024-10-10,OPERACION
3PZV,AGPE FUERZA AEREA CACOM III,SOLAR,NO DESPACHADO CENTRALMENTE,AUTOG PEQ. ESCALA,EPMC,RAD SOLAR,2024-10-10,OPERACION
3PZX,AGPE LACTEOS ANDINOS,SOLAR,NO DESPACHADO CENTRALMENTE,AUTOG PEQ. ESCALA,ASCC,RAD SOLAR,2024-10-10,OPERACION
3PZZ,AGPE ECO FLORAL,SOLAR,NO DESPACHADO CENTRALMENTE,AUTOG PEQ. ESCALA,ETTC,RAD SOLAR,2024-10-10,OPERACION
3Q12,AGPE FLORES ALIANZA,SOLAR,NO DESPACHADO CENTRALMENTE,AUTOG PEQ. ESCALA,ETTC,RAD SOLAR,2024-10-10,OPERACION
3Q14,AGPE HOTEL SANTA CLARA BOUTIQUE,SOLAR,NO DESPACHADO CENTRALMENTE,AUTOG PEQ. ESCALA,SCEC,RAD SOLAR,2024-10-10,OPERACION
3Q7B,AGPE JOSE JAIME ROSALES LA MERCED,SOLAR,NO DESPACHADO CENTRALMENTE,AUTOG PEQ. ESCALA,ASCC,RAD SOLAR,2024-10-17,OPERACION
3Q7D,AUTOG BIOS FINCA BUGA,SOLAR,NO DESPACHADO CENTRALMENTE,AUTOGENERADOR,EPMG,RAD SOLAR,2024-10-21,PRUEBAS
3Q7F,AGPE LA MERCED BOTANA,SOLAR,NO DESPACHADO CENTRALMENTE,AUTOG PEQ. ESCALA,ASCC,RAD SOLAR,2024-10-17,OPERACION
3Q81,AGPE CFLOWERS,SOLAR,NO DESPACHADO CENTRALMENTE,AUTOG PEQ. ESCALA,ETTC,RAD SOLAR,2024-10-17,OPERACION
3Q83,AGPE WILLYAM ALFREDO QUESSEP FERIS,SOLAR,NO DESPACHADO CENTRALMENTE,AUTOG PEQ. ESCALA,SCEC,RAD SOLAR,2024-10-17,OPERACION
3Q85,AGPE CBEDOYA,SOLAR,NO DESPACHADO CENTRALMENTE,AUTOG PEQ. ESCALA,ETTC,RAD SOLAR,2024-10-17,OPERACION
3Q87,GD ERCO SALDANA I,SOLAR,NO DESPACHADO CENTRALMENTE,GEN. DISTRIBUIDA,ERRG,RAD SOLAR,2024-11-18,OPERACION
3Q89,GD ERCO SALDANA II,SOLAR,NO DESPACHADO CENTRALMENTE,GEN. DISTRIBUIDA,ERRG,RAD SOLAR,2024-11-18,OPERACION
3Q8B,AGPE EDUARDO ENRIQUE ARAUJO SANCHEZ,SOLAR,NO DESPACHADO CENTRALMENTE,AUTOG PEQ. ESCALA,SCEC,RAD SOLAR,2024-10-17,OPERACION
3Q8D,AGPE LUBRICANTES DEL CARIBE LAS PENITAS SAS,SOLAR,NO DESPACHADO CENTRALMENTE,AUTOG PEQ. ESCALA,SCEC,RAD SOLAR,2024-10-17,OPERACION
3Q8F,AGPE INERSIONES EJJ SAS,SOLAR,NO DESPACHADO CENTRALMENTE,AUTOG PEQ. ESCALA,SCEC,RAD SOLAR,2024-11-01,OPERACION
3Q8H,AGPE JARDIN BABYGYM,SOLAR,NO DESPACHADO CENTRALMENTE,AUTOG PEQ. ESCALA,BIAC,RAD SOLAR,2024-10-17,OPERACION
3Q8J,AGPE INCOLMOTOS,SOLAR,NO DESPACHADO CENTRALMENTE,AUTOG PEQ. ESCALA,EPMC,RAD SOLAR,2024-10-17,OPERACION
3Q8L,AGPE FRIGOMETRO FUNZA,SOLAR,NO DESPACHADO CENTRALMENTE,AUTOG PEQ. ESCALA,ISGC,RAD SOLAR,2024-10-17,OPERACION
3Q8N,AGPE RAPITIENDA LA 11 EU,SOLAR,NO DESPACHADO CENTRALMENTE,AUTOG PEQ. ESCALA,GNCC,RAD SOLAR,2024-10-17,OPERACION
3Q8P,AGPE FARMATODO PRADO SANTA MARTA,SOLAR,NO DESPACHADO CENTRALMENTE,AUTOG PEQ. ESCALA,GNCC,RAD SOLAR,2024-10-17,OPERACION
3Q8R,AGPE IGNACIO TAPIA,SOLAR,NO DESPACHADO CENTRALMENTE,AUTOG PEQ. ESCALA,GNCC,RAD SOLAR,2024-10-17,OPERACION
3Q8T,AGPE INGEPOL,SOLAR,NO DESPACHADO CENTRALMENTE,AUTOG PEQ. ESCALA,GNCC,RAD SOLAR,2024-10-17,OPERACION
3Q8V,AGPE CLINICA BELLATRIZ SAS,SOLAR,NO DESPACHADO CENTRALMENTE,AUTOG PEQ. ESCALA,GNCC,RAD SOLAR,2024-10-17,OPERACION
3Q8Y,AGPE CONCENTRADOS ESPARTACO,SOLAR,NO DESPACHADO CENTRALMENTE,AUTOG PEQ. ESCALA,GNCC,RAD SOLAR,2024-10-17,OPERACION
3Q99,AUTOG BIODIANA 1,TERMICA,NO DESPACHADO CENTRALMENTE,AUTOGENERADOR,NTCG,BIOMASA,2025-01-25,OPERACION
3Q9E,AGPE AGROMONTE,SOLAR,NO DESPACHADO CENTRALMENTE,AUTOG PEQ. ESCALA,ETTC,RAD SOLAR,2024-10-24,OPERACION
3Q9G,AGPE OCCICA I,SOLAR,NO DESPACHADO CENTRALMENTE,AUTOG PEQ. ESCALA,ETTC,RAD SOLAR,2024-10-24,OPERACION
3Q9I,AGPE JM INVERSIONES INMOBILIARIAS SAS,SOLAR,NO DESPACHADO CENTRALMENTE,AUTOG PEQ. ESCALA,SCEC,RAD SOLAR,2024-10-24,OPERACION
3Q9K,MINIGRANJA LA PAZ VERSO,SOLAR,NO DESPACHADO CENTRALMENTE,GEN. DISTRIBUIDA,UNGG,RAD SOLAR,2025-01-18,OPERACION
3Q9M,AGPE ANA KARINA ALCALA MAUSSA,SOLAR,NO DESPACHADO CENTRALMENTE,AUTOG PEQ. ESCALA,SCEC,RAD SOLAR,2024-10-24,OPERACION
3Q9O,AGPE HOTEL FLORIDA,SOLAR,NO DESPACHADO CENTRALMENTE,AUTOG PEQ. ESCALA,SCEC,RAD SOLAR,2024-10-24,OPERACION
3QCI,CONDOR,SOLAR,NO DESPACHADO CENTRALMENTE,NORMAL,TEMG,RAD SOLAR,2024-12-20,PRUEBAS
3QCR,AGPE DFL SAS,SOLAR,NO DESPACHADO CENTRALMENTE,AUTOG PEQ. ESCALA,GNCC,RAD SOLAR,2024-10-24,OPERACION
3QK6,AUTOG BIOS CIENAGA ORO,SOLAR,NO DESPACHADO CENTRALMENTE,AUTOGENERADOR,EPMG,RAD SOLAR,2024-11-04,PRUEBAS
3QK8,AGPE INVERSIONES RIPAS SAS,SOLAR,NO DESPACHADO CENTRALMENTE,AUTOG PEQ. ESCALA,SCEC,RAD SOLAR,2024-10-31,OPERACION
3QKA,AGPE CEDITITAN,SOLAR,NO DESPACHADO CENTRALMENTE,AUTOG PEQ. ESCALA,ETTC,RAD SOLAR,2024-10-31,OPERACION
3QKC,AGPE AIDA PIEDAD RAMOS ANAYA,SOLAR,NO DESPACHADO CENTRALMENTE,AUTOG PEQ. ESCALA,SCEC,RAD SOLAR,2024-10-31,OPERACION
3QOJ,AGPE CASA EL UBERRIMO,SOLAR,NO DESPACHADO CENTRALMENTE,AUTOG PEQ. ESCALA,SCEC,RAD SOLAR,2024-11-01,OPERACION
3QPC,AGPE DISTRIBUIDORA DE BANANOS OCHOA SEDE I,SOLAR,NO DESPACHADO CENTRALMENTE,AUTOG PEQ. ESCALA,GNCC,RAD SOLAR,2024-11-01,OPERACION
3QPE,GD BOCAS DEL PALO,SOLAR,NO DESPACHADO CENTRALMENTE,GEN. DISTRIBUIDA,EPSG,RAD SOLAR,2024-12-28,OPERACION
3QPG,AGPE GIM DOMINGO SAVIO,SOLAR,NO DESPACHADO CENTRALMENTE,AUTOG PEQ. ESCALA,EPMC,RAD SOLAR,2024-11-17,OPERACION
3QPI,AGPE FARMATODO 127,SOLAR,NO DESPACHADO CENTRALMENTE,AUTOG PEQ. ESCALA,BIAC,RAD SOLAR,2024-11-17,OPERACION
3QPK,AGPE INVERSIONES Y CONSTRUCCIONES EL CARMEN,SOLAR,NO DESPACHADO CENTRALMENTE,AUTOG PEQ. ESCALA,EEPC,RAD SOLAR,2024-11-17,OPERACION
3QPM,AGPE LITOGRAFIA JULIO GAMEZ,SOLAR,NO DESPACHADO CENTRALMENTE,AUTOG PEQ. ESCALA,BIAC,RAD SOLAR,2024-11-17,OPERACION
3QPO,AGPE DICOR DE LA COSTA SAS,SOLAR,NO DESPACHADO CENTRALMENTE,AUTOG PEQ. ESCALA,SCEC,RAD SOLAR,2024-11-17,OPERACION
3QPQ,AGPE DIEGO JOSE ALVAREZ MARTINEZ,SOLAR,NO DESPACHADO CENTRALMENTE,AUTOG PEQ. ESCALA,SCEC,RAD SOLAR,2024-11-17,OPERACION
3QPS,AGPE COODETRANS PALMIRA,SOLAR,NO DESPACHADO CENTRALMENTE,AUTOG PEQ. ESCALA,BIAC,RAD SOLAR,2024-11-17,OPERACION
3QPU,AGPE FARMATODO CASABLANCA,SOLAR,NO DESPACHADO CENTRALMENTE,AUTOG PEQ. ESCALA,BIAC,RAD SOLAR,2024-11-17,OPERACION
3QPW,AGPE FARMATODO COLINA,SOLAR,NO DESPACHADO CENTRALMENTE,AUTOG PEQ. ESCALA,BIAC,RAD SOLAR,2024-11-17,OPERACION
3QPY,AGPE FARMATODO SANTA BIBIANA,SOLAR,NO DESPACHADO CENTRALMENTE,AUTOG PEQ. ESCALA,BIAC,RAD SOLAR,2024-11-17,OPERACION
3QQ1,AGPE MARIA ANGELICA IZQUIERDO LEON,SOLAR,NO DESPACHADO CENTRALMENTE,AUTOG PEQ. ESCALA,SCEC,RAD SOLAR,2024-11-17,OPERACION
3QQ3,GD FINCA ISABEL LOPEZ,SOLAR,NO DESPACHADO CENTRALMENTE,GEN. DISTRIBUIDA,GNYG,RAD SOLAR,2024-11-10,OPERACION
3QR2,AGPE ARA 298 BARRIO RICAURTE,SOLAR,NO DESPACHADO CENTRALMENTE,AUTOG PEQ. ESCALA,GNCC,RAD SOLAR,2024-11-17,OPERACION
3QR4,AGPE ARA 399 CHAPARRAL CENTRO,SOLAR,NO DESPACHADO CENTRALMENTE,AUTOG PEQ. ESCALA,GNCC,RAD SOLAR,2024-11-17,OPERACION
3QR6,AGPE ARA 375 RINCON DE LA PIEDRA,SOLAR,NO DESPACHADO CENTRALMENTE,AUTOG PEQ. ESCALA,GNCC,RAD SOLAR,2024-11-17,OPERACION
3QR8,AGPE ARA 354 PURIFICACION ZS,SOLAR,NO DESPACHADO CENTRALMENTE,AUTOG PEQ. ESCALA,GNCC,RAD SOLAR,2024-11-17,OPERACION
3QRA,AGPE ARA 410 SALDANA ZN,SOLAR,NO DESPACHADO CENTRALMENTE,AUTOG PEQ. ESCALA,GNCC,RAD SOLAR,2024-11-17,OPERACION
3QRC,AGPE RAMSER GP SAS,SOLAR,NO DESPACHADO CENTRALMENTE,AUTOG PEQ. ESCALA,GNCC,RAD SOLAR,2024-11-17,OPERACION
3R35,AGPE PACTIA 100027,SOLAR,NO DESPACHADO CENTRALMENTE,AUTOG PEQ. ESCALA,ETTC,RAD SOLAR,2024-11-14,OPERACION
3R37,AGPE PACTIA 100028,SOLAR,NO DESPACHADO CENTRALMENTE,AUTOG PEQ. ESCALA,ETTC,RAD SOLAR,2024-11-14,OPERACION
3R39,AGPE MULTIA 104102,SOLAR,NO DESPACHADO CENTRALMENTE,AUTOG PEQ. ESCALA,ETTC,RAD SOLAR,2024-11-14,OPERACION
3R3B,AGPE UN DOS TRES POR MI,SOLAR,NO DESPACHADO CENTRALMENTE,AUTOG PEQ. ESCALA,BIAC,RAD SOLAR,2024-11-14,OPERACION
3R3D,AGPE INDUSTRIA GASTRONOMICA DEL NORTE,SOLAR,NO DESPACHADO CENTRALMENTE,AUTOG PEQ. ESCALA,SCEC,RAD SOLAR,2024-11-14,OPERACION
3R3F,AGPE JUAN ALBERTO PRIETO,SOLAR,NO DESPACHADO CENTRALMENTE,AUTOG PEQ. ESCALA,NEUC,RAD SOLAR,2024-11-14,OPERACION
3R3H,AGPE PACTIA 100026,SOLAR,NO DESPACHADO CENTRALMENTE,AUTOG PEQ. ESCALA,ETTC,RAD SOLAR,2024-11-14,OPERACION
3R3J,AGPE CENTRAL DE COBRANZAS,SOLAR,NO DESPACHADO CENTRALMENTE,AUTOG PEQ. ESCALA,BIAC,RAD SOLAR,2024-11-14,OPERACION
3R3L,AGPE GASTRONOMIA ITALIANA,SOLAR,NO DESPACHADO CENTRALMENTE,AUTOG PEQ. ESCALA,BIAC,RAD SOLAR,2024-11-14,OPERACION
3R4U,AGPE COLEGIO EL CARMEN TERESIANO,SOLAR,NO DESPACHADO CENTRALMENTE,AUTOG PEQ. ESCALA,GNCC,RAD SOLAR,2024-11-14,OPERACION
3R4W,AGPE HOTEL INTERSUITES,SOLAR,NO DESPACHADO CENTRALMENTE,AUTOG PEQ. ESCALA,GNCC,RAD SOLAR,2024-11-14,OPERACION
3R4Y,AGPE CENTRO EMPRESARIAL PALMS AVENUE,SOLAR,NO DESPACHADO CENTRALMENTE,AUTOG PEQ. ESCALA,GNCC,RAD SOLAR,2024-11-14,OPERACION
3R51,AGPE PALO ALTO,SOLAR,NO DESPACHADO CENTRALMENTE,AUTOG PEQ. ESCALA,GNCC,RAD SOLAR,2024-11-14,OPERACION
3R53,AGPE HOTEL KURAKATA,SOLAR,NO DESPACHADO CENTRALMENTE,AUTOG PEQ. ESCALA,GNCC,RAD SOLAR,2024-11-14,OPERACION
3R55,AGPE LOS MARINILLOS,SOLAR,NO DESPACHADO CENTRALMENTE,AUTOG PEQ. ESCALA,GNCC,RAD SOLAR,2024-11-14,OPERACION
3R57,AGPE HV VILLARICA,SOLAR,NO DESPACHADO CENTRALMENTE,AUTOG PEQ. ESCALA,ISGC,RAD SOLAR,2024-09-30,OPERACION
3R5A,AGPE MANUFACTURAS AF SAS,SOLAR,NO DESPACHADO CENTRALMENTE,AUTOG PEQ. ESCALA,EPSC,RAD SOLAR,2024-11-21,OPERACION
3R5C,AGPE PARROQUIA NUESTRA SENORA DEL ROSARIO,SOLAR,NO DESPACHADO CENTRALMENTE,AUTOG PEQ. ESCALA,NEUC,RAD SOLAR,2024-11-21,OPERACION
3R5E,AGPE LEONARDO MANUEL MORENO,SOLAR,NO DESPACHADO CENTRALMENTE,AUTOG PEQ. ESCALA,NEUC,RAD SOLAR,2024-11-21,OPERACION
3R5G,AGPE LICOSINU SAS,SOLAR,NO DESPACHADO CENTRALMENTE,AUTOG PEQ. ESCALA,SCEC,RAD SOLAR,2024-11-21,OPERACION
3R9C,AGPE RIO GUACHAL,SOLAR,NO DESPACHADO CENTRALMENTE,AUTOG PEQ. ESCALA,GNCC,RAD SOLAR,2024-11-21,OPERACION
3R9E,AGPE BURRERA,SOLAR,NO DESPACHADO CENTRALMENTE,AUTOG PEQ. ESCALA,GNCC,RAD SOLAR,2024-11-21,OPERACION
3R9G,GD EL ROBLE,SOLAR,NO DESPACHADO CENTRALMENTE,GEN. DISTRIBUIDA,PRIG,RAD SOLAR,2024-11-25,OPERACION
3RGL,AGPE CC UNICENTRO CUCUTA,SOLAR,NO DESPACHADO CENTRALMENTE,AUTOG PEQ. ESCALA,EPMC,RAD SOLAR,2024-11-28,OPERACION
3RGN,AGPE FUERZA AEREA EMAVI,SOLAR,NO DESPACHADO CENTRALMENTE,AUTOG PEQ. ESCALA,EPMC,RAD SOLAR,2024-11-28,OPERACION
3RGP,AGPE CC VENTURA PLAZA,SOLAR,NO DESPACHADO CENTRALMENTE,AUTOG PEQ. ESCALA,EPMC,RAD SOLAR,2024-11-28,OPERACION
3RGR,AGPE DORIA MOSQUERA,SOLAR,NO DESPACHADO CENTRALMENTE,AUTOG PEQ. ESCALA,EPMC,RAD SOLAR,2024-11-28,OPERACION
3RGT,AGPE CAM ALCALDIA MEDELLIN,SOLAR,NO DESPACHADO CENTRALMENTE,AUTOG PEQ. ESCALA,EPMC,RAD SOLAR,2024-11-28,OPERACION
3RGV,AGPE CASINO ESPANA,SOLAR,NO DESPACHADO CENTRALMENTE,AUTOG PEQ. ESCALA,BIAC,RAD SOLAR,2024-11-28,OPERACION
3RGX,JUMI,SOLAR,NO DESPACHADO CENTRALMENTE,NORMAL,GNCG,RAD SOLAR,2025-01-17,PRUEBAS
3RGZ,MINIGRANJA LA PAZ LEYENDA,SOLAR,NO DESPACHADO CENTRALMENTE,GEN. DISTRIBUIDA,UNGG,RAD SOLAR,2024-12-02,OPERACION
3RH2,AUTOG HIDROSOLAR I,SOLAR,NO DESPACHADO CENTRALMENTE,AUTOGENERADOR,ERRG,RAD SOLAR,2026-05-29,OPERACION
3RH4,AGPE ANGELA ROCIO PINZON AMADO,SOLAR,NO DESPACHADO CENTRALMENTE,AUTOG PEQ. ESCALA,SCEC,RAD SOLAR,2024-11-28,OPERACION
3RKC,AGPE DALIDA CRISTINA OJEDA BENEDETTY,SOLAR,NO DESPACHADO CENTRALMENTE,AUTOG PEQ. ESCALA,SCEC,RAD SOLAR,2024-12-01,OPERACION
3RKE,AGPE ZOILA ROCIO LOAIZA RIANO,SOLAR,NO DESPACHADO CENTRALMENTE,AUTOG PEQ. ESCALA,SCEC,RAD SOLAR,2024-12-01,OPERACION
4QPC,AGPE DISTRIBUIDORA DE BANANOS OCHOA SEDE II,SOLAR,NO DESPACHADO CENTRALMENTE,AUTOG PEQ. ESCALA,GNCC,RAD SOLAR,2024-11-01,OPERACION
4QPD,AGPE CLINICA OFTALMOLOGICA DAJUD SAS,SOLAR,NO DESPACHADO CENTRALMENTE,AUTOG PEQ. ESCALA,SCEC,RAD SOLAR,2024-12-05,OPERACION
4QPF,AGPE HOTEL GUACARI,SOLAR,NO DESPACHADO CENTRALMENTE,AUTOG PEQ. ESCALA,SCEC,RAD SOLAR,2024-12-05,OPERACION
4QPH,AGPE CLINICA DE OFTALMOLOGIA DE CALI,SOLAR,NO DESPACHADO CENTRALMENTE,AUTOG PEQ. ESCALA,EPSC,RAD SOLAR,2024-12-05,OPERACION
4QPJ,SOL DEL MAR II,SOLAR,NO DESPACHADO CENTRALMENTE,NORMAL,GRCG,RAD SOLAR,2024-09-30,PRUEBAS
4QPL,AGPE CAJA DE COMPENSACION FAMILIAR DE SUCRE,SOLAR,NO DESPACHADO CENTRALMENTE,AUTOG PEQ. ESCALA,SCEC,RAD SOLAR,2024-12-05,OPERACION
4QZQ,AGPE MANUFACTURAS,SOLAR,NO DESPACHADO CENTRALMENTE,AUTOG PEQ. ESCALA,EPMC,RAD SOLAR,2024-12-12,OPERACION
4QZS,AGPE DIANA PATRICIA FRANCO CAMPOS,SOLAR,NO DESPACHADO CENTRALMENTE,AUTOG PEQ. ESCALA,SCEC,RAD SOLAR,2024-12-12,OPERACION
4QZU,AGPE CARMEN EDITH GONZALEZ MEJIA,SOLAR,NO DESPACHADO CENTRALMENTE,AUTOG PEQ. ESCALA,SCEC,RAD SOLAR,2024-12-12,OPERACION
4QZW,AGPE MAURICIO ANTONIO MARINEZ MENDEZ,SOLAR,NO DESPACHADO CENTRALMENTE,AUTOG PEQ. ESCALA,SCEC,RAD SOLAR,2024-12-12,OPERACION
4QZY,AGPE ECOGYP,SOLAR,NO DESPACHADO CENTRALMENTE,AUTOG PEQ. ESCALA,ETTC,RAD SOLAR,2024-12-12,OPERACION
4R11,AGPE JOTA EME INVERSIONES SAS,SOLAR,NO DESPACHADO CENTRALMENTE,AUTOG PEQ. ESCALA,SCEC,RAD SOLAR,2024-12-12,OPERACION
4R13,AGPE NOVACASA CALI,SOLAR,NO DESPACHADO CENTRALMENTE,AUTOG PEQ. ESCALA,NEUC,RAD SOLAR,2024-12-12,OPERACION
4R15,AGPE PEDRO MEJIA VILLA,SOLAR,NO DESPACHADO CENTRALMENTE,AUTOG PEQ. ESCALA,NEUC,RAD SOLAR,2024-12-12,OPERACION
4R17,AGPE JOSE JORGE MONSALVO GNECCO,SOLAR,NO DESPACHADO CENTRALMENTE,AUTOG PEQ. ESCALA,NEUC,RAD SOLAR,2024-12-12,OPERACION
4R19,AGPE INVESTIGACION MICROBIOLOGICA CESAR,SOLAR,NO DESPACHADO CENTRALMENTE,AUTOG PEQ. ESCALA,NEUC,RAD SOLAR,2024-12-12,OPERACION
4R1B,AGPE MARIA  AUXILIADORA MOSCOTE MORON,SOLAR,NO DESPACHADO CENTRALMENTE,AUTOG PEQ. ESCALA,NEUC,RAD SOLAR,2024-12-12,OPERACION
4R1D,AGPE TIENDA ARA 925,SOLAR,NO DESPACHADO CENTRALMENTE,AUTOG PEQ. ESCALA,NEUC,RAD SOLAR,2024-12-12,OPERACION
4R1F,AGPE TECNOACEROS SAS,SOLAR,NO DESPACHADO CENTRALMENTE,AUTOG PEQ. ESCALA,NEUC,RAD SOLAR,2024-12-12,OPERACION
4R1H,AGPE ANA CAROLINA NAVARRO,SOLAR,NO DESPACHADO CENTRALMENTE,AUTOG PEQ. ESCALA,NEUC,RAD SOLAR,2024-12-12,OPERACION
4R1J,AGPE NASELA SAS,SOLAR,NO DESPACHADO CENTRALMENTE,AUTOG PEQ. ESCALA,NEUC,RAD SOLAR,2024-12-12,OPERACION
4RG6,AUTOG CELSIA SOLAR TQ JAMUNDI,SOLAR,NO DESPACHADO CENTRALMENTE,AUTOGENERADOR,EPSG,RAD SOLAR,2025-03-26,PRUEBAS
4RG8,AGPE SUBS CORP,SOLAR,NO DESPACHADO CENTRALMENTE,AUTOG PEQ. ESCALA,RTQC,RAD SOLAR,2024-12-19,OPERACION
4RGA,AGPE LICEO CERVANTES,SOLAR,NO DESPACHADO CENTRALMENTE,AUTOG PEQ. ESCALA,BIAC,RAD SOLAR,2024-12-19,OPERACION
4RGC,AGPE FUERZA AEREA CAMAN,SOLAR,NO DESPACHADO CENTRALMENTE,AUTOG PEQ. ESCALA,EPMC,RAD SOLAR,2024-12-19,OPERACION
4RGE,AGPE PLAZA MAYOR CONVENCIONES,SOLAR,NO DESPACHADO CENTRALMENTE,AUTOG PEQ. ESCALA,EPMC,RAD SOLAR,2024-12-19,OPERACION
4RGG,PARQUE SOLAR BARANOA,SOLAR,NO DESPACHADO CENTRALMENTE,NORMAL,FYRG,RAD SOLAR,2025-04-30,OPERACION
4RGI,AGPE NELSON SOTO DUQUE LOC I,SOLAR,NO DESPACHADO CENTRALMENTE,AUTOG PEQ. ESCALA,SCEC,RAD SOLAR,2024-12-19,OPERACION
4RGK,AGPE CARLOS ALBERTO DAJUD FERNANDEZ,SOLAR,NO DESPACHADO CENTRALMENTE,AUTOG PEQ. ESCALA,SCEC,RAD SOLAR,2024-12-19,OPERACION
4RJY,AGPE MARIA MARGARITA GONZALEZ,SOLAR,NO DESPACHADO CENTRALMENTE,AUTOG PEQ. ESCALA,GNCC,RAD SOLAR,2024-12-19,OPERACION
4RK1,AGPE INMAGRAF INGENIERIA,SOLAR,NO DESPACHADO CENTRALMENTE,AUTOG PEQ. ESCALA,GNCC,RAD SOLAR,2024-12-19,OPERACION
4RK3,AGPE AGENCIA DE SERVICIOS LOGISTICOS,SOLAR,NO DESPACHADO CENTRALMENTE,AUTOG PEQ. ESCALA,GNCC,RAD SOLAR,2024-12-19,OPERACION
4RK5,AGPE SALUD VEGAS TORRE MEDICA PH,SOLAR,NO DESPACHADO CENTRALMENTE,AUTOG PEQ. ESCALA,GNCC,RAD SOLAR,2024-12-19,OPERACION
4RKN,AGPE HOTEL CABECERA COUNTRY,SOLAR,NO DESPACHADO CENTRALMENTE,AUTOG PEQ. ESCALA,RTQC,RAD SOLAR,2024-12-26,OPERACION
4RKP,AGPE AURA RUEDA DE AYALA,SOLAR,NO DESPACHADO CENTRALMENTE,AUTOG PEQ. ESCALA,QIEC,RAD SOLAR,2024-12-26,OPERACION
4RKR,AGPE RODRIGO MADRID MZ 32 17,SOLAR,NO DESPACHADO CENTRALMENTE,AUTOG PEQ. ESCALA,ENBC,RAD SOLAR,2024-12-26,OPERACION
4RKT,AGPE ANTONIO FERNANDO JAUREGUI CASA 3,SOLAR,NO DESPACHADO CENTRALMENTE,AUTOG PEQ. ESCALA,ENBC,RAD SOLAR,2024-12-26,OPERACION
4RKV,AGPE HOTELES SITES,SOLAR,NO DESPACHADO CENTRALMENTE,AUTOG PEQ. ESCALA,BIAC,RAD SOLAR,2024-12-26,OPERACION
4RKX,AGPE BRAVO MENESES,SOLAR,NO DESPACHADO CENTRALMENTE,AUTOG PEQ. ESCALA,BIAC,RAD SOLAR,2024-12-26,OPERACION
4RKZ,AGPE LEANDRO EFRAIN ARISTIZABAL VARGAS,SOLAR,NO DESPACHADO CENTRALMENTE,AUTOG PEQ. ESCALA,ETTC,RAD SOLAR,2024-12-26,OPERACION
4RL2,AGPE LE GRAND FRANCES,SOLAR,NO DESPACHADO CENTRALMENTE,AUTOG PEQ. ESCALA,BIAC,RAD SOLAR,2024-12-26,OPERACION
4RL4,AGPE JAIME ANTONIO SANCHEZ MZ 18 2,SOLAR,NO DESPACHADO CENTRALMENTE,AUTOG PEQ. ESCALA,ENBC,RAD SOLAR,2024-12-26,OPERACION
4RMP,AGPE JUGLARES RESTAURANTE,SOLAR,NO DESPACHADO CENTRALMENTE,AUTOG PEQ. ESCALA,NEUC,RAD SOLAR,2024-12-26,OPERACION
4RMR,MINIGRANJA LA PAZ ESMERALDA,SOLAR,NO DESPACHADO CENTRALMENTE,GEN. DISTRIBUIDA,UNGG,RAD SOLAR,2025-02-26,OPERACION
4RMT,AGPE ARA LA CORDIALIDAD,SOLAR,NO DESPACHADO CENTRALMENTE,AUTOG PEQ. ESCALA,GNCC,RAD SOLAR,2024-12-26,OPERACION
4RMV,AGPE RETECTIRE SAS,SOLAR,NO DESPACHADO CENTRALMENTE,AUTOG PEQ. ESCALA,NEUC,RAD SOLAR,2024-12-26,OPERACION
4RMW,AGPE TIENDA ARA 749,SOLAR,NO DESPACHADO CENTRALMENTE,AUTOG PEQ. ESCALA,NEUC,RAD SOLAR,2024-12-26,OPERACION
4RMX,AGPE TIENDA ARA 856,SOLAR,NO DESPACHADO CENTRALMENTE,AUTOG PEQ. ESCALA,NEUC,RAD SOLAR,2024-12-26,OPERACION
4RMY,AGPE ARA MONTERIA RANCHO GRANDE,SOLAR,NO DESPACHADO CENTRALMENTE,AUTOG PEQ. ESCALA,NEUC,RAD SOLAR,2024-12-26,OPERACION
4RMZ,AGPE PARROQUIA DE LA NATIVIDAD,SOLAR,NO DESPACHADO CENTRALMENTE,AUTOG PEQ. ESCALA,NEUC,RAD SOLAR,2024-12-26,OPERACION
4RN1,AGPE TIENDA ARA 702,SOLAR,NO DESPACHADO CENTRALMENTE,AUTOG PEQ. ESCALA,NEUC,RAD SOLAR,2024-12-26,OPERACION
4RN2,AGPE CLUB SOCIAL VALLEDUPAR,SOLAR,NO DESPACHADO CENTRALMENTE,AUTOG PEQ. ESCALA,NEUC,RAD SOLAR,2024-12-26,OPERACION
4RN3,AGPE METALTECO PLANTA I,SOLAR,NO DESPACHADO CENTRALMENTE,AUTOG PEQ. ESCALA,GNCC,RAD SOLAR,2024-12-26,OPERACION
4RN5,AGPE TIENDA ARA 416,SOLAR,NO DESPACHADO CENTRALMENTE,AUTOG PEQ. ESCALA,NEUC,RAD SOLAR,2024-12-26,OPERACION
4RN7,AGPE JUAN PABLO MONSALVE,SOLAR,NO DESPACHADO CENTRALMENTE,AUTOG PEQ. ESCALA,NEUC,RAD SOLAR,2024-12-26,OPERACION
4RN9,AGPE RODRIGO ARANGO,SOLAR,NO DESPACHADO CENTRALMENTE,AUTOG PEQ. ESCALA,NEUC,RAD SOLAR,2024-12-26,OPERACION
4RP4,AGPE CPANAME,SOLAR,NO DESPACHADO CENTRALMENTE,AUTOG PEQ. ESCALA,ETTC,RAD SOLAR,2025-01-02,OPERACION
4RP6,AGPE FAMJ1,SOLAR,NO DESPACHADO CENTRALMENTE,AUTOG PEQ. ESCALA,ETTC,RAD SOLAR,2025-01-02,OPERACION
4RP8,AGPE LOS POTRILLOS RESTAURANTE BAR,SOLAR,NO DESPACHADO CENTRALMENTE,AUTOG PEQ. ESCALA,SCEC,RAD SOLAR,2025-01-02,OPERACION
4S1E,AGPE HOSPITAL SAN RAFAEL PASTO,SOLAR,NO DESPACHADO CENTRALMENTE,AUTOG PEQ. ESCALA,ASCC,RAD SOLAR,2025-09-16,OPERACION
4S1G,MINIGRANJA VILLANUEVA,SOLAR,NO DESPACHADO CENTRALMENTE,GEN. DISTRIBUIDA,UNGG,RAD SOLAR,2025-07-25,OPERACION
4S1I,AGPE CARMEN REGINA VILLADIEGO MONTIEL,SOLAR,NO DESPACHADO CENTRALMENTE,AUTOG PEQ. ESCALA,SCEC,RAD SOLAR,2025-01-09,OPERACION
4S44,AGPE EDUARDO ENRIQUE DEL CASTILLO,SOLAR,NO DESPACHADO CENTRALMENTE,AUTOG PEQ. ESCALA,ENBC,RAD SOLAR,2025-01-09,OPERACION
4S46,AGPE HECTOR JULIAN USECHE MZ 20 1,SOLAR,NO DESPACHADO CENTRALMENTE,AUTOG PEQ. ESCALA,ENBC,RAD SOLAR,2025-01-09,OPERACION
4S48,AGPE JUAN CARLOS HOYOS VALDELAMAR,SOLAR,NO DESPACHADO CENTRALMENTE,AUTOG PEQ. ESCALA,ENBC,RAD SOLAR,2025-01-09,OPERACION
4S4R,AGPE NICOLAS EFRAIN ARISTIZABAL,SOLAR,NO DESPACHADO CENTRALMENTE,AUTOG PEQ. ESCALA,ETTC,RAD SOLAR,2025-01-16,OPERACION
4S4T,AGPE HIJOS DE DOMINGO DAMBROSIO LTDA,SOLAR,NO DESPACHADO CENTRALMENTE,AUTOG PEQ. ESCALA,SCEC,RAD SOLAR,2025-01-16,OPERACION
4S4V,AGPE SUBS CORP BODEGA,SOLAR,NO DESPACHADO CENTRALMENTE,AUTOG PEQ. ESCALA,RTQC,RAD SOLAR,2025-01-16,OPERACION
4S5T,AGPE JORGE ALBERTO BERNAL RAMIREZ,SOLAR,NO DESPACHADO CENTRALMENTE,AUTOG PEQ. ESCALA,ENBC,RAD SOLAR,2025-01-16,OPERACION
4S5V,AGPE JUAN FERNANDO ZULUAGA JARAMILLO,SOLAR,NO DESPACHADO CENTRALMENTE,AUTOG PEQ. ESCALA,ENBC,RAD SOLAR,2025-01-16,OPERACION
4S66,GD DIOCESIS DE RIOHACHA,SOLAR,NO DESPACHADO CENTRALMENTE,GEN. DISTRIBUIDA,ELIG,RAD SOLAR,2025-01-25,OPERACION
4S76,AGPE REDCOLSA SA,SOLAR,NO DESPACHADO CENTRALMENTE,AUTOG PEQ. ESCALA,EPSC,RAD SOLAR,2025-01-23,OPERACION
4S78,AGPE ELIANA GOMEZ VARELA LOTE 13,SOLAR,NO DESPACHADO CENTRALMENTE,AUTOG PEQ. ESCALA,ENBC,RAD SOLAR,2025-01-23,OPERACION
4S7A,AGPE LMILLAN 81116,SOLAR,NO DESPACHADO CENTRALMENTE,AUTOG PEQ. ESCALA,ETTC,RAD SOLAR,2025-01-23,OPERACION
4S7C,AGPE LIZ ARIANI MZ 18 2,SOLAR,NO DESPACHADO CENTRALMENTE,AUTOG PEQ. ESCALA,ENBC,RAD SOLAR,2025-01-23,OPERACION
4S7E,MINIGRANJA EL SON,SOLAR,NO DESPACHADO CENTRALMENTE,GEN. DISTRIBUIDA,UNGG,RAD SOLAR,2025-04-28,OPERACION
4S7G,AGPE  ALMACENES SUPERMIO SAS,SOLAR,NO DESPACHADO CENTRALMENTE,AUTOG PEQ. ESCALA,QIEC,RAD SOLAR,2025-01-23,OPERACION
4S7I,SOL Y CIELO II,SOLAR,NO DESPACHADO CENTRALMENTE,GEN. DISTRIBUIDA,EYCG,RAD SOLAR,2025-03-07,OPERACION
4S7K,SOL Y CIELO III,SOLAR,NO DESPACHADO CENTRALMENTE,GEN. DISTRIBUIDA,EYCG,RAD SOLAR,2025-03-07,OPERACION
4S7M,AGPE INVERSIONES DIAZ GRANADOS,SOLAR,NO DESPACHADO CENTRALMENTE,AUTOG PEQ. ESCALA,NEUC,RAD SOLAR,2025-01-23,OPERACION
4S7O,AGPE OSCAR DARIO VANEGAS VALLEFRUTAS,SOLAR,NO DESPACHADO CENTRALMENTE,AUTOG PEQ. ESCALA,NEUC,RAD SOLAR,2025-01-23,OPERACION
4S7Q,AGPE RADIOLOGIAS E IMAGENES,SOLAR,NO DESPACHADO CENTRALMENTE,AUTOG PEQ. ESCALA,GNCC,RAD SOLAR,2025-01-23,OPERACION
4S7S,AGPE SUPER REY DE LOS REMATES,SOLAR,NO DESPACHADO CENTRALMENTE,AUTOG PEQ. ESCALA,GNCC,RAD SOLAR,2025-01-23,OPERACION
4SNV,AGPE MARIO ROSALES DELGADO MZ 299,SOLAR,NO DESPACHADO CENTRALMENTE,AUTOG PEQ. ESCALA,ENBC,RAD SOLAR,2025-01-30,OPERACION
4SNX,AGPE JAIRO USECHE MZ 333,SOLAR,NO DESPACHADO CENTRALMENTE,AUTOG PEQ. ESCALA,ENBC,RAD SOLAR,2025-01-30,OPERACION
4SNZ,AGPE OSWALDO MURILLO MOLANO 3218,SOLAR,NO DESPACHADO CENTRALMENTE,AUTOG PEQ. ESCALA,ENBC,RAD SOLAR,2025-01-30,OPERACION
4SO2,MINIGRANJA EL MERENGUE,SOLAR,NO DESPACHADO CENTRALMENTE,GEN. DISTRIBUIDA,UNGG,RAD SOLAR,2025-04-16,OPERACION
4SO4,ROKRA,SOLAR,NO DESPACHADO CENTRALMENTE,NORMAL,ERRG,RAD SOLAR,2026-06-28,OPERACION
4SO6,LA MARTINA,SOLAR,NO DESPACHADO CENTRALMENTE,NORMAL,ERRG,RAD SOLAR,2025-01-31,PRUEBAS
4SO8,MINIGRANJA LA PUYA,SOLAR,NO DESPACHADO CENTRALMENTE,GEN. DISTRIBUIDA,UNGG,RAD SOLAR,2025-04-07,OPERACION
4SS3,AGPE CARLOS QUINTERO,SOLAR,NO DESPACHADO CENTRALMENTE,AUTOG PEQ. ESCALA,NEUC,RAD SOLAR,2025-01-30,OPERACION
4SS5,AGPE INVERSIONES ZULUAGA SEJIN,SOLAR,NO DESPACHADO CENTRALMENTE,AUTOG PEQ. ESCALA,SCEC,RAD SOLAR,2025-01-30,OPERACION
4SS7,SOL Y CIELO IV,SOLAR,NO DESPACHADO CENTRALMENTE,GEN. DISTRIBUIDA,EYCG,RAD SOLAR,2025-03-21,OPERACION
4SS9,AGPE FREDDY ALFONSO FARAH SAAD,SOLAR,NO DESPACHADO CENTRALMENTE,AUTOG PEQ. ESCALA,SCEC,RAD SOLAR,2025-01-30,OPERACION
4SSB,AGPE BANCO DE BOGOTA SEVILLA,SOLAR,NO DESPACHADO CENTRALMENTE,AUTOG PEQ. ESCALA,GNCC,RAD SOLAR,2025-01-30,OPERACION
4SSD,AGPE KRK CAFFETO SAS 94 4 KWP.,SOLAR,NO DESPACHADO CENTRALMENTE,AUTOG PEQ. ESCALA,GNCC,RAD SOLAR,2025-01-30,OPERACION
4SSF,AGPE TIENDA ARA 632,SOLAR,NO DESPACHADO CENTRALMENTE,AUTOG PEQ. ESCALA,NEUC,RAD SOLAR,2025-01-30,OPERACION
4SSH,AGPE EDS PUENTE PUMAREJO,SOLAR,NO DESPACHADO CENTRALMENTE,AUTOG PEQ. ESCALA,NEUC,RAD SOLAR,2025-01-30,OPERACION
4SSJ,AGPE  TIENDA ARA 789,SOLAR,NO DESPACHADO CENTRALMENTE,AUTOG PEQ. ESCALA,NEUC,RAD SOLAR,2025-01-30,OPERACION
4SSL,AGPE JOSE REINEL GASCA ALVAREZ,SOLAR,NO DESPACHADO CENTRALMENTE,AUTOG PEQ. ESCALA,GNCC,RAD SOLAR,2025-01-30,OPERACION
4SSN,AGPE ARA RESERVA DEL ORIENTE,SOLAR,NO DESPACHADO CENTRALMENTE,AUTOG PEQ. ESCALA,GNCC,RAD SOLAR,2025-01-30,OPERACION
4SST,AGPE LIDERPAN,SOLAR,NO DESPACHADO CENTRALMENTE,AUTOG PEQ. ESCALA,GNCC,RAD SOLAR,2025-01-30,OPERACION
4STS,AGPE NUTRINOR,SOLAR,NO DESPACHADO CENTRALMENTE,AUTOG PEQ. ESCALA,EPMC,RAD SOLAR,2025-02-06,OPERACION
4STU,AGPE EDS CEBALLOS,SOLAR,NO DESPACHADO CENTRALMENTE,AUTOG PEQ. ESCALA,ENBC,RAD SOLAR,2025-02-06,OPERACION
4STW,AGPE  RICARDO EMILIO OBREGON TRUJILLO CASA 14,SOLAR,NO DESPACHADO CENTRALMENTE,AUTOG PEQ. ESCALA,ENBC,RAD SOLAR,2025-02-06,OPERACION
4STY,AGPE INVERSIONES GIRALDO NIETO E HIJAS SAS,SOLAR,NO DESPACHADO CENTRALMENTE,AUTOG PEQ. ESCALA,BIAC,RAD SOLAR,2025-02-06,OPERACION
4SU1,AGPE CC SAN SILVESTRE,SOLAR,NO DESPACHADO CENTRALMENTE,AUTOG PEQ. ESCALA,RTQC,RAD SOLAR,2025-02-06,OPERACION
4SU3,AGPE SINAGOGA HEBREO,SOLAR,NO DESPACHADO CENTRALMENTE,AUTOG PEQ. ESCALA,GNCC,RAD SOLAR,2025-02-06,OPERACION
4SW4,AGPE LUIS CAMILO PALACIOS ZARATE,SOLAR,NO DESPACHADO CENTRALMENTE,AUTOG PEQ. ESCALA,GNCC,RAD SOLAR,2025-02-06,OPERACION
4SW6,AGPE JERONIMO MARTINS COLOMBIA SAS TIENDA 079,SOLAR,NO DESPACHADO CENTRALMENTE,AUTOG PEQ. ESCALA,GNCC,RAD SOLAR,2025-02-06,OPERACION
4SW8,AGPE TIENDA ARA 531,SOLAR,NO DESPACHADO CENTRALMENTE,AUTOG PEQ. ESCALA,NEUC,RAD SOLAR,2025-02-06,OPERACION
4SWA,AGPE ARLENA CRISTINA MENDOZA,SOLAR,NO DESPACHADO CENTRALMENTE,AUTOG PEQ. ESCALA,NEUC,RAD SOLAR,2025-02-06,OPERACION
4SWC,AGPE TIENDA ARA 1030,SOLAR,NO DESPACHADO CENTRALMENTE,AUTOG PEQ. ESCALA,NEUC,RAD SOLAR,2025-02-06,OPERACION
4SWE,AGPE ALMACEN SUPER METRO EXPRESS CALLE 30,SOLAR,NO DESPACHADO CENTRALMENTE,AUTOG PEQ. ESCALA,GNCC,RAD SOLAR,2025-02-06,OPERACION
4SWG,AGPE JERONIMO MARTINS COLOMBIA SAS TIENDA 323,SOLAR,NO DESPACHADO CENTRALMENTE,AUTOG PEQ. ESCALA,GNCC,RAD SOLAR,2025-02-06,OPERACION
4T49,AGPE DAVID SIERRA MZ 12 15,SOLAR,NO DESPACHADO CENTRALMENTE,AUTOG PEQ. ESCALA,ENBC,RAD SOLAR,2025-02-10,OPERACION
4T4B,AGPE ALEXIS MARTINEZ DAZA MZ 19 20,SOLAR,NO DESPACHADO CENTRALMENTE,AUTOG PEQ. ESCALA,ENBC,RAD SOLAR,2025-02-10,OPERACION
4T4H,AGPE LUIS GUILLERMO DIAZ BUELVAS,SOLAR,NO DESPACHADO CENTRALMENTE,AUTOG PEQ. ESCALA,SCEC,RAD SOLAR,2025-02-13,OPERACION
4T4J,AGPE GERARDO AQUILES DIAZ QUINTANA,SOLAR,NO DESPACHADO CENTRALMENTE,AUTOG PEQ. ESCALA,SCEC,RAD SOLAR,2025-02-13,OPERACION
4T5X,AGPE INVO2SAS,SOLAR,NO DESPACHADO CENTRALMENTE,AUTOG PEQ. ESCALA,ETTC,RAD SOLAR,2025-02-13,OPERACION
4T5Z,AGPE UNICOC 99576,SOLAR,NO DESPACHADO CENTRALMENTE,AUTOG PEQ. ESCALA,ETTC,RAD SOLAR,2025-02-13,OPERACION
4T62,AGPE BELLAVISTA,SOLAR,NO DESPACHADO CENTRALMENTE,AUTOG PEQ. ESCALA,ETTC,RAD SOLAR,2025-02-13,OPERACION
4T64,AGPE INCUBADORA DEL SUR,SOLAR,NO DESPACHADO CENTRALMENTE,AUTOG PEQ. ESCALA,ASCC,RAD SOLAR,2025-02-13,OPERACION
4T66,AGPE JUAN MADRID MZ 4 3,SOLAR,NO DESPACHADO CENTRALMENTE,AUTOG PEQ. ESCALA,ENBC,RAD SOLAR,2025-02-13,OPERACION
4T68,AGPE PURIFICADORES Y FILTROS INTERNACIONAL,SOLAR,NO DESPACHADO CENTRALMENTE,AUTOG PEQ. ESCALA,QIEC,RAD SOLAR,2025-02-13,OPERACION
4T6A,AGPE TIENDA ARA 732,SOLAR,NO DESPACHADO CENTRALMENTE,AUTOG PEQ. ESCALA,NEUC,RAD SOLAR,2025-02-13,OPERACION
4T6C,AUTOG LOS POCITOS 1,TERMICA,NO DESPACHADO CENTRALMENTE,AUTOGENERADOR,BCCG,BIOGAS,2025-02-16,OPERACION
4T6E,AUTOG CORPACERO 1,TERMICA,NO DESPACHADO CENTRALMENTE,AUTOGENERADOR,PRIG,GAS,2025-03-19,OPERACION
4T6G,AGPE LUZ MARINA GIRALDO,SOLAR,NO DESPACHADO CENTRALMENTE,AUTOG PEQ. ESCALA,GNCC,RAD SOLAR,2025-02-13,OPERACION
4T6I,AGPE 581 ARA LORICA TRONCAL,SOLAR,NO DESPACHADO CENTRALMENTE,AUTOG PEQ. ESCALA,NEUC,RAD SOLAR,2025-02-13,OPERACION
4T6M,AGPE MARLEN LACOUTURE PUPO,SOLAR,NO DESPACHADO CENTRALMENTE,AUTOG PEQ. ESCALA,NEUC,RAD SOLAR,2025-02-13,OPERACION
4T6U,AGPE RAFAEL ENRIQUE TONO VELEZ MZ 28 12,SOLAR,NO DESPACHADO CENTRALMENTE,AUTOG PEQ. ESCALA,ENBC,RAD SOLAR,2025-02-15,OPERACION
4T6W,AGPE ARA ALTAVISTA,SOLAR,NO DESPACHADO CENTRALMENTE,AUTOG PEQ. ESCALA,GNCC,RAD SOLAR,2024-11-30,PRUEBAS
4T9K,AGPE TIENDA ARA 780,SOLAR,NO DESPACHADO CENTRALMENTE,AUTOG PEQ. ESCALA,NEUC,RAD SOLAR,2025-02-20,OPERACION
4T9M,GD NAOS II,SOLAR,NO DESPACHADO CENTRALMENTE,GEN. DISTRIBUIDA,BIAG,RAD SOLAR,2025-03-02,OPERACION
4T9O,AGPE JOSE ALEJANDRO NARVAEZ MERLANO,SOLAR,NO DESPACHADO CENTRALMENTE,AUTOG PEQ. ESCALA,SCEC,RAD SOLAR,2025-02-20,OPERACION
4T9Q,AGPE PROYECTO SEVILLANA SAS,SOLAR,NO DESPACHADO CENTRALMENTE,AUTOG PEQ. ESCALA,SCEC,RAD SOLAR,2025-02-20,OPERACION
4T9S,AGPE PASTEUR AUTOPISTA SUR,SOLAR,NO DESPACHADO CENTRALMENTE,AUTOG PEQ. ESCALA,ENBC,RAD SOLAR,2025-02-20,OPERACION
4T9U,AGPE GREPACOL I,SOLAR,NO DESPACHADO CENTRALMENTE,AUTOG PEQ. ESCALA,ETTC,RAD SOLAR,2025-02-20,OPERACION
4T9W,AGPE COLEGIO SAN JOSÉ,SOLAR,NO DESPACHADO CENTRALMENTE,AUTOG PEQ. ESCALA,RTQC,RAD SOLAR,2025-02-20,OPERACION
4T9Y,AGPE NATALIA HOYOS GOMEZ,SOLAR,NO DESPACHADO CENTRALMENTE,AUTOG PEQ. ESCALA,SCEC,RAD SOLAR,2025-02-20,OPERACION
4TA1,AGPE TIENDA ARA 831,SOLAR,NO DESPACHADO CENTRALMENTE,AUTOG PEQ. ESCALA,NEUC,RAD SOLAR,2025-02-20,OPERACION
4TA3,AGPE QUESERA LA PAZ 2,SOLAR,NO DESPACHADO CENTRALMENTE,AUTOG PEQ. ESCALA,NEUC,RAD SOLAR,2025-02-20,OPERACION
4TA5,AGPE TIENDA ARA 592,SOLAR,NO DESPACHADO CENTRALMENTE,AUTOG PEQ. ESCALA,NEUC,RAD SOLAR,2025-02-20,OPERACION
4TA7,AGPE TIENDA ARA 604,SOLAR,NO DESPACHADO CENTRALMENTE,AUTOG PEQ. ESCALA,NEUC,RAD SOLAR,2025-02-20,OPERACION
4TA9,AGPE CASA ARTURO GARCIA,SOLAR,NO DESPACHADO CENTRALMENTE,AUTOG PEQ. ESCALA,NEUC,RAD SOLAR,2025-02-20,OPERACION
4TAB,AGPE TIENDA ARA 597,SOLAR,NO DESPACHADO CENTRALMENTE,AUTOG PEQ. ESCALA,NEUC,RAD SOLAR,2025-02-20,OPERACION
4TAD,AGPE TIENDA ARA 827,SOLAR,NO DESPACHADO CENTRALMENTE,AUTOG PEQ. ESCALA,NEUC,RAD SOLAR,2025-02-20,OPERACION
4THG,AGPE JERONIMO MARTINS TIENDA 301,SOLAR,NO DESPACHADO CENTRALMENTE,AUTOG PEQ. ESCALA,GNCC,RAD SOLAR,2025-02-20,OPERACION
4THI,AGPE TIENDA ARA 1072,SOLAR,NO DESPACHADO CENTRALMENTE,AUTOG PEQ. ESCALA,NEUC,RAD SOLAR,2025-02-20,OPERACION
4THK,AGPE TIENDA ARA 873,SOLAR,NO DESPACHADO CENTRALMENTE,AUTOG PEQ. ESCALA,NEUC,RAD SOLAR,2025-02-20,OPERACION
4THM,AGPE FARMATODO 6577805,SOLAR,NO DESPACHADO CENTRALMENTE,AUTOG PEQ. ESCALA,NEUC,RAD SOLAR,2025-02-20,OPERACION
4TJU,AGPE FERNANDO LUIS OVIEDO MARTINEZ,SOLAR,NO DESPACHADO CENTRALMENTE,AUTOG PEQ. ESCALA,SCEC,RAD SOLAR,2025-02-27,OPERACION
4TJW,AGPE MANUFACTURAS DE PINO,SOLAR,NO DESPACHADO CENTRALMENTE,AUTOG PEQ. ESCALA,EPMC,RAD SOLAR,2025-02-27,OPERACION
4TJY,AGPE PROYECTO 06 AURA RUEDA,SOLAR,NO DESPACHADO CENTRALMENTE,AUTOG PEQ. ESCALA,QIEC,RAD SOLAR,2025-02-27,OPERACION
4TK1,AGPE LADRILLERA ALTAVISTA,SOLAR,NO DESPACHADO CENTRALMENTE,AUTOG PEQ. ESCALA,EPMC,RAD SOLAR,2025-02-27,OPERACION
4TK3,AGPE CENTRO COMERCIAL LA QUINTA,SOLAR,NO DESPACHADO CENTRALMENTE,AUTOG PEQ. ESCALA,RTQC,RAD SOLAR,2025-02-27,OPERACION
4TK5,AGPE COLEGIO SAGRADA FAMILIA BARRANQUILLA,SOLAR,NO DESPACHADO CENTRALMENTE,AUTOG PEQ. ESCALA,SCEC,RAD SOLAR,2025-02-27,OPERACION
4TK7,AGPE AYLLIN LUCIA DEL CARMEN DURANGO,SOLAR,NO DESPACHADO CENTRALMENTE,AUTOG PEQ. ESCALA,SCEC,RAD SOLAR,2025-02-27,OPERACION
4TK9,AGPE HERRAGRICOLA,SOLAR,NO DESPACHADO CENTRALMENTE,AUTOG PEQ. ESCALA,GNCC,RAD SOLAR,2025-02-27,OPERACION
4TKB,AGPE CARLOS MARIO OLIVELLA,SOLAR,NO DESPACHADO CENTRALMENTE,AUTOG PEQ. ESCALA,NEUC,RAD SOLAR,2025-02-27,OPERACION
4TKD,AGPE OJEDA MONITOREO PROTEC,SOLAR,NO DESPACHADO CENTRALMENTE,AUTOG PEQ. ESCALA,NEUC,RAD SOLAR,2025-02-27,OPERACION
4TKF,AGPE ESTACION DE SERVICIO MOYA,SOLAR,NO DESPACHADO CENTRALMENTE,AUTOG PEQ. ESCALA,GNCC,RAD SOLAR,2025-02-27,OPERACION
4TKH,AGPE ERCO ENERGIA,SOLAR,NO DESPACHADO CENTRALMENTE,AUTOG PEQ. ESCALA,NEUC,RAD SOLAR,2025-02-27,OPERACION
4TKJ,AGPE TIENDA ARA 345 EL COPEY,SOLAR,NO DESPACHADO CENTRALMENTE,AUTOG PEQ. ESCALA,NEUC,RAD SOLAR,2025-02-27,OPERACION
4TNO,AGPE FEDERICO MARIO GRACIANO MARIN,SOLAR,NO DESPACHADO CENTRALMENTE,AUTOG PEQ. ESCALA,SCEC,RAD SOLAR,2025-03-01,OPERACION
4TNQ,AGPE HOTEL CENTRO MONTERIA,SOLAR,NO DESPACHADO CENTRALMENTE,AUTOG PEQ. ESCALA,SCEC,RAD SOLAR,2025-03-01,OPERACION
4UJZ,AGPE HERMANOS NOGUERA ASOCIADOS SAS BODEGA 1,SOLAR,NO DESPACHADO CENTRALMENTE,AUTOG PEQ. ESCALA,ENBC,RAD SOLAR,2025-03-06,OPERACION
4UK2,AGPE MARTHA CECILIA PEREZ CASTANO,SOLAR,NO DESPACHADO CENTRALMENTE,AUTOG PEQ. ESCALA,ENBC,RAD SOLAR,2025-03-06,OPERACION
4UK4,AGPE HERMANOS NOGUERA ASOCIADOS SAS BODEGA 2,SOLAR,NO DESPACHADO CENTRALMENTE,AUTOG PEQ. ESCALA,ENBC,RAD SOLAR,2025-03-06,OPERACION
4UK6,PARQUE EOLICO CARRETO,EOLICA,NO DESPACHADO CENTRALMENTE,NORMAL,EPSG,VIENTO,2024-12-31,PRUEBAS
4UK8,AGPE CAMFRES,SOLAR,NO DESPACHADO CENTRALMENTE,AUTOG PEQ. ESCALA,ETTC,RAD SOLAR,2025-03-06,OPERACION
4UKA,AGPE FRT01138,SOLAR,NO DESPACHADO CENTRALMENTE,AUTOG PEQ. ESCALA,EPSC,RAD SOLAR,2025-03-06,OPERACION
4UKC,AGPE 303 ANAPOIMA,SOLAR,NO DESPACHADO CENTRALMENTE,AUTOG PEQ. ESCALA,GNCC,RAD SOLAR,2025-03-06,OPERACION
4UKE,AGPE ALTURO CALDERON GUILLERMO,SOLAR,NO DESPACHADO CENTRALMENTE,AUTOG PEQ. ESCALA,GNCC,RAD SOLAR,2025-03-06,OPERACION
4UKG,AGPE BANCO DE BOGOTA CERRITO,SOLAR,NO DESPACHADO CENTRALMENTE,AUTOG PEQ. ESCALA,GNCC,RAD SOLAR,2025-03-06,OPERACION
4UKI,AGPE CLUB HEBREO,SOLAR,NO DESPACHADO CENTRALMENTE,AUTOG PEQ. ESCALA,GNCC,RAD SOLAR,2025-03-06,OPERACION
4UKK,AGPE HOTEL BACHUE,SOLAR,NO DESPACHADO CENTRALMENTE,AUTOG PEQ. ESCALA,GNCC,RAD SOLAR,2025-03-06,OPERACION
4UKM,AGPE JERONIMO MARTINS COLOMBIA SAS TIENDA 288,SOLAR,NO DESPACHADO CENTRALMENTE,AUTOG PEQ. ESCALA,GNCC,RAD SOLAR,2025-03-06,OPERACION
4UKO,AGPE SUPERMERCADOS MAS POR MENOS SAS SEDE NOV,SOLAR,NO DESPACHADO CENTRALMENTE,AUTOG PEQ. ESCALA,GNCC,RAD SOLAR,2025-03-06,OPERACION
4UKQ,AGPE 267 CIUDAD LATINA,SOLAR,NO DESPACHADO CENTRALMENTE,AUTOG PEQ. ESCALA,GNCC,RAD SOLAR,2025-03-06,OPERACION
4UKS,AGPE  METALTECO PLANTA 2,SOLAR,NO DESPACHADO CENTRALMENTE,AUTOG PEQ. ESCALA,GNCC,RAD SOLAR,2025-03-06,OPERACION
4UKU,AGPE 343 CENTRO MOSQUERA,SOLAR,NO DESPACHADO CENTRALMENTE,AUTOG PEQ. ESCALA,GNCC,RAD SOLAR,2025-03-06,OPERACION
4UKW,AGPE ARA PORVENIR,SOLAR,NO DESPACHADO CENTRALMENTE,AUTOG PEQ. ESCALA,GNCC,RAD SOLAR,2025-03-06,OPERACION
4ULO,MINIGRANJA LA RESERVA,SOLAR,NO DESPACHADO CENTRALMENTE,GEN. DISTRIBUIDA,UNGG,RAD SOLAR,2025-07-04,OPERACION
4ULQ,AGPE VITELSA MEDELLIN,SOLAR,NO DESPACHADO CENTRALMENTE,AUTOG PEQ. ESCALA,ENBC,RAD SOLAR,2025-03-13,OPERACION
4ULS,MINIGRANJA EL OLIMPO,SOLAR,NO DESPACHADO CENTRALMENTE,GEN. DISTRIBUIDA,UNGG,RAD SOLAR,2026-02-26,OPERACION
4ULU,AGPE  EDWIN CARDER GALLON,SOLAR,NO DESPACHADO CENTRALMENTE,AUTOG PEQ. ESCALA,ENBC,RAD SOLAR,2025-03-13,OPERACION
4ULW,AGPE ANDRES MANUEL ARBOLEDA BERNAL,SOLAR,NO DESPACHADO CENTRALMENTE,AUTOG PEQ. ESCALA,ENBC,RAD SOLAR,2025-03-13,OPERACION
4ULY,GD ERCO GUAMO III,SOLAR,NO DESPACHADO CENTRALMENTE,GEN. DISTRIBUIDA,ERRG,RAD SOLAR,2025-03-30,OPERACION
4UM1,GD ERCO GUAMO IV,SOLAR,NO DESPACHADO CENTRALMENTE,GEN. DISTRIBUIDA,ERRG,RAD SOLAR,2025-03-30,OPERACION
4UM3,AGPE INVERSIONES Y CONSTRUCCIONES MRM SAS,SOLAR,NO DESPACHADO CENTRALMENTE,AUTOG PEQ. ESCALA,SCEC,RAD SOLAR,2025-03-13,OPERACION
4UM5,AGPE INVERSIONES GALENOS SAS,SOLAR,NO DESPACHADO CENTRALMENTE,AUTOG PEQ. ESCALA,SCEC,RAD SOLAR,2025-03-13,OPERACION
4UO5,AGPE CALZACOSTA CENTRO,SOLAR,NO DESPACHADO CENTRALMENTE,AUTOG PEQ. ESCALA,GNCC,RAD SOLAR,2025-03-13,OPERACION
4UO7,AGPE IPRODESA SAS,SOLAR,NO DESPACHADO CENTRALMENTE,AUTOG PEQ. ESCALA,GNCC,RAD SOLAR,2025-03-13,OPERACION
4UO9,AGPE GRANERO LOS DOS HERMANOS SL,SOLAR,NO DESPACHADO CENTRALMENTE,AUTOG PEQ. ESCALA,GNCC,RAD SOLAR,2025-03-13,OPERACION
4UOB,AGPE MCD AV PEDRO DE HEREDIA CTG,SOLAR,NO DESPACHADO CENTRALMENTE,AUTOG PEQ. ESCALA,GNCC,RAD SOLAR,2025-03-13,OPERACION
4USD,AGPE OSCAR DARIO VANEGAS SILVA,SOLAR,NO DESPACHADO CENTRALMENTE,AUTOG PEQ. ESCALA,NEUC,RAD SOLAR,2025-03-20,OPERACION
4UZM,SOLAR PALMASECA I,SOLAR,NO DESPACHADO CENTRALMENTE,NORMAL,EPSG,RAD SOLAR,2025-03-31,PRUEBAS
4UZO,SOLAR PALMASECA II,SOLAR,NO DESPACHADO CENTRALMENTE,NORMAL,EPSG,RAD SOLAR,2025-03-31,PRUEBAS
4UZQ,AGPE COMFANDI CENTRO CULTURAL,SOLAR,NO DESPACHADO CENTRALMENTE,AUTOG PEQ. ESCALA,EPSC,RAD SOLAR,2025-03-20,OPERACION
4UZS,SOL Y CIELO V,SOLAR,NO DESPACHADO CENTRALMENTE,GEN. DISTRIBUIDA,EYCG,RAD SOLAR,2025-05-08,OPERACION
4UZU,GD ERCO GUAMO II,SOLAR,NO DESPACHADO CENTRALMENTE,GEN. DISTRIBUIDA,ERRG,RAD SOLAR,2025-03-30,OPERACION
4UZW,AGPE SUCROAGRO SAS CANDELARIA,SOLAR,NO DESPACHADO CENTRALMENTE,AUTOG PEQ. ESCALA,BIAC,RAD SOLAR,2025-03-20,OPERACION
4UZY,AGPE LA BUGUENA SA PLANTA II,SOLAR,NO DESPACHADO CENTRALMENTE,AUTOG PEQ. ESCALA,BIAC,RAD SOLAR,2025-03-20,OPERACION
4V11,AGPE TIENDA ARA 919,SOLAR,NO DESPACHADO CENTRALMENTE,AUTOG PEQ. ESCALA,NEUC,RAD SOLAR,2025-03-20,OPERACION
4V13,AGPE TIENDA ARA 533,SOLAR,NO DESPACHADO CENTRALMENTE,AUTOG PEQ. ESCALA,NEUC,RAD SOLAR,2025-03-20,OPERACION
4V15,AGPE MCD AVENIDA DEL RIO SMT,SOLAR,NO DESPACHADO CENTRALMENTE,AUTOG PEQ. ESCALA,GNCC,RAD SOLAR,2025-03-20,OPERACION
4V17,AGPE LA SIERRA IMC VALLEDUPAR,SOLAR,NO DESPACHADO CENTRALMENTE,AUTOG PEQ. ESCALA,NEUC,RAD SOLAR,2025-03-20,OPERACION
4V19,AGPE MCD MONTERIA MON,SOLAR,NO DESPACHADO CENTRALMENTE,AUTOG PEQ. ESCALA,GNCC,RAD SOLAR,2025-03-20,OPERACION
4V1B,AGPE PRIMAX LA PONDEROSA I,SOLAR,NO DESPACHADO CENTRALMENTE,AUTOG PEQ. ESCALA,GNCC,RAD SOLAR,2025-03-20,OPERACION
4V2X,AGPE STO 125 ZARAGOCILLA,SOLAR,NO DESPACHADO CENTRALMENTE,AUTOG PEQ. ESCALA,GNCC,RAD SOLAR,2025-03-20,OPERACION
4V2Z,AGPE STO 357 CUBA,SOLAR,NO DESPACHADO CENTRALMENTE,AUTOG PEQ. ESCALA,GNCC,RAD SOLAR,2025-03-20,OPERACION
4V32,AGPE STO 410 CALLE 63,SOLAR,NO DESPACHADO CENTRALMENTE,AUTOG PEQ. ESCALA,GNCC,RAD SOLAR,2025-03-20,OPERACION
4V34,AGPE ARA TOLU CENTRO 384,SOLAR,NO DESPACHADO CENTRALMENTE,AUTOG PEQ. ESCALA,NEUC,RAD SOLAR,2025-03-20,OPERACION
4V36,AGPE TIENDA ARA 477,SOLAR,NO DESPACHADO CENTRALMENTE,AUTOG PEQ. ESCALA,NEUC,RAD SOLAR,2025-03-20,OPERACION
4V38,AGPE STO 397 BOSA NOVA,SOLAR,NO DESPACHADO CENTRALMENTE,AUTOG PEQ. ESCALA,GNCC,RAD SOLAR,2025-03-20,OPERACION
4V3A,AGPE STO 364 AVENIDA SANTANDER,SOLAR,NO DESPACHADO CENTRALMENTE,AUTOG PEQ. ESCALA,GNCC,RAD SOLAR,2025-03-20,OPERACION
4V4X,AGPE JERONIMO MARTINS COLOMBIA SAS TIENDA 811,SOLAR,NO DESPACHADO CENTRALMENTE,AUTOG PEQ. ESCALA,GNCC,RAD SOLAR,2025-03-27,OPERACION
4V4Z,AGPE ARACELLY GOMEZ CS 36 CR CASTELLANA REAL,SOLAR,NO DESPACHADO CENTRALMENTE,AUTOG PEQ. ESCALA,ENBC,RAD SOLAR,2025-03-27,OPERACION
4V52,AGPE RESONANCIA E IMAGENES SANTAMARIA SA,SOLAR,NO DESPACHADO CENTRALMENTE,AUTOG PEQ. ESCALA,SCEC,RAD SOLAR,2025-03-27,OPERACION
4V54,AGPE JOSE GABRIEL SANINT MZ8 I,SOLAR,NO DESPACHADO CENTRALMENTE,AUTOG PEQ. ESCALA,ENBC,RAD SOLAR,2025-03-27,OPERACION
4V56,AGPE LA TOUR SAS,SOLAR,NO DESPACHADO CENTRALMENTE,AUTOG PEQ. ESCALA,EPSC,RAD SOLAR,2025-03-27,OPERACION
4V58,AGPE CMA BLOQUE 31 ZC4,SOLAR,NO DESPACHADO CENTRALMENTE,AUTOG PEQ. ESCALA,GNCC,RAD SOLAR,2025-03-27,OPERACION
4V5A,AGPE STO 560 ZARZAL,SOLAR,NO DESPACHADO CENTRALMENTE,AUTOG PEQ. ESCALA,GNCC,RAD SOLAR,2025-03-27,OPERACION
4V5C,AGPE TIENDA ARA 926,SOLAR,NO DESPACHADO CENTRALMENTE,AUTOG PEQ. ESCALA,NEUC,RAD SOLAR,2025-03-27,OPERACION
4V5E,AGPE JERONIMO MARTINS COLOMBIA SAS TIENDA 788,SOLAR,NO DESPACHADO CENTRALMENTE,AUTOG PEQ. ESCALA,GNCC,RAD SOLAR,2025-03-27,OPERACION
4V5G,AGPE JERONIMO MARTINS COLOMBIA SAS TIENDA 652,SOLAR,NO DESPACHADO CENTRALMENTE,AUTOG PEQ. ESCALA,GNCC,RAD SOLAR,2025-03-27,OPERACION
4V5I,AGPE  CENTRO COMERCIAL UNICENTRO YOPAL ETAPA1,SOLAR,NO DESPACHADO CENTRALMENTE,AUTOG PEQ. ESCALA,RTQC,RAD SOLAR,2025-03-27,OPERACION
4V5K,AGPE CMA BLOQUE 31 ZC3,SOLAR,NO DESPACHADO CENTRALMENTE,AUTOG PEQ. ESCALA,GNCC,RAD SOLAR,2025-03-27,OPERACION
4V8B,AGPE PRADOS DE SAN AGUSTIN,SOLAR,NO DESPACHADO CENTRALMENTE,AUTOG PEQ. ESCALA,ENBC,RAD SOLAR,2025-03-29,OPERACION
4VAD,AGPE PASEO VILLA DEL RIO,SOLAR,NO DESPACHADO CENTRALMENTE,AUTOG PEQ. ESCALA,BIAC,RAD SOLAR,2025-04-01,OPERACION
4VBC,SOL Y CIELO VI,SOLAR,NO DESPACHADO CENTRALMENTE,GEN. DISTRIBUIDA,EYCG,RAD SOLAR,2025-05-08,OPERACION
4VBE,AGPE AUTO ROBLE LTDA SINCELEJO,SOLAR,NO DESPACHADO CENTRALMENTE,AUTOG PEQ. ESCALA,SCEC,RAD SOLAR,2025-04-03,OPERACION
4VCM,AGPE EDIFICIO COMERCIAL CENTRO ELITE,SOLAR,NO DESPACHADO CENTRALMENTE,AUTOG PEQ. ESCALA,EPSC,RAD SOLAR,2025-04-03,OPERACION
4VCO,AGPE VARCAR1,SOLAR,NO DESPACHADO CENTRALMENTE,AUTOG PEQ. ESCALA,ETTC,RAD SOLAR,2025-04-03,OPERACION
4VCQ,AGPE PISOS Y GRES SAS,SOLAR,NO DESPACHADO CENTRALMENTE,AUTOG PEQ. ESCALA,GNCC,RAD SOLAR,2025-04-03,OPERACION
4VCS,AGPE GRUPO PANI SAS,SOLAR,NO DESPACHADO CENTRALMENTE,AUTOG PEQ. ESCALA,GNCC,RAD SOLAR,2025-04-03,OPERACION
4VCU,AGPE JERONIMO MARTINS COLOMBIA SAS TIENDA 813,SOLAR,NO DESPACHADO CENTRALMENTE,AUTOG PEQ. ESCALA,GNCC,RAD SOLAR,2025-04-03,OPERACION
4VCW,AGPE SSFV MIX VIA 40,SOLAR,NO DESPACHADO CENTRALMENTE,AUTOG PEQ. ESCALA,GNCC,RAD SOLAR,2025-04-03,OPERACION
4VW7,AGPE TIENDA ARA 1006,SOLAR,NO DESPACHADO CENTRALMENTE,AUTOG PEQ. ESCALA,NEUC,RAD SOLAR,2025-04-04,OPERACION
4VW9,AGPE 583 ARA PUERTO COLOMBIA CORREDOR UNIVERS,SOLAR,NO DESPACHADO CENTRALMENTE,AUTOG PEQ. ESCALA,NEUC,RAD SOLAR,2025-04-04,OPERACION
4VWB,AGPE 545 ARA SANTA MARTA PESCAITO,SOLAR,NO DESPACHADO CENTRALMENTE,AUTOG PEQ. ESCALA,NEUC,RAD SOLAR,2025-04-04,OPERACION
4VWD,AGPE TIENDA ARA 706,SOLAR,NO DESPACHADO CENTRALMENTE,AUTOG PEQ. ESCALA,NEUC,RAD SOLAR,2025-04-04,OPERACION
4VWF,AGPE VETERINARIA RDV JONATHAN,SOLAR,NO DESPACHADO CENTRALMENTE,AUTOG PEQ. ESCALA,NEUC,RAD SOLAR,2025-04-04,OPERACION
4VWH,AGPE TIENDA ARA 828,SOLAR,NO DESPACHADO CENTRALMENTE,AUTOG PEQ. ESCALA,NEUC,RAD SOLAR,2025-04-04,OPERACION
4VWJ,AGPE TIENDA ARA 1011,SOLAR,NO DESPACHADO CENTRALMENTE,AUTOG PEQ. ESCALA,NEUC,RAD SOLAR,2025-04-04,OPERACION
4VXS,AGPE MULTALIA1,SOLAR,NO DESPACHADO CENTRALMENTE,AUTOG PEQ. ESCALA,ETTC,RAD SOLAR,2025-04-10,OPERACION
4VXU,AGPE PRADOS DEL CEREZO,SOLAR,NO DESPACHADO CENTRALMENTE,AUTOG PEQ. ESCALA,ENBC,RAD SOLAR,2025-04-10,OPERACION
4VXW,AGPE LUIS ENRIQUE SANCHEZ,SOLAR,NO DESPACHADO CENTRALMENTE,AUTOG PEQ. ESCALA,ENBC,RAD SOLAR,2025-04-10,OPERACION
4VXY,AGPE SFV CENTRO ISRAELITA FILANTROPICO COLEGI,SOLAR,NO DESPACHADO CENTRALMENTE,AUTOG PEQ. ESCALA,GNCC,RAD SOLAR,2025-04-10,OPERACION
4VY1,AGPE JERONIMO MARTINS COLOMBIA SAS TIENDA 102,SOLAR,NO DESPACHADO CENTRALMENTE,AUTOG PEQ. ESCALA,GNCC,RAD SOLAR,2025-04-10,OPERACION
4VY3,AGPE  SUPERMERCADO MERCAMAS JT,SOLAR,NO DESPACHADO CENTRALMENTE,AUTOG PEQ. ESCALA,GNCC,RAD SOLAR,2025-04-10,OPERACION
4VY5,AGPE ISMOCOL S A,SOLAR,NO DESPACHADO CENTRALMENTE,AUTOG PEQ. ESCALA,GNCC,RAD SOLAR,2025-04-10,OPERACION
4VY7,AGPE OVOPRODUCTOS DEL PACIFICO SAS,SOLAR,NO DESPACHADO CENTRALMENTE,AUTOG PEQ. ESCALA,EPSC,RAD SOLAR,2025-04-10,OPERACION
4VY9,AGPE ESINNO1,SOLAR,NO DESPACHADO CENTRALMENTE,AUTOG PEQ. ESCALA,ETTC,RAD SOLAR,2025-04-10,OPERACION
4VYB,GD ERCO GUAMO I,SOLAR,NO DESPACHADO CENTRALMENTE,GEN. DISTRIBUIDA,ERRG,RAD SOLAR,2025-04-26,OPERACION
4VYD,AGPE 277 PARQUE ENGATIVA,SOLAR,NO DESPACHADO CENTRALMENTE,AUTOG PEQ. ESCALA,GNCC,RAD SOLAR,2025-04-10,OPERACION
4VYK,AGPE CARARANG,SOLAR,NO DESPACHADO CENTRALMENTE,AUTOG PEQ. ESCALA,ETTC,RAD SOLAR,2025-04-12,OPERACION
4VYM,AUTOG MOLINOS SANTA MARTA,SOLAR,NO DESPACHADO CENTRALMENTE,AUTOGENERADOR,EPSG,RAD SOLAR,2025-12-24,OPERACION
4VYY,AGPE INVERSIONES PEREZ VELEZ SAS,SOLAR,NO DESPACHADO CENTRALMENTE,AUTOG PEQ. ESCALA,GNCC,RAD SOLAR,2025-04-17,OPERACION
4VZ1,AGPE PRODUCTORA DE ALIMENTOS NATURALES PANA,SOLAR,NO DESPACHADO CENTRALMENTE,AUTOG PEQ. ESCALA,GNCC,RAD SOLAR,2025-04-17,OPERACION
4VZ3,AGPE CAMPEROS DE SANTANDER SA CAMPESA 1,SOLAR,NO DESPACHADO CENTRALMENTE,AUTOG PEQ. ESCALA,GNCC,RAD SOLAR,2025-04-17,OPERACION
4VZ5,AGPE CAMPESA ANILLO VIAL,SOLAR,NO DESPACHADO CENTRALMENTE,AUTOG PEQ. ESCALA,GNCC,RAD SOLAR,2025-04-17,OPERACION
4VZ7,AGPE CARLOS GONZALES CORRALES,SOLAR,NO DESPACHADO CENTRALMENTE,AUTOG PEQ. ESCALA,ENBC,RAD SOLAR,2025-04-17,OPERACION
4VZ9,AGPE FARMATODO VALLEDUPAR NOVALITO,SOLAR,NO DESPACHADO CENTRALMENTE,AUTOG PEQ. ESCALA,GNCC,RAD SOLAR,2025-04-17,OPERACION
4VZB,AGPE ALCIELO CONSTRUCTORA SAS ZONAS COMUN,SOLAR,NO DESPACHADO CENTRALMENTE,AUTOG PEQ. ESCALA,SCEC,RAD SOLAR,2025-04-17,OPERACION
4VZD,AGPE G KOI,SOLAR,NO DESPACHADO CENTRALMENTE,AUTOG PEQ. ESCALA,EXEC,RAD SOLAR,2025-04-17,OPERACION
4VZF,AGPE PLUS SA ESP VIJES DICEL,SOLAR,NO DESPACHADO CENTRALMENTE,AUTOG PEQ. ESCALA,BIAC,RAD SOLAR,2025-04-17,OPERACION
4VZH,AGPE AVICOLA LA IBAGUERENA Y CIA,SOLAR,NO DESPACHADO CENTRALMENTE,AUTOG PEQ. ESCALA,GNCC,RAD SOLAR,2025-04-17,OPERACION
4WO2,AGPE TIENDA ARA 744,SOLAR,NO DESPACHADO CENTRALMENTE,AUTOG PEQ. ESCALA,NEUC,RAD SOLAR,2025-04-24,OPERACION
4WO4,AGPE 522 ARA MONTERIA MOCARI,SOLAR,NO DESPACHADO CENTRALMENTE,AUTOG PEQ. ESCALA,NEUC,RAD SOLAR,2025-04-24,OPERACION
4WO6,AGPE SULOGISTICA SA,SOLAR,NO DESPACHADO CENTRALMENTE,AUTOG PEQ. ESCALA,ENBC,RAD SOLAR,2025-04-24,OPERACION
4WO8,AGPE GRUPO EMPRESARIAL FRIDECO CR 31,SOLAR,NO DESPACHADO CENTRALMENTE,AUTOG PEQ. ESCALA,ENBC,RAD SOLAR,2025-04-24,OPERACION
4WOA,AGPE GRUPO EMPRESARIAL FRIDECO BDG 2,SOLAR,NO DESPACHADO CENTRALMENTE,AUTOG PEQ. ESCALA,ENBC,RAD SOLAR,2025-04-24,OPERACION
4WOC,AGPE SSFV BANCO DE BOGOTÁ PUERTO BERRÍO,SOLAR,NO DESPACHADO CENTRALMENTE,AUTOG PEQ. ESCALA,GNCC,RAD SOLAR,2025-04-24,OPERACION
4WOE,AGPE BLU LOGISTICS,SOLAR,NO DESPACHADO CENTRALMENTE,AUTOG PEQ. ESCALA,GNCC,RAD SOLAR,2025-04-24,OPERACION
4WOG,AGPE HECTOR RAFAEL OJEDA PINTO,SOLAR,NO DESPACHADO CENTRALMENTE,AUTOG PEQ. ESCALA,SCEC,RAD SOLAR,2025-04-24,OPERACION
4WOI,AGPE PROACOR SAS GRANJA LA CHAMBA,SOLAR,NO DESPACHADO CENTRALMENTE,AUTOG PEQ. ESCALA,GNCC,RAD SOLAR,2025-04-24,OPERACION
4WOK,AGPE MIGUEL ANTONIO DUQUE GIRALDO  CONFECCION,SOLAR,NO DESPACHADO CENTRALMENTE,AUTOG PEQ. ESCALA,GNCC,RAD SOLAR,2025-04-24,OPERACION
4WOM,AGPE CARLOS ALBERTO PEREZ ARANGO,SOLAR,NO DESPACHADO CENTRALMENTE,AUTOG PEQ. ESCALA,GNCC,RAD SOLAR,2025-04-24,OPERACION
4WOO,AGPE TIENDA ARA 710,SOLAR,NO DESPACHADO CENTRALMENTE,AUTOG PEQ. ESCALA,NEUC,RAD SOLAR,2025-04-24,OPERACION
4WOQ,AGPE LUBRICANTES PETROIL SAS,SOLAR,NO DESPACHADO CENTRALMENTE,AUTOG PEQ. ESCALA,GNCC,RAD SOLAR,2025-04-24,OPERACION
4WOS,AGPE TIENDA ARA 292,SOLAR,NO DESPACHADO CENTRALMENTE,AUTOG PEQ. ESCALA,NEUC,RAD SOLAR,2025-04-24,OPERACION
4WOU,AGPE ARA SAN BERNARDO DEL VIENTO CENTRO,SOLAR,NO DESPACHADO CENTRALMENTE,AUTOG PEQ. ESCALA,NEUC,RAD SOLAR,2025-04-24,OPERACION
4WOW,AGPE HYB TECNOLOGIA SAS,SOLAR,NO DESPACHADO CENTRALMENTE,AUTOG PEQ. ESCALA,SCEC,RAD SOLAR,2025-04-24,OPERACION
4WOZ,AGPE DISTRI2A1,SOLAR,NO DESPACHADO CENTRALMENTE,AUTOG PEQ. ESCALA,ETTC,RAD SOLAR,2025-04-24,OPERACION
4WP2,GD NAOS III,SOLAR,NO DESPACHADO CENTRALMENTE,GEN. DISTRIBUIDA,BIAG,RAD SOLAR,2025-05-02,OPERACION
4WUG,AGPE ROGELIO ZULUAGA MEJIA,SOLAR,NO DESPACHADO CENTRALMENTE,AUTOG PEQ. ESCALA,SCEC,RAD SOLAR,2025-05-01,OPERACION
4WUI,AGPE OLGA MILENA FLOREZ SIERRA,SOLAR,NO DESPACHADO CENTRALMENTE,AUTOG PEQ. ESCALA,SCEC,RAD SOLAR,2025-05-01,OPERACION
4WUK,AUTOG COMOLSA,SOLAR,NO DESPACHADO CENTRALMENTE,AUTOGENERADOR,EPSG,RAD SOLAR,2025-12-24,OPERACION
4WUM,AUTOG QBCO,SOLAR,NO DESPACHADO CENTRALMENTE,AUTOGENERADOR,EPSG,RAD SOLAR,2025-12-24,OPERACION
4WUO,AGPE CENTRO COMERCIAL UNICENTRO ZONAS COMUNES,SOLAR,NO DESPACHADO CENTRALMENTE,AUTOG PEQ. ESCALA,ASCC,RAD SOLAR,2025-05-01,OPERACION
4WUQ,AGPE EDS LA CIRCUNVALAR,SOLAR,NO DESPACHADO CENTRALMENTE,AUTOG PEQ. ESCALA,QIEC,RAD SOLAR,2025-05-01,OPERACION
4WUS,AGPE IEB COFFEE SAS,SOLAR,NO DESPACHADO CENTRALMENTE,AUTOG PEQ. ESCALA,EEPC,RAD SOLAR,2025-05-01,OPERACION
4WVK,AGPE INDUSTRIAS DOFI,SOLAR,NO DESPACHADO CENTRALMENTE,AUTOG PEQ. ESCALA,EPMC,RAD SOLAR,2025-05-08,OPERACION
4WVM,AGPE ARCLAD SA,SOLAR,NO DESPACHADO CENTRALMENTE,AUTOG PEQ. ESCALA,EPMC,RAD SOLAR,2025-05-08,OPERACION
4WVO,AGPE FUERZA AÉREA COLOMBIA GACAS,SOLAR,NO DESPACHADO CENTRALMENTE,AUTOG PEQ. ESCALA,EPMC,RAD SOLAR,2025-05-08,OPERACION
4WVQ,AGPE FAC CACOM4,SOLAR,NO DESPACHADO CENTRALMENTE,AUTOG PEQ. ESCALA,EPMC,RAD SOLAR,2025-05-08,OPERACION
4WVS,AGPE CC EL TESORO,SOLAR,NO DESPACHADO CENTRALMENTE,AUTOG PEQ. ESCALA,EPMC,RAD SOLAR,2025-05-08,OPERACION
4WVU,AGPE FEREIN1,SOLAR,NO DESPACHADO CENTRALMENTE,AUTOG PEQ. ESCALA,ETTC,RAD SOLAR,2025-05-08,OPERACION
4WVW,AGPE SURTFER1,SOLAR,NO DESPACHADO CENTRALMENTE,AUTOG PEQ. ESCALA,ETTC,RAD SOLAR,2025-05-08,OPERACION
4WVY,AGPE LACOSE1,SOLAR,NO DESPACHADO CENTRALMENTE,AUTOG PEQ. ESCALA,ETTC,RAD SOLAR,2025-05-08,OPERACION
4WW1,AGPE VEHICO 104191,SOLAR,NO DESPACHADO CENTRALMENTE,AUTOG PEQ. ESCALA,ETTC,RAD SOLAR,2025-05-08,OPERACION
4WWQ,MINIGRANJA IBIRICO,SOLAR,NO DESPACHADO CENTRALMENTE,GEN. DISTRIBUIDA,UNGG,RAD SOLAR,2025-07-21,OPERACION
4WWS,AGPE SSFV CENTRO COMERCIAL ACROPOLIS,SOLAR,NO DESPACHADO CENTRALMENTE,AUTOG PEQ. ESCALA,RTQC,RAD SOLAR,2025-05-08,OPERACION
4WWU,AGPE GALICIA DE LAS FLOREZ Y CIA SCA 1,SOLAR,NO DESPACHADO CENTRALMENTE,AUTOG PEQ. ESCALA,SCEC,RAD SOLAR,2025-05-08,OPERACION
4WWW,AGPE ROSAURA GARRIDO NOYA,SOLAR,NO DESPACHADO CENTRALMENTE,AUTOG PEQ. ESCALA,ENBC,RAD SOLAR,2025-05-08,OPERACION
4WWY,GD SAN MARTIN,SOLAR,NO DESPACHADO CENTRALMENTE,GEN. DISTRIBUIDA,EMSG,RAD SOLAR,2025-05-11,OPERACION
4WX1,AGPE PAOLA MARIA DAMBROSIO HADDAD,SOLAR,NO DESPACHADO CENTRALMENTE,AUTOG PEQ. ESCALA,SCEC,RAD SOLAR,2025-05-08,OPERACION
4WX3,AGPE CARMEN LUCIA MILANES NIVIA,SOLAR,NO DESPACHADO CENTRALMENTE,AUTOG PEQ. ESCALA,SCEC,RAD SOLAR,2025-05-08,OPERACION
4WX5,AGPE 319 SUBA LAS FLORES,SOLAR,NO DESPACHADO CENTRALMENTE,AUTOG PEQ. ESCALA,GNCC,RAD SOLAR,2025-05-08,OPERACION
4WX7,AGPE RTS LA FLORA,SOLAR,NO DESPACHADO CENTRALMENTE,AUTOG PEQ. ESCALA,GNCC,RAD SOLAR,2025-05-08,OPERACION
4WX9,AGPE STO 314 MARGEN IZQUIERDA,SOLAR,NO DESPACHADO CENTRALMENTE,AUTOG PEQ. ESCALA,GNCC,RAD SOLAR,2025-05-08,OPERACION
4XEI,AGPE TIENDA ARA 878,SOLAR,NO DESPACHADO CENTRALMENTE,AUTOG PEQ. ESCALA,NEUC,RAD SOLAR,2025-05-15,OPERACION
4XEK,AGPE TIENDA ARA 1100,SOLAR,NO DESPACHADO CENTRALMENTE,AUTOG PEQ. ESCALA,NEUC,RAD SOLAR,2025-05-15,OPERACION
4XEM,AGPE TIENDA ARA 782,SOLAR,NO DESPACHADO CENTRALMENTE,AUTOG PEQ. ESCALA,NEUC,RAD SOLAR,2025-05-15,OPERACION
4XEO,AGPE TIENDA ARA 769,SOLAR,NO DESPACHADO CENTRALMENTE,AUTOG PEQ. ESCALA,NEUC,RAD SOLAR,2025-05-15,OPERACION
4XOU,MINIGRANJA LA CUMBIA,SOLAR,NO DESPACHADO CENTRALMENTE,GEN. DISTRIBUIDA,UNGG,RAD SOLAR,2026-05-07,OPERACION
4XOW,AGPE TIENDA ARA 1124,SOLAR,NO DESPACHADO CENTRALMENTE,AUTOG PEQ. ESCALA,NEUC,RAD SOLAR,2025-05-15,OPERACION
4XOY,AGPE JERONIMO MARTINS COLOMBIA SAS TIENDA 111,SOLAR,NO DESPACHADO CENTRALMENTE,AUTOG PEQ. ESCALA,GNCC,RAD SOLAR,2025-05-15,OPERACION
4XP1,AGPE TIENDA ARA 908,SOLAR,NO DESPACHADO CENTRALMENTE,AUTOG PEQ. ESCALA,NEUC,RAD SOLAR,2025-05-15,OPERACION
4XP3,AUTOG TERMOARAUCA 1,TERMICA,NO DESPACHADO CENTRALMENTE,AUTOGENERADOR,GSAG,GAS,2025-08-27,OPERACION
4XP5,AGPE COMPANIA INTEGRAL DE ALIMENTOS SAS CIAL,SOLAR,NO DESPACHADO CENTRALMENTE,AUTOG PEQ. ESCALA,BIAC,RAD SOLAR,2025-05-15,OPERACION
4XP7,AGPE MARCELA MARTELO CASTRO,SOLAR,NO DESPACHADO CENTRALMENTE,AUTOG PEQ. ESCALA,SCEC,RAD SOLAR,2025-05-15,OPERACION
4XPX,AGPE MOTEL ACAPULCO OMA,SOLAR,NO DESPACHADO CENTRALMENTE,AUTOG PEQ. ESCALA,NEUC,RAD SOLAR,2025-05-22,OPERACION
4XPZ,AGPE LADRILLERA Y ARCILLAS SAN JOSE SAS,SOLAR,NO DESPACHADO CENTRALMENTE,AUTOG PEQ. ESCALA,EEPC,RAD SOLAR,2025-05-22,OPERACION
4XQ2,PARQUE SOLAR INTI I,SOLAR,NO DESPACHADO CENTRALMENTE,NORMAL,EMUG,RAD SOLAR,2025-03-31,PRUEBAS
4XQ4,AGPE ARA ALAMOS,SOLAR,NO DESPACHADO CENTRALMENTE,AUTOG PEQ. ESCALA,GNCC,RAD SOLAR,2025-05-22,OPERACION
4XQ6,AGPE JERONIMO MARTINS COLOMBIA SAS TIENDA 131,SOLAR,NO DESPACHADO CENTRALMENTE,AUTOG PEQ. ESCALA,GNCC,RAD SOLAR,2025-05-22,OPERACION
4XQ8,AGPE SUPERMERCADOS MAS POR MENOS SAS,SOLAR,NO DESPACHADO CENTRALMENTE,AUTOG PEQ. ESCALA,GNCC,RAD SOLAR,2025-05-22,OPERACION
4XQA,GD SAN MARTIN II,SOLAR,NO DESPACHADO CENTRALMENTE,GEN. DISTRIBUIDA,EMSG,RAD SOLAR,2025-05-25,OPERACION
4XQC,AUTOG GOLOSINAS TRULULU,HIDRAULICA,NO DESPACHADO CENTRALMENTE,AUTOGENERADOR,EXIG,AGUA,2025-12-15,OPERACION
4XUL,AGPE EXCO COLOMBIANA,SOLAR,NO DESPACHADO CENTRALMENTE,AUTOG PEQ. ESCALA,EEPC,RAD SOLAR,2025-05-29,OPERACION
4XUN,AGPE LUIS FERNANDO GONZALEZ CORRALES,SOLAR,NO DESPACHADO CENTRALMENTE,AUTOG PEQ. ESCALA,ENBC,RAD SOLAR,2025-05-29,OPERACION
4XUP,AGPE HENRY BABILONIA LUNA,SOLAR,NO DESPACHADO CENTRALMENTE,AUTOG PEQ. ESCALA,ENBC,RAD SOLAR,2025-05-29,OPERACION
4XUR,AGPE ARA ANILLO VIAL,SOLAR,NO DESPACHADO CENTRALMENTE,AUTOG PEQ. ESCALA,GNCC,RAD SOLAR,2025-05-29,OPERACION
4XUT,AGPE DAMARIS MANUELITA MARTINEZ HERNANDEZ,SOLAR,NO DESPACHADO CENTRALMENTE,AUTOG PEQ. ESCALA,SCEC,RAD SOLAR,2025-05-29,OPERACION
4XUV,AGPE MEGALI1,SOLAR,NO DESPACHADO CENTRALMENTE,AUTOG PEQ. ESCALA,ETTC,RAD SOLAR,2025-05-29,OPERACION
4XUX,GD PULOY,SOLAR,NO DESPACHADO CENTRALMENTE,GEN. DISTRIBUIDA,UNGG,RAD SOLAR,2025-09-25,OPERACION
4Y3Z,AGPE CENTRO COMERCIAL AVENTURA,SOLAR,NO DESPACHADO CENTRALMENTE,AUTOG PEQ. ESCALA,EPSC,RAD SOLAR,2025-05-31,PRUEBAS
4Y42,AGPE AGROW1,SOLAR,NO DESPACHADO CENTRALMENTE,AUTOG PEQ. ESCALA,ETTC,RAD SOLAR,2025-06-05,OPERACION
4Y48,AGPE  JAIME ALFONSO NAVARRO GALINDO,SOLAR,NO DESPACHADO CENTRALMENTE,AUTOG PEQ. ESCALA,SCEC,RAD SOLAR,2025-06-05,OPERACION
4Y4A,AGPE HACIENDA ANTOJO,SOLAR,NO DESPACHADO CENTRALMENTE,AUTOG PEQ. ESCALA,GNCC,RAD SOLAR,2025-06-05,OPERACION
4Y4C,AGPE CSA LEON TIRE,SOLAR,NO DESPACHADO CENTRALMENTE,AUTOG PEQ. ESCALA,GNCC,RAD SOLAR,2025-06-05,OPERACION
4Y4E,AGPE STO 374 CARTAGO,SOLAR,NO DESPACHADO CENTRALMENTE,AUTOG PEQ. ESCALA,GNCC,RAD SOLAR,2025-06-05,OPERACION
4Y4G,AGPE CLINICA MORASURCO 2  236 KWP,SOLAR,NO DESPACHADO CENTRALMENTE,AUTOG PEQ. ESCALA,ASCC,RAD SOLAR,2025-06-05,OPERACION
4Y4I,AGPE CLINICA MORASURCO 1 236 KWP,SOLAR,NO DESPACHADO CENTRALMENTE,AUTOG PEQ. ESCALA,ASCC,RAD SOLAR,2025-06-05,OPERACION
4Y4K,AGPE JERONIMO MARTINS COLOMBIA SAS TIENDA 525,SOLAR,NO DESPACHADO CENTRALMENTE,AUTOG PEQ. ESCALA,GNCC,RAD SOLAR,2025-06-05,OPERACION
4Y4M,AGPE JERONIMO MARTINS COLOMBIA SAS TIENDA 683,SOLAR,NO DESPACHADO CENTRALMENTE,AUTOG PEQ. ESCALA,GNCC,RAD SOLAR,2025-06-05,OPERACION
4Y4O,AGPE ARA LA UNION,SOLAR,NO DESPACHADO CENTRALMENTE,AUTOG PEQ. ESCALA,GNCC,RAD SOLAR,2025-06-05,OPERACION
4Y4Q,AGPE INDUSTRIAS MECAFOODS,SOLAR,NO DESPACHADO CENTRALMENTE,AUTOG PEQ. ESCALA,GNCC,RAD SOLAR,2025-06-05,OPERACION
4Y4S,AGPE GESTAR SALUD DE COLOMBIA IPS SAS II,SOLAR,NO DESPACHADO CENTRALMENTE,AUTOG PEQ. ESCALA,SCEC,RAD SOLAR,2025-06-05,OPERACION
4Y4U,AGPE NUTRICION Y RECURSOS DEL CARIBE SA,SOLAR,NO DESPACHADO CENTRALMENTE,AUTOG PEQ. ESCALA,SCEC,RAD SOLAR,2025-06-05,OPERACION
4Y4W,AGPE COFRA1,SOLAR,NO DESPACHADO CENTRALMENTE,AUTOG PEQ. ESCALA,ETTC,RAD SOLAR,2025-06-05,OPERACION
4Y59,AGPE 568 ARA AYAPEL CENTRO CRA 7,SOLAR,NO DESPACHADO CENTRALMENTE,AUTOG PEQ. ESCALA,NEUC,RAD SOLAR,2025-06-12,OPERACION
4Y5B,AGPE 505 ARA SANTA MARTA RODADERO CRA 2,SOLAR,NO DESPACHADO CENTRALMENTE,AUTOG PEQ. ESCALA,NEUC,RAD SOLAR,2025-06-12,OPERACION
4Y5D,AGPE TIENDA ARA 829 CNTV,SOLAR,NO DESPACHADO CENTRALMENTE,AUTOG PEQ. ESCALA,NEUC,RAD SOLAR,2025-06-12,OPERACION
4Y5F,AGPE TIENDA ARA 902,SOLAR,NO DESPACHADO CENTRALMENTE,AUTOG PEQ. ESCALA,NEUC,RAD SOLAR,2025-06-12,OPERACION
4Y5H,AGPE TIENDA ARA 720,SOLAR,NO DESPACHADO CENTRALMENTE,AUTOG PEQ. ESCALA,NEUC,RAD SOLAR,2025-06-12,OPERACION
4Y5J,AGPE SM MI FUTURO S VALLE,SOLAR,NO DESPACHADO CENTRALMENTE,AUTOG PEQ. ESCALA,NEUC,RAD SOLAR,2025-06-12,OPERACION
4Y5L,AGPE GEORGINA GALEANO DE ORTIZ,SOLAR,NO DESPACHADO CENTRALMENTE,AUTOG PEQ. ESCALA,NEUC,RAD SOLAR,2025-06-12,OPERACION
4Y5N,AGPE NAVITRANS MEDELLÍN 1,SOLAR,NO DESPACHADO CENTRALMENTE,AUTOG PEQ. ESCALA,NEUC,RAD SOLAR,2025-06-12,OPERACION
4Y5P,AGPE SSFV METALSUR 1,SOLAR,NO DESPACHADO CENTRALMENTE,AUTOG PEQ. ESCALA,ENDC,RAD SOLAR,2025-06-12,OPERACION
4Y5R,AGPE SSFV METALSUR 2,SOLAR,NO DESPACHADO CENTRALMENTE,AUTOG PEQ. ESCALA,ENDC,RAD SOLAR,2025-06-12,OPERACION
4Y5T,GD SAN MARTIN III,SOLAR,NO DESPACHADO CENTRALMENTE,GEN. DISTRIBUIDA,EMSG,RAD SOLAR,2025-06-15,OPERACION
4Y7Y,AGPE FERNANDO JOSE,SOLAR,NO DESPACHADO CENTRALMENTE,AUTOG PEQ. ESCALA,ETTC,RAD SOLAR,2025-06-12,OPERACION
4Y95,AGPE UDEA ROBLEDO,SOLAR,NO DESPACHADO CENTRALMENTE,AUTOG PEQ. ESCALA,EPMC,RAD SOLAR,2025-06-19,OPERACION
4Y97,AGPE FUERZA AÉREA COLOMBIA CACOM 5,SOLAR,NO DESPACHADO CENTRALMENTE,AUTOG PEQ. ESCALA,EPMC,RAD SOLAR,2025-06-19,OPERACION
4Y99,AGPE FUNDACIÓN EL ALCARAVÁN,SOLAR,NO DESPACHADO CENTRALMENTE,AUTOG PEQ. ESCALA,GNCC,RAD SOLAR,2025-06-19,OPERACION
4Y9B,AGPE SUERIMAS,SOLAR,NO DESPACHADO CENTRALMENTE,AUTOG PEQ. ESCALA,GNCC,RAD SOLAR,2025-06-19,OPERACION
4Y9D,AGPE JERONIMO MARTINS COLOMBIA SAS TIENDA 135,SOLAR,NO DESPACHADO CENTRALMENTE,AUTOG PEQ. ESCALA,GNCC,RAD SOLAR,2025-06-19,OPERACION
4Y9F,AGPE MARIA FERNANDA SOTO TABORDA  OFICINA JAG,SOLAR,NO DESPACHADO CENTRALMENTE,AUTOG PEQ. ESCALA,SCEC,RAD SOLAR,2025-06-19,OPERACION
4Y9H,AGPE JUANAUTOS EL CERRO SAS,SOLAR,NO DESPACHADO CENTRALMENTE,AUTOG PEQ. ESCALA,BIAC,RAD SOLAR,2025-06-19,OPERACION
4Y9J,AGPE PRO ORIENTE SAS,SOLAR,NO DESPACHADO CENTRALMENTE,AUTOG PEQ. ESCALA,BIAC,RAD SOLAR,2025-06-19,OPERACION
4Y9L,AGPE SSFV CASA OJEDA 20KW,SOLAR,NO DESPACHADO CENTRALMENTE,AUTOG PEQ. ESCALA,GNCC,RAD SOLAR,2025-06-19,OPERACION
4Y9N,AGPE ADOLFO RAMIREZ GODOY SINCELEJO,SOLAR,NO DESPACHADO CENTRALMENTE,AUTOG PEQ. ESCALA,SCEC,RAD SOLAR,2025-06-19,OPERACION
4YAU,AGPE  TIENDA ARA 731,SOLAR,NO DESPACHADO CENTRALMENTE,AUTOG PEQ. ESCALA,NEUC,RAD SOLAR,2025-06-19,OPERACION
4YAW,AUTOG PALMERAS DE LA COSTA,SOLAR,NO DESPACHADO CENTRALMENTE,AUTOGENERADOR,VESG,RAD SOLAR,2025-02-28,PRUEBAS
4YBE,AGPE EIS1,SOLAR,NO DESPACHADO CENTRALMENTE,AUTOG PEQ. ESCALA,ETTC,RAD SOLAR,2025-06-26,OPERACION
4YBI,AGPE NUTRIAVICOLA SA LA CATALINA,SOLAR,NO DESPACHADO CENTRALMENTE,AUTOG PEQ. ESCALA,EPSC,RAD SOLAR,2025-06-26,OPERACION
4YBK,AGPE CASA CURAL,SOLAR,NO DESPACHADO CENTRALMENTE,AUTOG PEQ. ESCALA,GNCC,RAD SOLAR,2025-06-26,OPERACION
4YBM,AGPE MPRETI1,SOLAR,NO DESPACHADO CENTRALMENTE,AUTOG PEQ. ESCALA,ETTC,RAD SOLAR,2025-06-26,OPERACION
4YBQ,AGPE MARIA TERESA HADDAD GARCIA APTO 202,SOLAR,NO DESPACHADO CENTRALMENTE,AUTOG PEQ. ESCALA,SCEC,RAD SOLAR,2025-06-26,OPERACION
4YBS,AGPE CC UNICENTRO ARMENIA,SOLAR,NO DESPACHADO CENTRALMENTE,AUTOG PEQ. ESCALA,EPMC,RAD SOLAR,2025-06-26,OPERACION
4YBU,AGPE TENNIS GOLF CLUB,SOLAR,NO DESPACHADO CENTRALMENTE,AUTOG PEQ. ESCALA,EPMC,RAD SOLAR,2025-06-26,OPERACION
4YBW,AGPE 536 ARA SANTA MARTA MANZANARES CRA 4,SOLAR,NO DESPACHADO CENTRALMENTE,AUTOG PEQ. ESCALA,NEUC,RAD SOLAR,2025-06-26,OPERACION
4YBY,AGPE 623 ARA SANTA MARTA GAIRA TRONCAL,SOLAR,NO DESPACHADO CENTRALMENTE,AUTOG PEQ. ESCALA,NEUC,RAD SOLAR,2025-06-26,OPERACION
4YC1,AGPE NAVITRANS MEDELLÍN 2,SOLAR,NO DESPACHADO CENTRALMENTE,AUTOG PEQ. ESCALA,NEUC,RAD SOLAR,2025-06-26,OPERACION
4YC3,AGPE 502 ARA LORICA CENTRO CALLE 4A,SOLAR,NO DESPACHADO CENTRALMENTE,AUTOG PEQ. ESCALA,NEUC,RAD SOLAR,2025-06-26,OPERACION
4YC5,AGPE LUIS GABRIEL DEGIOVANNI BEHAINE,SOLAR,NO DESPACHADO CENTRALMENTE,AUTOG PEQ. ESCALA,SCEC,RAD SOLAR,2025-06-26,OPERACION
4YC7,NAVITRANS BARRANQUILLA,SOLAR,NO DESPACHADO CENTRALMENTE,AUTOG PEQ. ESCALA,NEUC,RAD SOLAR,2025-06-26,OPERACION
4YC9,AGPE OSCAR PACHECO HERNANDEZ,SOLAR,NO DESPACHADO CENTRALMENTE,AUTOG PEQ. ESCALA,NEUC,RAD SOLAR,2025-06-26,OPERACION
4YCB,AGPE PORCÍCOLA LA SIRIA 1,SOLAR,NO DESPACHADO CENTRALMENTE,AUTOG PEQ. ESCALA,NEUC,RAD SOLAR,2025-06-26,OPERACION
4YCD,AGPE PARROQUIA SANTA MARIA MADRE Y REINA DE L,SOLAR,NO DESPACHADO CENTRALMENTE,AUTOG PEQ. ESCALA,NEUC,RAD SOLAR,2025-06-26,OPERACION
4YCF,SHANGRI LA,SOLAR,DESPACHADO CENTRALMENTE,NORMAL,ISGG,RAD SOLAR,2025-10-23,OPERACION
4YCH,AGPE MODA Y ESTILO FASHION,SOLAR,NO DESPACHADO CENTRALMENTE,AUTOG PEQ. ESCALA,GNCC,RAD SOLAR,2025-06-26,OPERACION
4YCJ,AGPE PLANTA AGUAZUL,SOLAR,NO DESPACHADO CENTRALMENTE,AUTOG PEQ. ESCALA,GNCC,RAD SOLAR,2025-06-26,OPERACION
4YCL,AGPE MANE COLOMBIA,SOLAR,NO DESPACHADO CENTRALMENTE,AUTOG PEQ. ESCALA,EPMC,RAD SOLAR,2025-06-26,OPERACION
4YCN,VILLANUEVA 1,TERMICA,DESPACHADO CENTRALMENTE,NORMAL,RFVG,BIOMASA,2025-10-02,OPERACION
4YCP,AGPE SM MI FUTURO LA PAZ,SOLAR,NO DESPACHADO CENTRALMENTE,AUTOG PEQ. ESCALA,NEUC,RAD SOLAR,2025-06-26,OPERACION
4YFN,AGPE COLEGIO SAGRADA FAMILIA VALLEDUPAR,SOLAR,NO DESPACHADO CENTRALMENTE,AUTOG PEQ. ESCALA,SCEC,RAD SOLAR,2025-07-01,OPERACION
4YGL,AGPE FRIGOMETRO GIRON,SOLAR,NO DESPACHADO CENTRALMENTE,AUTOG PEQ. ESCALA,ISGC,RAD SOLAR,2025-07-01,OPERACION
4YGR,AGPE FARMATODO CALI LA FLORA,SOLAR,NO DESPACHADO CENTRALMENTE,AUTOG PEQ. ESCALA,GNCC,RAD SOLAR,2025-07-03,OPERACION
4YGT,AGPE CINDY PAOLA GIL,SOLAR,NO DESPACHADO CENTRALMENTE,AUTOG PEQ. ESCALA,GNCC,RAD SOLAR,2025-07-03,OPERACION
4YGV,AGPE MOTEL FUERTE PARAISO,SOLAR,NO DESPACHADO CENTRALMENTE,AUTOG PEQ. ESCALA,GNCC,RAD SOLAR,2025-07-03,OPERACION
4YGX,AGPE COCINAS CARIBE,SOLAR,NO DESPACHADO CENTRALMENTE,AUTOG PEQ. ESCALA,GNCC,RAD SOLAR,2025-07-03,OPERACION
4YGZ,AGPE HACIENDA LA ESPERANZA 2,SOLAR,NO DESPACHADO CENTRALMENTE,AUTOG PEQ. ESCALA,GNCC,RAD SOLAR,2025-07-03,OPERACION
4YH2,AGPE CALZACOSTA BODEGA,SOLAR,NO DESPACHADO CENTRALMENTE,AUTOG PEQ. ESCALA,GNCC,RAD SOLAR,2025-07-03,OPERACION
4YH4,AGPE SANTIAGO SCRAP SAS,SOLAR,NO DESPACHADO CENTRALMENTE,AUTOG PEQ. ESCALA,EPSC,RAD SOLAR,2025-07-03,OPERACION
4YH6,AGPE JERONIMO MARTINS COLOMBIA SAS TIENDA 747,SOLAR,NO DESPACHADO CENTRALMENTE,AUTOG PEQ. ESCALA,GNCC,RAD SOLAR,2025-07-03,OPERACION
4YH8,AGPE FARMATODO CALI CIUDAD JARDIN,SOLAR,NO DESPACHADO CENTRALMENTE,AUTOG PEQ. ESCALA,GNCC,RAD SOLAR,2025-07-03,OPERACION
4YHA,AGPE 578 ARA SOLEDAD 2000,SOLAR,NO DESPACHADO CENTRALMENTE,AUTOG PEQ. ESCALA,NEUC,RAD SOLAR,2025-07-03,OPERACION
4YHC,AGPE 590 ARA BARRANQUILLA EL PUEBLITO,SOLAR,NO DESPACHADO CENTRALMENTE,AUTOG PEQ. ESCALA,NEUC,RAD SOLAR,2025-07-03,OPERACION
4YHE,AGPE LEILA PATRICIA NADER ORDOSGOITIA,SOLAR,NO DESPACHADO CENTRALMENTE,AUTOG PEQ. ESCALA,SCEC,RAD SOLAR,2025-07-03,OPERACION
4YHG,AGPE ESTACION SERVICIO PRIMAX,SOLAR,NO DESPACHADO CENTRALMENTE,AUTOG PEQ. ESCALA,NEUC,RAD SOLAR,2025-07-03,OPERACION
4YHI,AGPE TIENDA ARA 770,SOLAR,NO DESPACHADO CENTRALMENTE,AUTOG PEQ. ESCALA,NEUC,RAD SOLAR,2025-07-03,OPERACION
4YHK,AGPE PRIMAX GUALANDAY,SOLAR,NO DESPACHADO CENTRALMENTE,AUTOG PEQ. ESCALA,NEUC,RAD SOLAR,2025-07-03,OPERACION
4YHM,AGPE ANGELA PATRICIA MORALES AVILA,SOLAR,NO DESPACHADO CENTRALMENTE,AUTOG PEQ. ESCALA,SCEC,RAD SOLAR,2025-07-03,OPERACION
4YHO,AGPE EDIFICIO GONDOLA PROPIEDAD HORIZONTAL,SOLAR,NO DESPACHADO CENTRALMENTE,AUTOG PEQ. ESCALA,SCEC,RAD SOLAR,2025-07-03,OPERACION
4YJU,AGPE INVERSIONES EJEMAR SAS,SOLAR,NO DESPACHADO CENTRALMENTE,AUTOG PEQ. ESCALA,GNCC,RAD SOLAR,2025-07-03,OPERACION
4YJW,AGPE AGPE CENTRO EMPRESARIAL DANN FINANCIERA,SOLAR,NO DESPACHADO CENTRALMENTE,AUTOG PEQ. ESCALA,GNCC,RAD SOLAR,2025-07-03,OPERACION
4YJY,AGPE HACIENDA PICHINDE,SOLAR,NO DESPACHADO CENTRALMENTE,AUTOG PEQ. ESCALA,GNCC,RAD SOLAR,2025-07-03,OPERACION
4YKB,SOLAR PN I,SOLAR,NO DESPACHADO CENTRALMENTE,NORMAL,GNCG,RAD SOLAR,2024-12-31,PRUEBAS
4YKD,AGPE AVMONTEOSCURO,SOLAR,NO DESPACHADO CENTRALMENTE,AUTOG PEQ. ESCALA,GNCC,RAD SOLAR,2025-07-03,OPERACION
4YL2,GD GRANJA LA RUBIELA,SOLAR,NO DESPACHADO CENTRALMENTE,GEN. DISTRIBUIDA,DUCG,RAD SOLAR,2025-07-19,OPERACION
4YL4,AGPE PANAL RIO,SOLAR,NO DESPACHADO CENTRALMENTE,AUTOG PEQ. ESCALA,EPMC,RAD SOLAR,2025-07-10,OPERACION
4YL6,AGPE LATIN1,SOLAR,NO DESPACHADO CENTRALMENTE,AUTOG PEQ. ESCALA,ETTC,RAD SOLAR,2025-07-10,OPERACION
4YL8,PETALO DEL NORTE DE SANTANDER I,SOLAR,NO DESPACHADO CENTRALMENTE,NORMAL,ERRG,RAD SOLAR,2026-07-31,OPERACION
4YLA,GD ALEJANDRIA I,SOLAR,NO DESPACHADO CENTRALMENTE,GEN. DISTRIBUIDA,PRIG,RAD SOLAR,2025-08-22,OPERACION
4YLC,GD ALEJANDRIA III,SOLAR,NO DESPACHADO CENTRALMENTE,GEN. DISTRIBUIDA,PRIG,RAD SOLAR,2025-10-24,OPERACION
4YLE,GD ALEJANDRIA II,SOLAR,NO DESPACHADO CENTRALMENTE,GEN. DISTRIBUIDA,PRIG,RAD SOLAR,2025-10-24,OPERACION
4YLG,AGPE ENRIQUE JOSE VEGA PINEDA,SOLAR,NO DESPACHADO CENTRALMENTE,AUTOG PEQ. ESCALA,SCEC,RAD SOLAR,2025-07-10,OPERACION
4YLI,AGPE GLORIA DEL CARMEN LACHARME ARTEAGA,SOLAR,NO DESPACHADO CENTRALMENTE,AUTOG PEQ. ESCALA,SCEC,RAD SOLAR,2025-07-10,OPERACION
4YLK,DELTA I,SOLAR,NO DESPACHADO CENTRALMENTE,GEN. DISTRIBUIDA,UNGG,RAD SOLAR,2025-07-13,OPERACION
4YLM,POLARIS I,SOLAR,NO DESPACHADO CENTRALMENTE,GEN. DISTRIBUIDA,UNGG,RAD SOLAR,2025-07-13,OPERACION
4YLO,SAN ONOFRE,SOLAR,NO DESPACHADO CENTRALMENTE,GEN. DISTRIBUIDA,UNGG,RAD SOLAR,2025-07-13,OPERACION
4YOP,AGPE PAN SANTANA,SOLAR,NO DESPACHADO CENTRALMENTE,AUTOG PEQ. ESCALA,GNCC,RAD SOLAR,2025-07-17,OPERACION
4YOR,AGPE TOPFLG1,SOLAR,NO DESPACHADO CENTRALMENTE,AUTOG PEQ. ESCALA,ETTC,RAD SOLAR,2025-07-17,OPERACION
4Z4G,AGPE PRIMAX DORADA,SOLAR,NO DESPACHADO CENTRALMENTE,AUTOG PEQ. ESCALA,NEUC,RAD SOLAR,2025-07-17,OPERACION
4Z4I,AGPE AUTOGAS EDS COLTEJER,SOLAR,NO DESPACHADO CENTRALMENTE,AUTOG PEQ. ESCALA,NEUC,RAD SOLAR,2025-07-17,OPERACION
4Z63,AGPE PLANTA NELSON POLO,SOLAR,NO DESPACHADO CENTRALMENTE,AUTOG PEQ. ESCALA,GNCC,RAD SOLAR,2025-07-24,OPERACION
4Z65,AGPE JERONIMO MARTINS COLOMBIA SAS TIENDA 130,SOLAR,NO DESPACHADO CENTRALMENTE,AUTOG PEQ. ESCALA,GNCC,RAD SOLAR,2025-07-24,OPERACION
4Z69,AGPE FONDO DE EMPLEADOS BANCO BBVA,SOLAR,NO DESPACHADO CENTRALMENTE,AUTOG PEQ. ESCALA,NEUC,RAD SOLAR,2025-07-24,OPERACION
4Z6B,AGPE SUPERMERCADO PUNTO ROJO JD,SOLAR,NO DESPACHADO CENTRALMENTE,AUTOG PEQ. ESCALA,NEUC,RAD SOLAR,2025-07-24,OPERACION
4Z6D,AGPE COLEGIO SMART,SOLAR,NO DESPACHADO CENTRALMENTE,AUTOG PEQ. ESCALA,NEUC,RAD SOLAR,2025-07-24,OPERACION
4Z6F,AGPE ALEJANDRO HAGE TAFACHE LOCAL 2,SOLAR,NO DESPACHADO CENTRALMENTE,AUTOG PEQ. ESCALA,ENBC,RAD SOLAR,2025-07-24,OPERACION
4Z6H,AGPE ALEJANDRO HAGE TAFACHE LOCAL 3,SOLAR,NO DESPACHADO CENTRALMENTE,AUTOG PEQ. ESCALA,ENBC,RAD SOLAR,2025-07-24,OPERACION
4Z6J,AGPE MINERCONDOR SAS,SOLAR,NO DESPACHADO CENTRALMENTE,AUTOG PEQ. ESCALA,GNCC,RAD SOLAR,2025-07-24,OPERACION
4Z6L,AGPE INDUSTRIAS SAGA DE COLOMBIA SAS PROYECT 1,SOLAR,NO DESPACHADO CENTRALMENTE,AUTOG PEQ. ESCALA,GNCC,RAD SOLAR,2025-07-24,OPERACION
4Z6N,AGPE MOTEL PUNTO G,SOLAR,NO DESPACHADO CENTRALMENTE,AUTOG PEQ. ESCALA,GNCC,RAD SOLAR,2025-07-24,OPERACION
4Z6P,AGPE PRIMAX BUCARAMANGA,SOLAR,NO DESPACHADO CENTRALMENTE,AUTOG PEQ. ESCALA,NEUC,RAD SOLAR,2025-07-24,OPERACION
4Z6R,AGPE FELIPE ANDRES PRIETO ARBELAEZ,SOLAR,NO DESPACHADO CENTRALMENTE,AUTOG PEQ. ESCALA,ENBC,RAD SOLAR,2025-07-24,OPERACION
4Z8H,ZAMBRANO II,SOLAR,NO DESPACHADO CENTRALMENTE,NORMAL,DEPG,RAD SOLAR,2024-07-31,PRUEBAS
4Z8J,AGPE SUZUKI MOTOR DE COLOMBIA SA,SOLAR,NO DESPACHADO CENTRALMENTE,AUTOG PEQ. ESCALA,EEPC,RAD SOLAR,2025-07-24,OPERACION
4Z8L,MINIGRANJA SAN DIEGO SUR,SOLAR,NO DESPACHADO CENTRALMENTE,GEN. DISTRIBUIDA,UNGG,RAD SOLAR,2025-12-07,OPERACION
4Z8N,MINIGRANJA EL JOROPO,SOLAR,NO DESPACHADO CENTRALMENTE,GEN. DISTRIBUIDA,UNGG,RAD SOLAR,2026-06-20,OPERACION
4Z8P,MINIGRANJA EL MAPALE,SOLAR,NO DESPACHADO CENTRALMENTE,GEN. DISTRIBUIDA,UNGG,RAD SOLAR,2026-06-20,OPERACION
4Z8R,AGPE APC FRIGORIFICO ZF,SOLAR,NO DESPACHADO CENTRALMENTE,AUTOG PEQ. ESCALA,QIEC,RAD SOLAR,2025-07-24,OPERACION
4Z8T,GD ENCANTO,SOLAR,NO DESPACHADO CENTRALMENTE,GEN. DISTRIBUIDA,NTCG,RAD SOLAR,2025-09-25,OPERACION
4Z8V,AGPE COLEGIO COLOMBO ESPANOL DE BARRANQUILLA,SOLAR,NO DESPACHADO CENTRALMENTE,AUTOG PEQ. ESCALA,SCEC,RAD SOLAR,2025-07-24,OPERACION
4Z95,AGPE LEOTECNICAS LTDA,SOLAR,NO DESPACHADO CENTRALMENTE,AUTOG PEQ. ESCALA,GNCC,RAD SOLAR,2025-07-24,OPERACION
4Z97,AGPE INDUSTRIAS SAGA DE COLOMBIA SAS PROYECTO,SOLAR,NO DESPACHADO CENTRALMENTE,AUTOG PEQ. ESCALA,GNCC,RAD SOLAR,2025-07-24,OPERACION
4Z9G,AGPE SUPERMERCADOS MAS POR MENOS SAS GUARIN,SOLAR,NO DESPACHADO CENTRALMENTE,AUTOG PEQ. ESCALA,GNCC,RAD SOLAR,2025-07-31,OPERACION
4Z9I,AGPE JERONIMO MARTINS COLOMBIA SAS TIENDA 792,SOLAR,NO DESPACHADO CENTRALMENTE,AUTOG PEQ. ESCALA,GNCC,RAD SOLAR,2025-07-31,OPERACION
4Z9K,AGPE CARLOS BUITRAGO BUITRAGO,SOLAR,NO DESPACHADO CENTRALMENTE,AUTOG PEQ. ESCALA,GNCC,RAD SOLAR,2025-07-31,OPERACION
4Z9M,AGPE VALERIA HINCAPIE LOPEZ,SOLAR,NO DESPACHADO CENTRALMENTE,AUTOG PEQ. ESCALA,SCEC,RAD SOLAR,2025-07-31,OPERACION
4Z9O,AGPE PLASTICOS DEL GREMIO CAFETERO S A,SOLAR,NO DESPACHADO CENTRALMENTE,AUTOG PEQ. ESCALA,EEPC,RAD SOLAR,2025-07-31,OPERACION
4Z9Q,SOLAR ARDOBELA I,SOLAR,NO DESPACHADO CENTRALMENTE,NORMAL,ECBG,RAD SOLAR,2025-12-24,OPERACION
4Z9S,SOLAR ARDOBELA II,SOLAR,NO DESPACHADO CENTRALMENTE,NORMAL,ECBG,RAD SOLAR,2025-12-24,OPERACION
4Z9U,AGPE CENTRO DE DIAGNOSTICO AUTOMOTOR PLANETA,SOLAR,NO DESPACHADO CENTRALMENTE,AUTOG PEQ. ESCALA,SCEC,RAD SOLAR,2025-07-31,OPERACION
4Z9W,AGPE MOTEL ALADDIN 4M,SOLAR,NO DESPACHADO CENTRALMENTE,AUTOG PEQ. ESCALA,GNCC,RAD SOLAR,2025-07-31,OPERACION
4ZCO,AGPE AVICOLA LAS PALMAS,SOLAR,NO DESPACHADO CENTRALMENTE,AUTOG PEQ. ESCALA,EPSC,RAD SOLAR,2025-08-01,OPERACION
4ZCQ,AGPE TORRES DE COMFANDI,SOLAR,NO DESPACHADO CENTRALMENTE,AUTOG PEQ. ESCALA,EPSC,RAD SOLAR,2025-08-01,OPERACION
4ZE5,AGPE DISPENSADORA DE COMBUSTIBLES SAS,SOLAR,NO DESPACHADO CENTRALMENTE,AUTOG PEQ. ESCALA,SCEC,RAD SOLAR,2025-08-07,OPERACION
4ZE7,AGPE LIA MARINA BAUTISTA MURCIA,SOLAR,NO DESPACHADO CENTRALMENTE,AUTOG PEQ. ESCALA,ENBC,RAD SOLAR,2025-08-07,OPERACION
4ZE9,AGPE ESTADERO HOLLYWOOD 4M,SOLAR,NO DESPACHADO CENTRALMENTE,AUTOG PEQ. ESCALA,GNCC,RAD SOLAR,2025-08-07,OPERACION
4ZEB,AGPE GRUPO DORISA SAS 41,SOLAR,NO DESPACHADO CENTRALMENTE,AUTOG PEQ. ESCALA,SCEC,RAD SOLAR,2025-08-07,OPERACION
4ZED,AGPE 455 ARA BARRANQUILLA LA VICTORIA,SOLAR,NO DESPACHADO CENTRALMENTE,AUTOG PEQ. ESCALA,NEUC,RAD SOLAR,2025-08-07,OPERACION
4ZEF,AGPE 447 ARA BARRANQUILLA SANTUARIO,SOLAR,NO DESPACHADO CENTRALMENTE,AUTOG PEQ. ESCALA,NEUC,RAD SOLAR,2025-08-07,OPERACION
4ZEH,AGPE SSFV HOTEL SAN FRANCISCO,SOLAR,NO DESPACHADO CENTRALMENTE,AUTOG PEQ. ESCALA,GNCC,RAD SOLAR,2025-08-07,OPERACION
4ZEJ,AGPE COLEGIO COLOMBO BRITÁNICO,SOLAR,NO DESPACHADO CENTRALMENTE,AUTOG PEQ. ESCALA,GNCC,RAD SOLAR,2025-08-07,OPERACION
4ZEL,AGPE JORGE A AGUILAR,SOLAR,NO DESPACHADO CENTRALMENTE,AUTOG PEQ. ESCALA,GNCC,RAD SOLAR,2025-08-07,OPERACION
4ZEN,AGPE ALMATEC,SOLAR,NO DESPACHADO CENTRALMENTE,AUTOG PEQ. ESCALA,GNCC,RAD SOLAR,2025-08-07,OPERACION
4ZEP,GD ERCO MARIANGOLA,SOLAR,NO DESPACHADO CENTRALMENTE,GEN. DISTRIBUIDA,ERRG,RAD SOLAR,2025-08-13,OPERACION
4ZHX,AGPE HIERBAS Y PLANTAS TROPICALES SAS,SOLAR,NO DESPACHADO CENTRALMENTE,AUTOG PEQ. ESCALA,GNCC,RAD SOLAR,2025-08-07,OPERACION
4ZIC,AGPE WILSON JARAMILLO GOMEZ,SOLAR,NO DESPACHADO CENTRALMENTE,AUTOG PEQ. ESCALA,SCEC,RAD SOLAR,2025-08-14,OPERACION
4ZIE,AGPE CAROLINA CIFUENTES ZULUAGA,SOLAR,NO DESPACHADO CENTRALMENTE,AUTOG PEQ. ESCALA,ENBC,RAD SOLAR,2025-08-14,OPERACION
4ZIG,AGPE DIAZ CRISSIEN CORPORATION SAS,SOLAR,NO DESPACHADO CENTRALMENTE,AUTOG PEQ. ESCALA,GNCC,RAD SOLAR,2025-08-14,OPERACION
4ZII,AGPE APC FRIGORIFICOS BODEGA 105,SOLAR,NO DESPACHADO CENTRALMENTE,AUTOG PEQ. ESCALA,GNCC,RAD SOLAR,2025-08-14,OPERACION
4ZIK,AGPE STO 211 SANTA MARTA,SOLAR,NO DESPACHADO CENTRALMENTE,AUTOG PEQ. ESCALA,GNCC,RAD SOLAR,2025-08-14,OPERACION
4ZIM,AGPE STO 226 MAICAO 2,SOLAR,NO DESPACHADO CENTRALMENTE,AUTOG PEQ. ESCALA,GNCC,RAD SOLAR,2025-08-14,OPERACION
4ZIO,GD BLANCA ENERGY I,SOLAR,NO DESPACHADO CENTRALMENTE,GEN. DISTRIBUIDA,CTEG,RAD SOLAR,2025-08-17,OPERACION
4ZIQ,AGPE JAVIER ALBERTO BARRIOS VERHELST,SOLAR,NO DESPACHADO CENTRALMENTE,AUTOG PEQ. ESCALA,ENBC,RAD SOLAR,2025-08-14,OPERACION
4ZIS,GD BLANCA ENERGY II,SOLAR,NO DESPACHADO CENTRALMENTE,GEN. DISTRIBUIDA,CTEG,RAD SOLAR,2025-08-17,OPERACION
5ACK,AGPE ROTOPLAST,SOLAR,NO DESPACHADO CENTRALMENTE,AUTOG PEQ. ESCALA,ISGC,RAD SOLAR,2025-08-16,OPERACION
5ACW,AGPE ERIS DAVID CACERES GOMEZ,SOLAR,NO DESPACHADO CENTRALMENTE,AUTOG PEQ. ESCALA,ENBC,RAD SOLAR,2025-08-20,OPERACION
5ACZ,AGPE EXXON MOBIL,SOLAR,NO DESPACHADO CENTRALMENTE,AUTOG PEQ. ESCALA,EMIC,RAD SOLAR,2025-08-21,OPERACION
5AD2,AGPE LIGIA ROSA OLIVERA MONROY,SOLAR,NO DESPACHADO CENTRALMENTE,AUTOG PEQ. ESCALA,ENBC,RAD SOLAR,2025-08-21,OPERACION
5AD4,AUTOG CORONA SOPO,SOLAR,NO DESPACHADO CENTRALMENTE,AUTOGENERADOR,ENDG,RAD SOLAR,2025-07-31,PRUEBAS
5AD6,AGPE JAHNN HELMUTH SCHMALBACH ZABALETA,SOLAR,NO DESPACHADO CENTRALMENTE,AUTOG PEQ. ESCALA,SCEC,RAD SOLAR,2025-08-21,OPERACION
5AD8,AGPE JERONIMO MARTINS CÚCUTA,SOLAR,NO DESPACHADO CENTRALMENTE,AUTOG PEQ. ESCALA,EEPC,RAD SOLAR,2025-08-21,OPERACION
5AMK,AGPE TIENDA ARA 1090,SOLAR,NO DESPACHADO CENTRALMENTE,AUTOG PEQ. ESCALA,NEUC,RAD SOLAR,2025-08-21,OPERACION
5AMM,AGPE PRIMAX COLOMBIA SA 2,SOLAR,NO DESPACHADO CENTRALMENTE,AUTOG PEQ. ESCALA,NEUC,RAD SOLAR,2025-08-21,OPERACION
5AMO,AGPE SIRB SOCIEDAD INVERSORA DE RESTAURANTES,SOLAR,NO DESPACHADO CENTRALMENTE,AUTOG PEQ. ESCALA,NEUC,RAD SOLAR,2025-08-21,OPERACION
5AMQ,AGPE TIENDA ARA 1010,SOLAR,NO DESPACHADO CENTRALMENTE,AUTOG PEQ. ESCALA,NEUC,RAD SOLAR,2025-08-21,OPERACION
5AO5,AGPE  LIGIA ESTHER ANILLO DE ARGUELLO,SOLAR,NO DESPACHADO CENTRALMENTE,AUTOG PEQ. ESCALA,ENBC,RAD SOLAR,2025-08-22,OPERACION
5AS5,AGPE DISTRIBUCIONES CASALINS AL SAS ZOMAC,SOLAR,NO DESPACHADO CENTRALMENTE,AUTOG PEQ. ESCALA,GNCC,RAD SOLAR,2025-08-08,OPERACION
5AS7,AGPE LOCAL LUIS ALBERTO SALAZAR,SOLAR,NO DESPACHADO CENTRALMENTE,AUTOG PEQ. ESCALA,BIAC,RAD SOLAR,2025-08-28,OPERACION
5AS9,AGPE AMARIA REPOSTERIA SAS,SOLAR,NO DESPACHADO CENTRALMENTE,AUTOG PEQ. ESCALA,BIAC,RAD SOLAR,2025-08-28,OPERACION
5ASB,AGPE SEDE PRINCIPAL V Y A FASHION SAS,SOLAR,NO DESPACHADO CENTRALMENTE,AUTOG PEQ. ESCALA,BIAC,RAD SOLAR,2025-08-28,OPERACION
5ASD,AGPE HL OPERADORES SAS,SOLAR,NO DESPACHADO CENTRALMENTE,AUTOG PEQ. ESCALA,BIAC,RAD SOLAR,2025-08-28,OPERACION
5ASH,AGPE SUPERMERCADOS MAS POR MENOS SAS CR 27,SOLAR,NO DESPACHADO CENTRALMENTE,AUTOG PEQ. ESCALA,GNCC,RAD SOLAR,2025-08-28,OPERACION
5ASJ,AGPE JERONIMO MARTINS COLOMBIA SAS TIENDA 690,SOLAR,NO DESPACHADO CENTRALMENTE,AUTOG PEQ. ESCALA,GNCC,RAD SOLAR,2025-08-28,OPERACION
5ASL,AGPE SISTEMA SOLAR FRISBY TULUA,SOLAR,NO DESPACHADO CENTRALMENTE,AUTOG PEQ. ESCALA,GNCC,RAD SOLAR,2025-08-28,OPERACION
5ASN,AGPE ALMACENES PARAISO CRA19,SOLAR,NO DESPACHADO CENTRALMENTE,AUTOG PEQ. ESCALA,GNCC,RAD SOLAR,2025-08-28,OPERACION
5ASP,AGPE NAUTICA INTEGRAL SAS,SOLAR,NO DESPACHADO CENTRALMENTE,AUTOG PEQ. ESCALA,SCEC,RAD SOLAR,2025-08-28,OPERACION
5ASR,AGPE SUPERMERCADO TODO EN UNO PARQUE REAL,SOLAR,NO DESPACHADO CENTRALMENTE,AUTOG PEQ. ESCALA,GNCC,RAD SOLAR,2025-08-28,OPERACION
5AST,AGPE  SUPERMERCADO TODO EN UNO PLAYA HERMOSA,SOLAR,NO DESPACHADO CENTRALMENTE,AUTOG PEQ. ESCALA,GNCC,RAD SOLAR,2025-08-28,OPERACION
5ASV,AGPE CENTRO FRUVER DEL LLANO 3,SOLAR,NO DESPACHADO CENTRALMENTE,AUTOG PEQ. ESCALA,GNCC,RAD SOLAR,2025-08-28,OPERACION
5ASX,AGPE STO 752 VALLEDUPAR,SOLAR,NO DESPACHADO CENTRALMENTE,AUTOG PEQ. ESCALA,GNCC,RAD SOLAR,2025-08-28,OPERACION
5ATT,AGPE BIENTRA SAS,SOLAR,NO DESPACHADO CENTRALMENTE,AUTOG PEQ. ESCALA,SCEC,RAD SOLAR,2025-09-01,OPERACION
5ATU,AGPE HERMANAS TERCIARIAS CAPUCHINAS PROVINCIA,SOLAR,NO DESPACHADO CENTRALMENTE,AUTOG PEQ. ESCALA,SCEC,RAD SOLAR,2025-09-01,OPERACION
5ATZ,AGPE STO 352 DOS QUEBRADAS,SOLAR,NO DESPACHADO CENTRALMENTE,AUTOG PEQ. ESCALA,GNCC,RAD SOLAR,2025-09-04,OPERACION
5AU2,AGPE ARA 178 COTA CENTRO,SOLAR,NO DESPACHADO CENTRALMENTE,AUTOG PEQ. ESCALA,GNCC,RAD SOLAR,2025-09-04,OPERACION
5AU4,AGPE GRANJA CARACOLI,SOLAR,NO DESPACHADO CENTRALMENTE,AUTOG PEQ. ESCALA,GNCC,RAD SOLAR,2025-09-04,OPERACION
5AU6,AGPE SUPERMERCADO LOS MONTES CEIBA II,SOLAR,NO DESPACHADO CENTRALMENTE,AUTOG PEQ. ESCALA,GNCC,RAD SOLAR,2025-09-04,OPERACION
5AU8,AGPE ARA 307 BARRANCA DOS,SOLAR,NO DESPACHADO CENTRALMENTE,AUTOG PEQ. ESCALA,GNCC,RAD SOLAR,2025-09-04,OPERACION
5AUA,AGPE 276 MINUTO DE DIOS,SOLAR,NO DESPACHADO CENTRALMENTE,AUTOG PEQ. ESCALA,GNCC,RAD SOLAR,2025-09-04,OPERACION
5AUC,AGPE HOTELSH1,SOLAR,NO DESPACHADO CENTRALMENTE,AUTOG PEQ. ESCALA,ETTC,RAD SOLAR,2025-09-04,OPERACION
5AUE,GD PXV I,SOLAR,NO DESPACHADO CENTRALMENTE,GEN. DISTRIBUIDA,ESNG,RAD SOLAR,2025-10-10,OPERACION
5AUG,GD PXV IV,SOLAR,NO DESPACHADO CENTRALMENTE,GEN. DISTRIBUIDA,ESNG,RAD SOLAR,2025-10-10,OPERACION
5AUI,AGPE RESTAURANTE LA MATRIARCA BQ,SOLAR,NO DESPACHADO CENTRALMENTE,AUTOG PEQ. ESCALA,GNCC,RAD SOLAR,2025-09-04,OPERACION
5AUK,AGPE HOTEL SUITE IMPERIAL INN,SOLAR,NO DESPACHADO CENTRALMENTE,AUTOG PEQ. ESCALA,GNCC,RAD SOLAR,2025-09-04,OPERACION
5AUM,GD GRANJA SAN PELAYO,SOLAR,NO DESPACHADO CENTRALMENTE,GEN. DISTRIBUIDA,DUCG,RAD SOLAR,2025-10-17,OPERACION
5AUO,AGPE FRANCISCO FRANCO RUEDA,SOLAR,NO DESPACHADO CENTRALMENTE,AUTOG PEQ. ESCALA,ENBC,RAD SOLAR,2025-09-04,OPERACION
5AX2,AGPE STO 587 TULUA CANASTA,SOLAR,NO DESPACHADO CENTRALMENTE,AUTOG PEQ. ESCALA,GNCC,RAD SOLAR,2025-09-11,OPERACION
5AX4,AGPE HOTLE MIRAVAL,SOLAR,NO DESPACHADO CENTRALMENTE,AUTOG PEQ. ESCALA,GNCC,RAD SOLAR,2025-09-11,OPERACION
5AX6,AGPE INVERSIONES YENC SAS,SOLAR,NO DESPACHADO CENTRALMENTE,AUTOG PEQ. ESCALA,GNCC,RAD SOLAR,2025-09-11,OPERACION
5AX8,AGPE AVICOLA LA LIBERTAD SAS,SOLAR,NO DESPACHADO CENTRALMENTE,AUTOG PEQ. ESCALA,GNCC,RAD SOLAR,2025-09-11,OPERACION
5AXA,AGPE HOTEL EL TESORO,SOLAR,NO DESPACHADO CENTRALMENTE,AUTOG PEQ. ESCALA,GNCC,RAD SOLAR,2025-09-11,OPERACION
5AXC,VALLEDUPAR II,SOLAR,NO DESPACHADO CENTRALMENTE,NORMAL,EPSG,RAD SOLAR,2025-07-31,PRUEBAS
5AXE,VALLEDUPAR I,SOLAR,NO DESPACHADO CENTRALMENTE,NORMAL,EPSG,RAD SOLAR,2025-07-31,PRUEBAS
5AXG,VALLEDUPAR III,SOLAR,NO DESPACHADO CENTRALMENTE,NORMAL,EPSG,RAD SOLAR,2025-07-31,PRUEBAS
5AXI,GD PARQUE SOLAR GRANADA I,SOLAR,NO DESPACHADO CENTRALMENTE,GEN. DISTRIBUIDA,EMSG,RAD SOLAR,2025-09-14,OPERACION
5AXM,AGPE COOPERATIVA MULTIACTIVA LOS FUNDADORES OFICINA,SOLAR,NO DESPACHADO CENTRALMENTE,AUTOG PEQ. ESCALA,ENBC,RAD SOLAR,2025-09-11,OPERACION
5AXO,AGPE COOPERATIVA MULTIACTIVA LOS FUNDADORES,SOLAR,NO DESPACHADO CENTRALMENTE,AUTOG PEQ. ESCALA,ENBC,RAD SOLAR,2025-09-11,OPERACION
5AXQ,AGPE RICARDO SOJO GUZMAN,SOLAR,NO DESPACHADO CENTRALMENTE,AUTOG PEQ. ESCALA,ENBC,RAD SOLAR,2025-09-11,OPERACION
5AYB,AGPE FARMATODO AVENIDA CERO,SOLAR,NO DESPACHADO CENTRALMENTE,AUTOG PEQ. ESCALA,RTQC,RAD SOLAR,2025-09-11,OPERACION
5AYX,AGPE JAVIER MARTIN RUBIO RODRIGUEZ,SOLAR,NO DESPACHADO CENTRALMENTE,AUTOG PEQ. ESCALA,SCEC,RAD SOLAR,2025-09-11,OPERACION
5B15,GD MGS 0013 LA MESA,SOLAR,NO DESPACHADO CENTRALMENTE,GEN. DISTRIBUIDA,UNGG,RAD SOLAR,2026-02-26,OPERACION
5BPT,GD DELTA II,SOLAR,NO DESPACHADO CENTRALMENTE,GEN. DISTRIBUIDA,BIAG,RAD SOLAR,2025-09-21,OPERACION
5BPV,AGPE COMFANDI MORICHAL,SOLAR,NO DESPACHADO CENTRALMENTE,AUTOG PEQ. ESCALA,EPSC,RAD SOLAR,2025-09-18,OPERACION
5BPX,GD AGUSTIN I,SOLAR,NO DESPACHADO CENTRALMENTE,GEN. DISTRIBUIDA,UNGG,RAD SOLAR,2026-01-24,OPERACION
5BPZ,AGPE ROYAL FILMS SAS BUGA,SOLAR,NO DESPACHADO CENTRALMENTE,AUTOG PEQ. ESCALA,QIEC,RAD SOLAR,2025-09-18,OPERACION
5BQ2,AGPE AGRICOLA COLOMBIANA GRANJA EL LIMON,SOLAR,NO DESPACHADO CENTRALMENTE,AUTOG PEQ. ESCALA,EPSC,RAD SOLAR,2025-09-18,OPERACION
5BQ4,AGPE ROMARCO,SOLAR,NO DESPACHADO CENTRALMENTE,AUTOG PEQ. ESCALA,EPSC,RAD SOLAR,2025-09-18,OPERACION
5BQ6,AGPE ELBA ESTELLA FABRA MEZA,SOLAR,NO DESPACHADO CENTRALMENTE,AUTOG PEQ. ESCALA,SCEC,RAD SOLAR,2025-09-18,OPERACION
5BQ8,AGPE ROYAL FILMS SAS LA 14,SOLAR,NO DESPACHADO CENTRALMENTE,AUTOG PEQ. ESCALA,QIEC,RAD SOLAR,2025-09-18,OPERACION
5BQA,GD POLARIS II,SOLAR,NO DESPACHADO CENTRALMENTE,GEN. DISTRIBUIDA,UNGG,RAD SOLAR,2025-09-21,OPERACION
5C9H,AGPE 331 PARQUE CENTRAL,SOLAR,NO DESPACHADO CENTRALMENTE,AUTOG PEQ. ESCALA,GNCC,RAD SOLAR,2025-09-25,OPERACION
5C9J,AGPE ARA LAS DELICIAS,SOLAR,NO DESPACHADO CENTRALMENTE,AUTOG PEQ. ESCALA,GNCC,RAD SOLAR,2025-09-25,OPERACION
5C9L,AGPE ARA SAN JOSE DE PRADERA,SOLAR,NO DESPACHADO CENTRALMENTE,AUTOG PEQ. ESCALA,GNCC,RAD SOLAR,2025-09-25,OPERACION
5C9N,AGPE ARA RIO SUCIO,SOLAR,NO DESPACHADO CENTRALMENTE,AUTOG PEQ. ESCALA,GNCC,RAD SOLAR,2025-09-25,OPERACION
5C9P,AGPE STO 547 PUERTO TEJADA,SOLAR,NO DESPACHADO CENTRALMENTE,AUTOG PEQ. ESCALA,GNCC,RAD SOLAR,2025-09-25,OPERACION
5C9R,AGPE CALZADO KONDOR,SOLAR,NO DESPACHADO CENTRALMENTE,AUTOG PEQ. ESCALA,EPMC,RAD SOLAR,2025-09-25,OPERACION
5C9T,AGPE FLORES SILVESTRES,SOLAR,NO DESPACHADO CENTRALMENTE,AUTOG PEQ. ESCALA,EPMC,RAD SOLAR,2025-09-25,OPERACION
5C9V,AGPE SYGLA COLOMBIA LTDA,SOLAR,NO DESPACHADO CENTRALMENTE,AUTOG PEQ. ESCALA,BIAC,RAD SOLAR,2025-09-25,OPERACION
5C9X,AGPE HUGO FERNANDO ARBOLEDA JIMENEZ,SOLAR,NO DESPACHADO CENTRALMENTE,AUTOG PEQ. ESCALA,ENBC,RAD SOLAR,2025-09-25,OPERACION
5C9Z,AGPE YAMILE MARIA GANEM,SOLAR,NO DESPACHADO CENTRALMENTE,AUTOG PEQ. ESCALA,GNCC,RAD SOLAR,2025-09-25,OPERACION
5CA2,AGPE CARPE DIEM,SOLAR,NO DESPACHADO CENTRALMENTE,AUTOG PEQ. ESCALA,GNCC,RAD SOLAR,2025-09-25,OPERACION
5CA4,AGPE FRIGOCAFE SAS,SOLAR,NO DESPACHADO CENTRALMENTE,AUTOG PEQ. ESCALA,GNCC,RAD SOLAR,2025-09-25,OPERACION
5CA6,AGPE RIBAI SAS,SOLAR,NO DESPACHADO CENTRALMENTE,AUTOG PEQ. ESCALA,GNCC,RAD SOLAR,2025-09-25,OPERACION
5CA8,AGPE GIMNASIO VALLEGRANDE,SOLAR,NO DESPACHADO CENTRALMENTE,AUTOG PEQ. ESCALA,GNCC,RAD SOLAR,2025-09-25,OPERACION
5CAA,AGPE AGROPECUARIA FRIGORODEO,SOLAR,NO DESPACHADO CENTRALMENTE,AUTOG PEQ. ESCALA,QIEC,RAD SOLAR,2025-09-25,OPERACION
5CAC,AGPE HOTEL EL PALMAR,SOLAR,NO DESPACHADO CENTRALMENTE,AUTOG PEQ. ESCALA,QIEC,RAD SOLAR,2025-09-25,OPERACION
5CAE,AGPE TIENDAS ARA PALMIRA VERSALLES,SOLAR,NO DESPACHADO CENTRALMENTE,AUTOG PEQ. ESCALA,GNCC,RAD SOLAR,2025-09-25,OPERACION
5CAG,AGPE HOTEL VIOLETTA,SOLAR,NO DESPACHADO CENTRALMENTE,AUTOG PEQ. ESCALA,GNCC,RAD SOLAR,2025-09-25,OPERACION
5CAI,AGPE SUPERMERCADOS MAS POR MENOS SAS FLORIDA,SOLAR,NO DESPACHADO CENTRALMENTE,AUTOG PEQ. ESCALA,GNCC,RAD SOLAR,2025-09-25,OPERACION
5CAK,AGPE ARA CHAPINERO,SOLAR,NO DESPACHADO CENTRALMENTE,AUTOG PEQ. ESCALA,GNCC,RAD SOLAR,2025-09-25,OPERACION
5CAM,AGPE ANDRES FELIPE GONZALEZ OSORIO CASA NUEVA,SOLAR,NO DESPACHADO CENTRALMENTE,AUTOG PEQ. ESCALA,ENBC,RAD SOLAR,2025-09-25,OPERACION
5CAO,AGPE LABORATORIOS RETY DE COLOMBIA SAS,SOLAR,NO DESPACHADO CENTRALMENTE,AUTOG PEQ. ESCALA,BIAC,RAD SOLAR,2025-09-25,OPERACION
5CAQ,AGPE INDURAL GIRARDOTA,SOLAR,NO DESPACHADO CENTRALMENTE,AUTOG PEQ. ESCALA,EPMC,RAD SOLAR,2025-09-25,OPERACION
5CAS,AGPE GTDCOLOMBIA,SOLAR,NO DESPACHADO CENTRALMENTE,AUTOG PEQ. ESCALA,EPMC,RAD SOLAR,2025-09-25,OPERACION
5CAU,AGPE FIDUCAFE,SOLAR,NO DESPACHADO CENTRALMENTE,AUTOG PEQ. ESCALA,EPMC,RAD SOLAR,2025-09-25,OPERACION
5CAW,AGPE CELSA GUARNE,SOLAR,NO DESPACHADO CENTRALMENTE,AUTOG PEQ. ESCALA,EPMC,RAD SOLAR,2025-09-25,OPERACION
5CAY,AGPE TEXACO AGUACATALA,SOLAR,NO DESPACHADO CENTRALMENTE,AUTOG PEQ. ESCALA,EPMC,RAD SOLAR,2025-09-25,OPERACION
5CB1,AGPE AURALAC 3,SOLAR,NO DESPACHADO CENTRALMENTE,AUTOG PEQ. ESCALA,EPMC,RAD SOLAR,2025-09-25,OPERACION
5CEX,AGPE URIEL AUGUSTO CARVAJAL LOPEZ,SOLAR,NO DESPACHADO CENTRALMENTE,AUTOG PEQ. ESCALA,SCEC,RAD SOLAR,2025-09-25,OPERACION
5CEZ,AGPE VALENTINA DURAN RUA,SOLAR,NO DESPACHADO CENTRALMENTE,AUTOG PEQ. ESCALA,SCEC,RAD SOLAR,2025-09-25,OPERACION
5CF2,AGPE SEBASTIAN EMILIANI ESPINOSA,SOLAR,NO DESPACHADO CENTRALMENTE,AUTOG PEQ. ESCALA,ENBC,RAD SOLAR,2025-09-25,OPERACION
5CF4,AGPE SFV PRIMAX LA RIVIERA,SOLAR,NO DESPACHADO CENTRALMENTE,AUTOG PEQ. ESCALA,RTQC,RAD SOLAR,2025-09-25,OPERACION
5CF6,AGPE ANDRES FELIPE GONZALEZ OSORIO CASA TRASERA,SOLAR,NO DESPACHADO CENTRALMENTE,AUTOG PEQ. ESCALA,ENBC,RAD SOLAR,2025-09-25,OPERACION
5CF9,AGPE MONASTERIO DE SANTA MARIA DEL ROSARIO DE,SOLAR,NO DESPACHADO CENTRALMENTE,AUTOG PEQ. ESCALA,SCEC,RAD SOLAR,2025-09-25,OPERACION
5COK,AGPE MINA MARGARITA,SOLAR,NO DESPACHADO CENTRALMENTE,AUTOG PEQ. ESCALA,EPMC,RAD SOLAR,2025-10-02,OPERACION
5COM,AGPE FULLER RIO,SOLAR,NO DESPACHADO CENTRALMENTE,AUTOG PEQ. ESCALA,EPMC,RAD SOLAR,2025-10-02,OPERACION
5COO,AGPE MIGUERIA EMNR,SOLAR,NO DESPACHADO CENTRALMENTE,AUTOG PEQ. ESCALA,EPMC,RAD SOLAR,2025-10-02,OPERACION
5COQ,AGPE GRUPO DORISA SAS,SOLAR,NO DESPACHADO CENTRALMENTE,AUTOG PEQ. ESCALA,SCEC,RAD SOLAR,2025-10-02,OPERACION
5COS,AGPE JUAN CARLOS MUNOZ FERNANDEZ,SOLAR,NO DESPACHADO CENTRALMENTE,AUTOG PEQ. ESCALA,ENBC,RAD SOLAR,2025-10-02,OPERACION
5DVU,AGPE ESPUMADOS DEL LITORAL,SOLAR,NO DESPACHADO CENTRALMENTE,AUTOG PEQ. ESCALA,EPSC,RAD SOLAR,2025-10-09,OPERACION
5DVV,AGPE ARA 972 EL PLACER,SOLAR,NO DESPACHADO CENTRALMENTE,AUTOG PEQ. ESCALA,GNCC,RAD SOLAR,2025-10-09,OPERACION
5DVW,AGPE DROGUERIA CERETE,SOLAR,NO DESPACHADO CENTRALMENTE,AUTOG PEQ. ESCALA,GNCC,RAD SOLAR,2025-10-09,OPERACION
5DVX,AGPE INVERCOMER DEL CARIBE,SOLAR,NO DESPACHADO CENTRALMENTE,AUTOG PEQ. ESCALA,CMMC,RAD SOLAR,2025-10-09,OPERACION
5DVY,AGPE MOLINOS A,SOLAR,NO DESPACHADO CENTRALMENTE,AUTOG PEQ. ESCALA,EPMC,RAD SOLAR,2025-10-09,OPERACION
5DVZ,AGPE TP COLOMBIA,SOLAR,NO DESPACHADO CENTRALMENTE,AUTOG PEQ. ESCALA,EPMC,RAD SOLAR,2025-10-09,OPERACION
5DW1,AGPE MUSEOINTER,SOLAR,NO DESPACHADO CENTRALMENTE,AUTOG PEQ. ESCALA,EPMC,RAD SOLAR,2025-10-09,OPERACION
5DW2,AGPE MASIVO OCCIDENTE,SOLAR,NO DESPACHADO CENTRALMENTE,AUTOG PEQ. ESCALA,EPMC,RAD SOLAR,2025-10-09,OPERACION
5DW3,GD YURBAQUA,SOLAR,NO DESPACHADO CENTRALMENTE,GEN. DISTRIBUIDA,UNGG,RAD SOLAR,2025-12-22,OPERACION
5DW4,AGPE INCOLPA,SOLAR,NO DESPACHADO CENTRALMENTE,AUTOG PEQ. ESCALA,GNCC,RAD SOLAR,2025-10-09,OPERACION
5DW5,AGPE MOLINOS D,SOLAR,NO DESPACHADO CENTRALMENTE,AUTOG PEQ. ESCALA,EPMC,RAD SOLAR,2025-10-09,OPERACION
5DW6,AGPE HERNANDO GABRIEL MARTINEZ VALLEJO,SOLAR,NO DESPACHADO CENTRALMENTE,AUTOG PEQ. ESCALA,SCEC,RAD SOLAR,2025-10-09,OPERACION
5DW7,AGPE CC SANTAFE,SOLAR,NO DESPACHADO CENTRALMENTE,AUTOG PEQ. ESCALA,EXEC,RAD SOLAR,2025-10-09,OPERACION
5DW8,GD SEMILLA DE GUACAMAYAL II,SOLAR,NO DESPACHADO CENTRALMENTE,GEN. DISTRIBUIDA,GNYG,RAD SOLAR,2025-10-12,OPERACION
5DWA,CELSIA SOLAR ESCOBAL IV,SOLAR,NO DESPACHADO CENTRALMENTE,NORMAL,EPSG,RAD SOLAR,2025-03-31,PRUEBAS
5DWB,AGPE COLCADENAS LTDA,SOLAR,NO DESPACHADO CENTRALMENTE,AUTOG PEQ. ESCALA,GNCC,RAD SOLAR,2025-10-09,OPERACION
5E3E,AGPE FUNDACION CORAZON DE BELEN,SOLAR,NO DESPACHADO CENTRALMENTE,AUTOG PEQ. ESCALA,ENBC,RAD SOLAR,2025-10-16,OPERACION
5E3F,MINIGRANJA VALENCIA ORIENTE II,SOLAR,NO DESPACHADO CENTRALMENTE,GEN. DISTRIBUIDA,UNGG,RAD SOLAR,2026-02-24,OPERACION
5E3G,AGPE RUBEN DARIO CORRALES BOSSIO,SOLAR,NO DESPACHADO CENTRALMENTE,AUTOG PEQ. ESCALA,SCEC,RAD SOLAR,2025-10-16,OPERACION
5E3H,AGPE SALAMANCA OLEAGINOSAS,SOLAR,NO DESPACHADO CENTRALMENTE,AUTOG PEQ. ESCALA,ENBC,RAD SOLAR,2025-10-16,OPERACION
5E3I,AGPE FERROCONSTRUCTORES ALVER,SOLAR,NO DESPACHADO CENTRALMENTE,AUTOG PEQ. ESCALA,ENBC,RAD SOLAR,2025-10-16,OPERACION
5E3J,MINIGRANJA EL COPEY OCCIDENTE,SOLAR,NO DESPACHADO CENTRALMENTE,GEN. DISTRIBUIDA,UNGG,RAD SOLAR,2025-02-28,PRUEBAS
5E3K,AGPE UFINET COLOMBIA SA NODO PLATO,SOLAR,NO DESPACHADO CENTRALMENTE,AUTOG PEQ. ESCALA,ENBC,RAD SOLAR,2025-10-16,OPERACION
5E3L,AGPE CARLOS ALBERTO PERTUZ DURAN,SOLAR,NO DESPACHADO CENTRALMENTE,AUTOG PEQ. ESCALA,ENBC,RAD SOLAR,2025-10-16,OPERACION
5E3M,AGPE HERWIN MARCOS VILLAMIL SALCEDO,SOLAR,NO DESPACHADO CENTRALMENTE,AUTOG PEQ. ESCALA,ENBC,RAD SOLAR,2025-10-16,OPERACION
5E3N,CELSIA SOLAR ESCOBAL V,SOLAR,NO DESPACHADO CENTRALMENTE,NORMAL,EPSG,RAD SOLAR,2025-03-31,PRUEBAS
5E3O,AGPE MARCO ANTONIO FLORES VILLALBA,SOLAR,NO DESPACHADO CENTRALMENTE,AUTOG PEQ. ESCALA,ENBC,RAD SOLAR,2025-10-16,OPERACION
5E69,TERMOSARAVENA 1,TERMICA,NO DESPACHADO CENTRALMENTE,AUTOGENERADOR,GSAG,GAS,2025-10-31,PRUEBAS
5E6I,AGPE DINISSAN1,SOLAR,NO DESPACHADO CENTRALMENTE,AUTOG PEQ. ESCALA,ETTC,RAD SOLAR,2025-10-23,OPERACION
5E6J,AGPE SALAS Y ASOCIADOS ABOGADOS LIMITADA,SOLAR,NO DESPACHADO CENTRALMENTE,AUTOG PEQ. ESCALA,SCEC,RAD SOLAR,2025-10-23,OPERACION
5E6K,AGPE GUACARI PLANETA RICA SAS,SOLAR,NO DESPACHADO CENTRALMENTE,AUTOG PEQ. ESCALA,SCEC,RAD SOLAR,2025-10-23,OPERACION
5E6L,AGPE TIENDA ARA 802 CNTV,SOLAR,NO DESPACHADO CENTRALMENTE,AUTOG PEQ. ESCALA,NEUC,RAD SOLAR,2025-10-23,OPERACION
5E6M,AGPE 572 ARA BARRANQUILLA SANTO DOMINGO,SOLAR,NO DESPACHADO CENTRALMENTE,AUTOG PEQ. ESCALA,NEUC,RAD SOLAR,2025-10-23,OPERACION
5E6N,AGPE ALIMENTOS MUNOZ,SOLAR,NO DESPACHADO CENTRALMENTE,AUTOG PEQ. ESCALA,GNCC,RAD SOLAR,2025-10-23,OPERACION
5E6O,AGPE MONICA DEL SOCORRO URREA OSPINA,SOLAR,NO DESPACHADO CENTRALMENTE,AUTOG PEQ. ESCALA,ENBC,RAD SOLAR,2025-10-23,OPERACION
5E6P,AGPE AUTOGAS TEXACO 28,SOLAR,NO DESPACHADO CENTRALMENTE,AUTOG PEQ. ESCALA,NEUC,RAD SOLAR,2025-10-23,OPERACION
5E6Q,AGPE GRIFFITH,SOLAR,NO DESPACHADO CENTRALMENTE,AUTOG PEQ. ESCALA,EPMC,RAD SOLAR,2025-10-23,OPERACION
5E6R,AGPE PLASTICORREA GIRARDO,SOLAR,NO DESPACHADO CENTRALMENTE,AUTOG PEQ. ESCALA,EPMC,RAD SOLAR,2025-10-23,OPERACION
5E6S,AGPE TERMILENIO,SOLAR,NO DESPACHADO CENTRALMENTE,AUTOG PEQ. ESCALA,EPMC,RAD SOLAR,2025-10-23,OPERACION
5E6T,SOL Y CIELO VII,SOLAR,NO DESPACHADO CENTRALMENTE,GEN. DISTRIBUIDA,UNGG,RAD SOLAR,2026-01-02,OPERACION
5E6U,AGPE OMAR ENRIQUE HOYOS,SOLAR,NO DESPACHADO CENTRALMENTE,AUTOG PEQ. ESCALA,NEUC,RAD SOLAR,2025-10-23,OPERACION
5E6V,AGPE AUTOGAS ERMITA,SOLAR,NO DESPACHADO CENTRALMENTE,AUTOG PEQ. ESCALA,NEUC,RAD SOLAR,2025-10-23,OPERACION
5E6W,AGPE AUTOGAS CALLE 49,SOLAR,NO DESPACHADO CENTRALMENTE,AUTOG PEQ. ESCALA,NEUC,RAD SOLAR,2025-10-23,OPERACION
5E6X,AGPE STO 693 BUENAVENTURA PACIFIC MALL,SOLAR,NO DESPACHADO CENTRALMENTE,AUTOG PEQ. ESCALA,NEUC,RAD SOLAR,2025-10-23,OPERACION
5E6Y,AGPE 532 ARA CAMPO DE LA CRUZ CENTRO,SOLAR,NO DESPACHADO CENTRALMENTE,AUTOG PEQ. ESCALA,NEUC,RAD SOLAR,2025-10-23,OPERACION
5E6Z,AGPE TIENDA ARA 729,SOLAR,NO DESPACHADO CENTRALMENTE,AUTOG PEQ. ESCALA,NEUC,RAD SOLAR,2025-10-23,OPERACION
5E71,AGPE 573 ARA BARRANQUILLA LA MANGA,SOLAR,NO DESPACHADO CENTRALMENTE,AUTOG PEQ. ESCALA,NEUC,RAD SOLAR,2025-10-23,OPERACION
5E72,AGPE AUTOGAS AVENIDA 68,SOLAR,NO DESPACHADO CENTRALMENTE,AUTOG PEQ. ESCALA,NEUC,RAD SOLAR,2025-10-23,OPERACION
5E73,AGPE BODEGA WILLIAM ALVARES LOGISTICS,SOLAR,NO DESPACHADO CENTRALMENTE,AUTOG PEQ. ESCALA,RTQC,RAD SOLAR,2025-10-23,OPERACION
5E74,AGPE AUTOGAS SANTANDER GNC,SOLAR,NO DESPACHADO CENTRALMENTE,AUTOG PEQ. ESCALA,NEUC,RAD SOLAR,2025-10-23,OPERACION
5E75,AGPE AUTOGAS EDS BOLIVARIANA,SOLAR,NO DESPACHADO CENTRALMENTE,AUTOG PEQ. ESCALA,NEUC,RAD SOLAR,2025-10-23,OPERACION
5E76,AGPE PROTECCION CATODICA DE COLOMBIA SAS 3,SOLAR,NO DESPACHADO CENTRALMENTE,AUTOG PEQ. ESCALA,ENBC,RAD SOLAR,2025-10-23,OPERACION
5E77,AGPE PALERMO IMAGEN SAS,SOLAR,NO DESPACHADO CENTRALMENTE,AUTOG PEQ. ESCALA,GNCC,RAD SOLAR,2025-10-23,OPERACION
5E78,AGPE D1 SAS LA VEGA PLAZA,SOLAR,NO DESPACHADO CENTRALMENTE,AUTOG PEQ. ESCALA,GNCC,RAD SOLAR,2025-10-23,OPERACION
5EEC,AGPE PRODUSA ZF,SOLAR,NO DESPACHADO CENTRALMENTE,AUTOG PEQ. ESCALA,EPMC,RAD SOLAR,2025-10-30,OPERACION
5EED,AGPE NOEL,SOLAR,NO DESPACHADO CENTRALMENTE,AUTOG PEQ. ESCALA,EPMC,RAD SOLAR,2025-10-30,OPERACION
5EEE,AGPE ALEJANDRO HAGE TAFACHE,SOLAR,NO DESPACHADO CENTRALMENTE,AUTOG PEQ. ESCALA,ENBC,RAD SOLAR,2025-10-30,OPERACION
5EEF,AGPE FLORHDA3,SOLAR,NO DESPACHADO CENTRALMENTE,AUTOG PEQ. ESCALA,ETTC,RAD SOLAR,2025-10-30,OPERACION
5EEG,AGPE FLORHDA2,SOLAR,NO DESPACHADO CENTRALMENTE,AUTOG PEQ. ESCALA,ETTC,RAD SOLAR,2025-10-30,OPERACION
5EEH,AGPE JOSE YESID RODRIGUEZ QUINTERO,SOLAR,NO DESPACHADO CENTRALMENTE,AUTOG PEQ. ESCALA,NEUC,RAD SOLAR,2025-10-30,OPERACION
5EEI,AGPE CEDI ARA CIENAGA MNR,SOLAR,NO DESPACHADO CENTRALMENTE,AUTOG PEQ. ESCALA,NEUC,RAD SOLAR,2025-10-30,OPERACION
5EEJ,AGPE FLORHDA1,SOLAR,NO DESPACHADO CENTRALMENTE,AUTOG PEQ. ESCALA,ETTC,RAD SOLAR,2025-10-30,OPERACION
5EEK,AGPE ALBEIRO SERRANO OFICINA,SOLAR,NO DESPACHADO CENTRALMENTE,AUTOG PEQ. ESCALA,NEUC,RAD SOLAR,2025-10-30,OPERACION
5EEL,AGPE SANTANDER ARAUJO CASTRO,SOLAR,NO DESPACHADO CENTRALMENTE,AUTOG PEQ. ESCALA,NEUC,RAD SOLAR,2025-10-30,OPERACION
5EEM,AGPE 475 ARA BARRANQUILLA LA PAZ,SOLAR,NO DESPACHADO CENTRALMENTE,AUTOG PEQ. ESCALA,NEUC,RAD SOLAR,2025-10-30,OPERACION
5EEN,AGPE CEDI ARA GALAPA MNR,SOLAR,NO DESPACHADO CENTRALMENTE,AUTOG PEQ. ESCALA,NEUC,RAD SOLAR,2025-10-30,OPERACION
5EEO,AGPE AUTOGAS INDUSTRIAL GNC,SOLAR,NO DESPACHADO CENTRALMENTE,AUTOG PEQ. ESCALA,NEUC,RAD SOLAR,2025-10-30,OPERACION
5EEP,AGPE SARA LUZ PEREZ,SOLAR,NO DESPACHADO CENTRALMENTE,AUTOG PEQ. ESCALA,NEUC,RAD SOLAR,2025-10-30,OPERACION
5EEQ,AGPE AGROFRUT,SOLAR,NO DESPACHADO CENTRALMENTE,AUTOG PEQ. ESCALA,EPMC,RAD SOLAR,2025-10-30,OPERACION
5EER,CELSIA SOLAR ESCOBAL III,SOLAR,NO DESPACHADO CENTRALMENTE,NORMAL,EPSG,RAD SOLAR,2025-03-31,PRUEBAS
5EES,CELSIA SOLAR ESCOBAL II,SOLAR,NO DESPACHADO CENTRALMENTE,NORMAL,EPSG,RAD SOLAR,2025-03-31,PRUEBAS
5F3A,AGPE H Y R DISTRIBUCIONES CONTRATO 9397836,SOLAR,NO DESPACHADO CENTRALMENTE,AUTOG PEQ. ESCALA,NEUC,RAD SOLAR,2025-08-31,PRUEBAS
5F3O,AGPE JAVIER OSVALDO RAMIREZ MARTINEZ SAS,SOLAR,NO DESPACHADO CENTRALMENTE,AUTOG PEQ. ESCALA,SCEC,RAD SOLAR,2025-11-06,OPERACION
5F3P,GD WE202,SOLAR,NO DESPACHADO CENTRALMENTE,GEN. DISTRIBUIDA,CERG,RAD SOLAR,2025-11-09,OPERACION
5F3Q,GD WE2021,SOLAR,NO DESPACHADO CENTRALMENTE,GEN. DISTRIBUIDA,CERG,RAD SOLAR,2025-11-09,OPERACION
5F3R,AGPE PROVENSAS SAS,SOLAR,NO DESPACHADO CENTRALMENTE,AUTOG PEQ. ESCALA,GNCC,RAD SOLAR,2025-11-06,OPERACION
5F3S,AGPE SELECTA CEREALES PLANTA BEBIDAS,SOLAR,NO DESPACHADO CENTRALMENTE,AUTOG PEQ. ESCALA,GNCC,RAD SOLAR,2025-11-06,OPERACION
5F3T,AGPE PLANTA KARULUZ 76,SOLAR,NO DESPACHADO CENTRALMENTE,AUTOG PEQ. ESCALA,GNCC,RAD SOLAR,2025-11-06,OPERACION
5F3U,AGPE RELAX HOME,SOLAR,NO DESPACHADO CENTRALMENTE,AUTOG PEQ. ESCALA,GNCC,RAD SOLAR,2025-11-06,OPERACION
5F3V,AGPE PROCEAL1,SOLAR,NO DESPACHADO CENTRALMENTE,AUTOG PEQ. ESCALA,ETTC,RAD SOLAR,2025-11-06,OPERACION
5F3W,AGPE FRIGOECOL,SOLAR,NO DESPACHADO CENTRALMENTE,AUTOG PEQ. ESCALA,BIAC,RAD SOLAR,2025-11-06,OPERACION
5F3X,GD CARACOL III,SOLAR,NO DESPACHADO CENTRALMENTE,GEN. DISTRIBUIDA,OTAG,RAD SOLAR,2025-11-11,OPERACION
5F3Y,GD CARACOL II,SOLAR,NO DESPACHADO CENTRALMENTE,GEN. DISTRIBUIDA,OTAG,RAD SOLAR,2025-11-11,OPERACION
5F3Z,GD CADILLO II,SOLAR,NO DESPACHADO CENTRALMENTE,GEN. DISTRIBUIDA,OTAG,RAD SOLAR,2025-11-11,OPERACION
5F41,GD CARACOL I,SOLAR,NO DESPACHADO CENTRALMENTE,GEN. DISTRIBUIDA,OTAG,RAD SOLAR,2025-11-11,OPERACION
5F42,GD LAS MERCEDES I,SOLAR,NO DESPACHADO CENTRALMENTE,GEN. DISTRIBUIDA,FERG,RAD SOLAR,2026-01-02,OPERACION
5F43,ALMA II,SOLAR,NO DESPACHADO CENTRALMENTE,NORMAL,DEPG,RAD SOLAR,2025-12-23,OPERACION
5F44,AGPE ANDRES ENRIQUE GONZALEZ ARBELAEZ,SOLAR,NO DESPACHADO CENTRALMENTE,AUTOG PEQ. ESCALA,SCEC,RAD SOLAR,2025-11-06,OPERACION
5F45,AGPE JORGE JAVIER ALMEIDA BURGOS,SOLAR,NO DESPACHADO CENTRALMENTE,AUTOG PEQ. ESCALA,SCEC,RAD SOLAR,2025-11-06,OPERACION
5F46,EL TAMARINDO I,SOLAR,NO DESPACHADO CENTRALMENTE,NORMAL,TADG,RAD SOLAR,2025-10-31,PRUEBAS
5F47,EL TAMARINDO II,SOLAR,NO DESPACHADO CENTRALMENTE,NORMAL,TADG,RAD SOLAR,2025-10-31,PRUEBAS
5F48,AGPE GRUPO NONNA MALL DEL ESTE,SOLAR,NO DESPACHADO CENTRALMENTE,AUTOG PEQ. ESCALA,ENBC,RAD SOLAR,2025-11-06,OPERACION
5F49,AUTOG CARVAJAL GINEBRA,SOLAR,NO DESPACHADO CENTRALMENTE,AUTOGENERADOR,ENDG,RAD SOLAR,2025-09-30,PRUEBAS
5F6K,AGPE TRIPLE ALIANZA,SOLAR,NO DESPACHADO CENTRALMENTE,AUTOG PEQ. ESCALA,BEIC,RAD SOLAR,2025-11-11,OPERACION
5F6U,AGPE ARVORE,SOLAR,NO DESPACHADO CENTRALMENTE,AUTOG PEQ. ESCALA,GNCC,RAD SOLAR,2025-10-31,PRUEBAS
5F6V,GD ESPERANZA II,SOLAR,NO DESPACHADO CENTRALMENTE,GEN. DISTRIBUIDA,NEXG,RAD SOLAR,2026-02-07,OPERACION
5F6W,GD ESPERANZA I,SOLAR,NO DESPACHADO CENTRALMENTE,GEN. DISTRIBUIDA,NEXG,RAD SOLAR,2026-02-07,OPERACION
5F6X,AGPE SELECTA BODEGA 17,SOLAR,NO DESPACHADO CENTRALMENTE,AUTOG PEQ. ESCALA,GNCC,RAD SOLAR,2025-10-31,PRUEBAS
5F6Y,AGPE CONSTRUINMUNIZA,SOLAR,NO DESPACHADO CENTRALMENTE,AUTOG PEQ. ESCALA,GNCC,RAD SOLAR,2025-09-30,PRUEBAS
5F6Z,GD LAS MERCEDES II,SOLAR,NO DESPACHADO CENTRALMENTE,GEN. DISTRIBUIDA,FERG,RAD SOLAR,2026-01-02,OPERACION
5F71,PCH LA NOQUE,HIDRAULICA,NO DESPACHADO CENTRALMENTE,NORMAL,NTCG,AGUA,2026-07-27,OPERACION
5F72,AGPE FARMATODO BOG CL 140,SOLAR,NO DESPACHADO CENTRALMENTE,AUTOG PEQ. ESCALA,BIAC,RAD SOLAR,2025-10-31,PRUEBAS
5F73,AGPE FARMATODO COLOMBIA SA,SOLAR,NO DESPACHADO CENTRALMENTE,AUTOG PEQ. ESCALA,BIAC,RAD SOLAR,2025-05-31,PRUEBAS
5F74,GD SAN PELAYO,SOLAR,NO DESPACHADO CENTRALMENTE,GEN. DISTRIBUIDA,UNGG,RAD SOLAR,2026-04-11,OPERACION
5F75,AGPE HOSPITAL SANTA MONICA,SOLAR,NO DESPACHADO CENTRALMENTE,AUTOG PEQ. ESCALA,EEPC,RAD SOLAR,2025-10-31,PRUEBAS
5FLJ,AGPE DELICIAS NUTRICIONALES SAS,SOLAR,NO DESPACHADO CENTRALMENTE,AUTOG PEQ. ESCALA,GNCC,RAD SOLAR,2025-10-31,PRUEBAS
5FOP,AGPE PINTUFLEX,SOLAR,NO DESPACHADO CENTRALMENTE,AUTOG PEQ. ESCALA,NEUC,RAD SOLAR,2025-08-31,PRUEBAS
5FOQ,AGPE 309 ARA SANTA MARTA GAIRA,SOLAR,NO DESPACHADO CENTRALMENTE,AUTOG PEQ. ESCALA,NEUC,RAD SOLAR,2025-07-31,PRUEBAS
5FOT,AGPE 324 ARA SOLEDAD CENTRO CALLE 18,SOLAR,NO DESPACHADO CENTRALMENTE,AUTOG PEQ. ESCALA,NEUC,RAD SOLAR,2025-07-31,PRUEBAS
5FOU,AGPE AUTOGAS MUZU GAS,SOLAR,NO DESPACHADO CENTRALMENTE,AUTOG PEQ. ESCALA,NEUC,RAD SOLAR,2025-09-30,PRUEBAS
5FOV,AGPE EKA CORPORACION,SOLAR,NO DESPACHADO CENTRALMENTE,AUTOG PEQ. ESCALA,NEUC,RAD SOLAR,2025-08-31,PRUEBAS
5FOW,AGPE AGROTES VENECIA,SOLAR,NO DESPACHADO CENTRALMENTE,AUTOG PEQ. ESCALA,NEUC,RAD SOLAR,2025-10-31,PRUEBAS
5FOX,AGPE AUTOGAS EDS SANTA MARTA,SOLAR,NO DESPACHADO CENTRALMENTE,AUTOG PEQ. ESCALA,NEUC,RAD SOLAR,2025-09-30,PRUEBAS
5FPK,GD BIOSOLAR,SOLAR,NO DESPACHADO CENTRALMENTE,GEN. DISTRIBUIDA,UNGG,RAD SOLAR,2026-03-20,OPERACION
5FPL,GRANJA SOLAR LA GARITA,SOLAR,NO DESPACHADO CENTRALMENTE,GEN. DISTRIBUIDA,UNGG,RAD SOLAR,2026-03-19,OPERACION
5FPM,GD ASTROLUMEN LA GARITA,SOLAR,NO DESPACHADO CENTRALMENTE,GEN. DISTRIBUIDA,UNGG,RAD SOLAR,2026-03-19,OPERACION
5FPN,AGPE ARNOLDO SUAREZ,SOLAR,NO DESPACHADO CENTRALMENTE,AUTOG PEQ. ESCALA,NEUC,RAD SOLAR,2025-10-31,PRUEBAS
5FPO,AGPE AVCH1,SOLAR,NO DESPACHADO CENTRALMENTE,AUTOG PEQ. ESCALA,ETTC,RAD SOLAR,2025-10-31,PRUEBAS
5FPP,AGPE AVCH2,SOLAR,NO DESPACHADO CENTRALMENTE,AUTOG PEQ. ESCALA,ETTC,RAD SOLAR,2025-10-31,PRUEBAS
5FPQ,AGPE AVCH3,SOLAR,NO DESPACHADO CENTRALMENTE,AUTOG PEQ. ESCALA,ETTC,RAD SOLAR,2025-10-31,PRUEBAS
5FPR,AGPE SUPERMERCADO BETEL CHINACOTA,SOLAR,NO DESPACHADO CENTRALMENTE,AUTOG PEQ. ESCALA,GNCC,RAD SOLAR,2025-10-31,PRUEBAS
5FPS,AGPE SAN CARLOS 2 ETAPA 6,SOLAR,NO DESPACHADO CENTRALMENTE,AUTOG PEQ. ESCALA,GNCC,RAD SOLAR,2025-08-31,PRUEBAS
5FPT,AGPE LA GRANJA TENJO SAS,SOLAR,NO DESPACHADO CENTRALMENTE,AUTOG PEQ. ESCALA,BIAC,RAD SOLAR,2025-10-31,PRUEBAS
5FPU,AGPE INVERSIONES LOS ACANTILADOS LONDONO Y CIA SCA,SOLAR,NO DESPACHADO CENTRALMENTE,AUTOG PEQ. ESCALA,SCEC,RAD SOLAR,2025-10-31,PRUEBAS
5FPV,GD ERCO PALMAS,SOLAR,NO DESPACHADO CENTRALMENTE,GEN. DISTRIBUIDA,ERRG,RAD SOLAR,2025-11-25,OPERACION
5FPW,AGPE MARIA BERNARDA OTERO VELLOJIN,SOLAR,NO DESPACHADO CENTRALMENTE,AUTOG PEQ. ESCALA,SCEC,RAD SOLAR,2025-10-31,PRUEBAS
5FPX,AGPE FUNDACION PARA LA INTEGRACIÓN SOCIAL DE,SOLAR,NO DESPACHADO CENTRALMENTE,AUTOG PEQ. ESCALA,SCEC,RAD SOLAR,2025-04-30,PRUEBAS
5FPY,AGPE ELVIRA MARTINEZ MARRUGO,SOLAR,NO DESPACHADO CENTRALMENTE,AUTOG PEQ. ESCALA,SCEC,RAD SOLAR,2025-09-30,PRUEBAS
5G1Q,AGPE SURA CORP,SOLAR,NO DESPACHADO CENTRALMENTE,AUTOG PEQ. ESCALA,EPMC,RAD SOLAR,2025-11-21,OPERACION
5G1R,AGPE CORBETA ENVIGADO,SOLAR,NO DESPACHADO CENTRALMENTE,AUTOG PEQ. ESCALA,EPMC,RAD SOLAR,2025-11-21,OPERACION
5G1S,AGPE H Y R DISTRIBUCIONES CONTRATO 604952,SOLAR,NO DESPACHADO CENTRALMENTE,AUTOG PEQ. ESCALA,NEUC,RAD SOLAR,2025-08-31,PRUEBAS
5G1T,AGPE LAD SANCRISTOBAL,SOLAR,NO DESPACHADO CENTRALMENTE,AUTOG PEQ. ESCALA,EPMC,RAD SOLAR,2025-11-21,OPERACION
5G27,AGPE LACTEOS DOS PALMAS,SOLAR,NO DESPACHADO CENTRALMENTE,AUTOG PEQ. ESCALA,ASCC,RAD SOLAR,2025-11-25,OPERACION
5G3O,CELSIA SOLAR ESCOBAL I,SOLAR,NO DESPACHADO CENTRALMENTE,NORMAL,EPSG,RAD SOLAR,2025-03-31,PRUEBAS
5G3P,AGPE MOTEL POSADA,SOLAR,NO DESPACHADO CENTRALMENTE,AUTOG PEQ. ESCALA,GNCC,RAD SOLAR,2025-11-27,OPERACION
5G3Q,AGPE ARA SEDE 406 AV LAS AMERICAS DUITAMA,SOLAR,NO DESPACHADO CENTRALMENTE,AUTOG PEQ. ESCALA,GNCC,RAD SOLAR,2025-11-27,OPERACION
5G3R,AGPE PARROQUIA SANTA TERESITA DEL NINO JESUS,SOLAR,NO DESPACHADO CENTRALMENTE,AUTOG PEQ. ESCALA,GNCC,RAD SOLAR,2025-11-27,OPERACION
5G3S,PARQUE SOLAR BUGAMBILES,SOLAR,NO DESPACHADO CENTRALMENTE,NORMAL,FYRG,RAD SOLAR,2026-03-06,OPERACION
5G3T,PARQUE SOLAR NISPEROS,SOLAR,NO DESPACHADO CENTRALMENTE,NORMAL,FYRG,RAD SOLAR,2026-04-10,OPERACION
5G3U,SOL DE ZAWADY,SOLAR,NO DESPACHADO CENTRALMENTE,NORMAL,GRCG,RAD SOLAR,2026-07-11,OPERACION
5G3V,AGPE FRIGORIDEO LA 30,SOLAR,NO DESPACHADO CENTRALMENTE,AUTOG PEQ. ESCALA,QIEC,RAD SOLAR,2025-11-27,OPERACION
5G3W,AGPE ALCANOS FLANDES,SOLAR,NO DESPACHADO CENTRALMENTE,AUTOG PEQ. ESCALA,HLAC,RAD SOLAR,2025-11-27,OPERACION
5G3X,AGPE TAAU1,SOLAR,NO DESPACHADO CENTRALMENTE,AUTOG PEQ. ESCALA,ETTC,RAD SOLAR,2025-11-27,OPERACION
5G3Y,AGPE SERVIT1,SOLAR,NO DESPACHADO CENTRALMENTE,AUTOG PEQ. ESCALA,ETTC,RAD SOLAR,2025-11-27,OPERACION
5G3Z,AGPE COLOMBIANA DE PRODUCTOS DEL AGRO COLPAGRO SA,SOLAR,NO DESPACHADO CENTRALMENTE,AUTOG PEQ. ESCALA,GNCC,RAD SOLAR,2025-11-27,OPERACION
5G41,AGPE JERONIMO MARTINS COL SAS TIENDA 777 DINDALITO BOG,SOLAR,NO DESPACHADO CENTRALMENTE,AUTOG PEQ. ESCALA,GNCC,RAD SOLAR,2025-11-27,OPERACION
5GEV,AGPE CC EL PUENTE,SOLAR,NO DESPACHADO CENTRALMENTE,AUTOG PEQ. ESCALA,RTQC,RAD SOLAR,2025-12-04,OPERACION
5GEW,AGPE PROGEN,SOLAR,NO DESPACHADO CENTRALMENTE,AUTOG PEQ. ESCALA,RTQC,RAD SOLAR,2025-12-04,OPERACION
5GEX,AGPE CLAUDIA MARIA ELISA ROMERO VIVAS,SOLAR,NO DESPACHADO CENTRALMENTE,AUTOG PEQ. ESCALA,ENBC,RAD SOLAR,2025-12-04,OPERACION
5GEY,AGPE PARQUES Y DEPORTES SAS,SOLAR,NO DESPACHADO CENTRALMENTE,AUTOG PEQ. ESCALA,ENBC,RAD SOLAR,2025-12-04,OPERACION
5GEZ,AGPE CENTRO COMERCIAL Y DE SERVICIOS PLAZA BEILLIN PH ID,SOLAR,NO DESPACHADO CENTRALMENTE,AUTOG PEQ. ESCALA,GNCC,RAD SOLAR,2025-12-04,OPERACION
5GF1,AGPE GRUPO AGROBOX SAS ZOMAC,SOLAR,NO DESPACHADO CENTRALMENTE,AUTOG PEQ. ESCALA,QIEC,RAD SOLAR,2025-12-04,OPERACION
5GF2,AGPE HERNANDO PAEZ REY,SOLAR,NO DESPACHADO CENTRALMENTE,AUTOG PEQ. ESCALA,ENBC,RAD SOLAR,2025-12-04,OPERACION
5GF3,AGPE PLEX CORPORATICO PH,SOLAR,NO DESPACHADO CENTRALMENTE,AUTOG PEQ. ESCALA,GNCC,RAD SOLAR,2025-12-04,OPERACION
5GF4,AGPE FUNTEC1,SOLAR,NO DESPACHADO CENTRALMENTE,AUTOG PEQ. ESCALA,ETTC,RAD SOLAR,2025-12-04,OPERACION
5GF5,GD BLANCA ENERGY SOLAR 24,SOLAR,NO DESPACHADO CENTRALMENTE,GEN. DISTRIBUIDA,CTEG,RAD SOLAR,2025-12-09,OPERACION
5GF6,GD BLANCA ENERGY SOLAR 23,SOLAR,NO DESPACHADO CENTRALMENTE,GEN. DISTRIBUIDA,CTEG,RAD SOLAR,2025-12-09,OPERACION
5GF7,AGPE 108KW CC GRAN PLAZA BOSA,SOLAR,NO DESPACHADO CENTRALMENTE,AUTOG PEQ. ESCALA,EPSC,RAD SOLAR,2025-12-04,OPERACION
5GF8,AGPE SUBS CORP SAS BARRANQUILLA,SOLAR,NO DESPACHADO CENTRALMENTE,AUTOG PEQ. ESCALA,BIAC,RAD SOLAR,2025-12-04,OPERACION
5GF9,AGPE KAMATI LTDA BIC,SOLAR,NO DESPACHADO CENTRALMENTE,AUTOG PEQ. ESCALA,BIAC,RAD SOLAR,2025-12-04,OPERACION
5GFA,AGPE HENRY SILVA SARMIENTO,SOLAR,NO DESPACHADO CENTRALMENTE,AUTOG PEQ. ESCALA,SCEC,RAD SOLAR,2025-12-04,OPERACION
5GFB,GD JARDINCITO,SOLAR,NO DESPACHADO CENTRALMENTE,GEN. DISTRIBUIDA,GNYG,RAD SOLAR,2025-12-07,OPERACION
5GFC,AGPE SARI MAGALY GUERRERO,SOLAR,NO DESPACHADO CENTRALMENTE,AUTOG PEQ. ESCALA,NEUC,RAD SOLAR,2025-12-04,OPERACION
5H1F,MINIGRANJA VALENCIA ORIENTE I,SOLAR,NO DESPACHADO CENTRALMENTE,GEN. DISTRIBUIDA,UNGG,RAD SOLAR,2026-02-13,OPERACION
5H1G,AGPE YAMIL JOSE LLANOS,SOLAR,NO DESPACHADO CENTRALMENTE,AUTOG PEQ. ESCALA,ENBC,RAD SOLAR,2025-12-11,OPERACION
5H1H,AGPE FRIGORIFICO RIOFRIO,SOLAR,NO DESPACHADO CENTRALMENTE,AUTOG PEQ. ESCALA,EPMC,RAD SOLAR,2025-12-11,OPERACION
5H1I,AGPE CENTRO FRUVER DEL LLANO,SOLAR,NO DESPACHADO CENTRALMENTE,AUTOG PEQ. ESCALA,GNCC,RAD SOLAR,2025-12-11,OPERACION
5H1J,AGPE ANTENA RCN RADIO SORACA,SOLAR,NO DESPACHADO CENTRALMENTE,AUTOG PEQ. ESCALA,GNCC,RAD SOLAR,2025-12-11,OPERACION
5H1K,AGPE PLAFECOL,SOLAR,NO DESPACHADO CENTRALMENTE,AUTOG PEQ. ESCALA,GNCC,RAD SOLAR,2025-12-11,OPERACION
5H1L,AGPE RCN RADIO ANTENA CAJUCAL,SOLAR,NO DESPACHADO CENTRALMENTE,AUTOG PEQ. ESCALA,GNCC,RAD SOLAR,2025-12-11,OPERACION
5H1M,GD LA CACICA,SOLAR,NO DESPACHADO CENTRALMENTE,GEN. DISTRIBUIDA,UNGG,RAD SOLAR,2026-05-23,OPERACION
5H1N,GD LAS PILONERAS,SOLAR,NO DESPACHADO CENTRALMENTE,GEN. DISTRIBUIDA,UNGG,RAD SOLAR,2026-05-23,OPERACION
5H1O,GD YUAN SOLAR,SOLAR,NO DESPACHADO CENTRALMENTE,GEN. DISTRIBUIDA,UNGG,RAD SOLAR,2025-12-16,OPERACION
5H1P,AGPE JORGE ELIECER DORIA CORRALES,SOLAR,NO DESPACHADO CENTRALMENTE,AUTOG PEQ. ESCALA,SCEC,RAD SOLAR,2025-12-11,OPERACION
5H1Q,AGPE JONATHAN MORA MARTINEZ,SOLAR,NO DESPACHADO CENTRALMENTE,AUTOG PEQ. ESCALA,SCEC,RAD SOLAR,2025-12-11,OPERACION
5H1R,GD LA CATEDRAL,SOLAR,NO DESPACHADO CENTRALMENTE,GEN. DISTRIBUIDA,UNGG,RAD SOLAR,2026-01-31,OPERACION
5H1S,AGPE COMERCIALIZADORA LOS MONTES DE COLOMBIA SAS SEDE TRAPICHES,SOLAR,NO DESPACHADO CENTRALMENTE,AUTOG PEQ. ESCALA,GNCC,RAD SOLAR,2025-12-11,OPERACION
5H1T,AGPE PSFV COMPRESORA LA PAZ,SOLAR,NO DESPACHADO CENTRALMENTE,AUTOG PEQ. ESCALA,GNCC,RAD SOLAR,2025-12-11,OPERACION
5H1U,AGPE PIVETTE SAS,SOLAR,NO DESPACHADO CENTRALMENTE,AUTOG PEQ. ESCALA,QIEC,RAD SOLAR,2025-12-11,OPERACION
5H1V,AGPE CONVAA1,SOLAR,NO DESPACHADO CENTRALMENTE,AUTOG PEQ. ESCALA,ETTC,RAD SOLAR,2025-12-11,OPERACION
5H1W,AGPE LUIS GABRIEL MORA GUILLEN,SOLAR,NO DESPACHADO CENTRALMENTE,AUTOG PEQ. ESCALA,SCEC,RAD SOLAR,2025-12-11,OPERACION
5ID7,AGPE GEN PQA 1,SOLAR,NO DESPACHADO CENTRALMENTE,AUTOG PEQ. ESCALA,ISGC,RAD SOLAR,2025-12-18,OPERACION
5IG3,AGPE SILVANA MARGARITA FRANCESCHI,SOLAR,NO DESPACHADO CENTRALMENTE,AUTOG PEQ. ESCALA,ENBC,RAD SOLAR,2025-12-18,OPERACION
5IH1,AGPE SURTIDELICIAS FOOD SERVICE SAS CERETE,SOLAR,NO DESPACHADO CENTRALMENTE,AUTOG PEQ. ESCALA,SCEC,RAD SOLAR,2025-12-18,OPERACION
5IJ8,AGPE PECU1,SOLAR,NO DESPACHADO CENTRALMENTE,AUTOG PEQ. ESCALA,ETTC,RAD SOLAR,2025-12-18,OPERACION
5IJ9,AGPE JAMOGA1,SOLAR,NO DESPACHADO CENTRALMENTE,AUTOG PEQ. ESCALA,ETTC,RAD SOLAR,2025-12-18,OPERACION
5IKR,GD LYRA,SOLAR,NO DESPACHADO CENTRALMENTE,GEN. DISTRIBUIDA,BIAG,RAD SOLAR,2026-05-07,OPERACION
5IKS,AGPE SG SAN CHARBEL DE LA FE SAS,SOLAR,NO DESPACHADO CENTRALMENTE,AUTOG PEQ. ESCALA,ENBC,RAD SOLAR,2025-12-20,OPERACION
5IKT,GD SEMILLAS MONTERIA I,SOLAR,NO DESPACHADO CENTRALMENTE,GEN. DISTRIBUIDA,SNCG,RAD SOLAR,2026-01-12,OPERACION
5IKU,GD SEMILLAS MONTERIA II,SOLAR,NO DESPACHADO CENTRALMENTE,GEN. DISTRIBUIDA,SNCG,RAD SOLAR,2026-01-12,OPERACION
5IL7,AGPE PLASTIRED SAS,SOLAR,NO DESPACHADO CENTRALMENTE,AUTOG PEQ. ESCALA,GNCC,RAD SOLAR,2025-12-21,OPERACION
5ILE,AGPE CENTRO COMERCIAL BUGA PLAZA,SOLAR,NO DESPACHADO CENTRALMENTE,AUTOG PEQ. ESCALA,BIAC,RAD SOLAR,2025-12-20,OPERACION
5ILK,AGPE COLEGIO HACIENDA LOS ALCAPARROS,SOLAR,NO DESPACHADO CENTRALMENTE,AUTOG PEQ. ESCALA,NEUC,RAD SOLAR,2025-12-24,OPERACION
5ILL,AGPE PAOLA VANESA VELILLA,SOLAR,NO DESPACHADO CENTRALMENTE,AUTOG PEQ. ESCALA,NEUC,RAD SOLAR,2025-12-24,OPERACION
5ILM,AGPE GRUPO DECOR BARRANQUILLA,SOLAR,NO DESPACHADO CENTRALMENTE,AUTOG PEQ. ESCALA,NEUC,RAD SOLAR,2025-12-24,OPERACION
5ILX,AGPE JERONIMO MARTINS COLOMBIA SAS TIENDA 636 LA CHUCUA BOGOTA,SOLAR,NO DESPACHADO CENTRALMENTE,AUTOG PEQ. ESCALA,GNCC,RAD SOLAR,2025-12-25,OPERACION
5ILY,AGPE SAN CARLOS 2 ETAPA 4,SOLAR,NO DESPACHADO CENTRALMENTE,AUTOG PEQ. ESCALA,GNCC,RAD SOLAR,2025-12-25,OPERACION
5ILZ,AGPE TIENDA ARA MADRID,SOLAR,NO DESPACHADO CENTRALMENTE,AUTOG PEQ. ESCALA,GNCC,RAD SOLAR,2025-12-25,OPERACION
5IM1,AGPE WOODPECKER,SOLAR,NO DESPACHADO CENTRALMENTE,AUTOG PEQ. ESCALA,NEUC,RAD SOLAR,2025-12-25,OPERACION
5IM2,AGPE TIENDA ARA TOCANCIPA,SOLAR,NO DESPACHADO CENTRALMENTE,AUTOG PEQ. ESCALA,GNCC,RAD SOLAR,2025-12-25,OPERACION
5IM3,AGPE TIENDA ARA SOACHA,SOLAR,NO DESPACHADO CENTRALMENTE,AUTOG PEQ. ESCALA,GNCC,RAD SOLAR,2025-12-25,OPERACION
5IM4,AGPE TIENDA ARA FUNZA,SOLAR,NO DESPACHADO CENTRALMENTE,AUTOG PEQ. ESCALA,GNCC,RAD SOLAR,2025-12-25,OPERACION
5IM5,AGPE SUPERMERCADO BETEL CHAPINERO,SOLAR,NO DESPACHADO CENTRALMENTE,AUTOG PEQ. ESCALA,GNCC,RAD SOLAR,2025-12-25,OPERACION
5IM6,AGPE SUPERMERCADO BETEL BOCONO,SOLAR,NO DESPACHADO CENTRALMENTE,AUTOG PEQ. ESCALA,GNCC,RAD SOLAR,2025-12-25,OPERACION
5IM7,GD ORBIS,SOLAR,NO DESPACHADO CENTRALMENTE,GEN. DISTRIBUIDA,BIAG,RAD SOLAR,2026-05-07,OPERACION
5IM8,AGPE ROYAL FILMS AV LOS SAMANES,SOLAR,NO DESPACHADO CENTRALMENTE,AUTOG PEQ. ESCALA,QIEC,RAD SOLAR,2025-12-25,OPERACION
5IM9,AGPE SUPERMERCADO BETEL LA FLORESTA,SOLAR,NO DESPACHADO CENTRALMENTE,AUTOG PEQ. ESCALA,GNCC,RAD SOLAR,2025-12-25,OPERACION
5IMA,AGPE STO 88 REDONDA,SOLAR,NO DESPACHADO CENTRALMENTE,AUTOG PEQ. ESCALA,GNCC,RAD SOLAR,2025-12-25,OPERACION
5IMB,AGPE CEDILLANOS,SOLAR,NO DESPACHADO CENTRALMENTE,AUTOG PEQ. ESCALA,UNGG,RAD SOLAR,2025-12-25,OPERACION
5IMC,AGPE AVICOLA COMERCIAL L SAS RIOSUCIO,SOLAR,NO DESPACHADO CENTRALMENTE,AUTOG PEQ. ESCALA,GNCC,RAD SOLAR,2025-12-25,OPERACION
5IMD,AGPE COOPIMAR,SOLAR,NO DESPACHADO CENTRALMENTE,AUTOG PEQ. ESCALA,GNCC,RAD SOLAR,2025-12-25,OPERACION
5IME,PARQUE SOLAR SABANA,SOLAR,NO DESPACHADO CENTRALMENTE,NORMAL,AAGG,RAD SOLAR,2025-03-31,PRUEBAS
5IMF,AGPE GLADYS MARIA ANGARITA AZUERO,SOLAR,NO DESPACHADO CENTRALMENTE,AUTOG PEQ. ESCALA,SCEC,RAD SOLAR,2025-12-25,OPERACION
5IMG,AGPE STO 678 AMERICAS,SOLAR,NO DESPACHADO CENTRALMENTE,AUTOG PEQ. ESCALA,GNCC,RAD SOLAR,2025-12-25,OPERACION
5ISK,GD PALMERAS I,SOLAR,NO DESPACHADO CENTRALMENTE,GEN. DISTRIBUIDA,OTAG,RAD SOLAR,2026-01-06,OPERACION
5ISL,GD PALMERAS III,SOLAR,NO DESPACHADO CENTRALMENTE,GEN. DISTRIBUIDA,OTAG,RAD SOLAR,2026-01-06,OPERACION
5ISM,GD PALMERAS IV,SOLAR,NO DESPACHADO CENTRALMENTE,GEN. DISTRIBUIDA,OTAG,RAD SOLAR,2026-01-06,OPERACION
5ISN,GD CSF ARENALES I,SOLAR,NO DESPACHADO CENTRALMENTE,GEN. DISTRIBUIDA,GCYG,RAD SOLAR,2026-03-20,OPERACION
5ISO,GD PALMERAS II,SOLAR,NO DESPACHADO CENTRALMENTE,GEN. DISTRIBUIDA,OTAG,RAD SOLAR,2026-01-06,OPERACION
5ISP,AGPE VEROCAVI JOSE ALBERTO CALDERON,SOLAR,NO DESPACHADO CENTRALMENTE,AUTOG PEQ. ESCALA,NEUC,RAD SOLAR,2026-01-01,OPERACION
5ISQ,AGPE HACIENDA EL TREBOL,SOLAR,NO DESPACHADO CENTRALMENTE,AUTOG PEQ. ESCALA,GNCC,RAD SOLAR,2026-01-01,OPERACION
5ISR,GD LA MACANA,SOLAR,NO DESPACHADO CENTRALMENTE,GEN. DISTRIBUIDA,SUNG,RAD SOLAR,2026-01-16,OPERACION
5ISS,GD PARQUE SOLAR GRANADA II,SOLAR,NO DESPACHADO CENTRALMENTE,GEN. DISTRIBUIDA,EMSG,RAD SOLAR,2026-01-05,OPERACION
5IST,AGPE SAFELA,SOLAR,NO DESPACHADO CENTRALMENTE,AUTOG PEQ. ESCALA,GNCC,RAD SOLAR,2026-01-01,OPERACION
5ISU,AGPE JERONIMO MARTINS COLOMBIA SAS TIENDA 944 TRONCAL PIVIJAY,SOLAR,NO DESPACHADO CENTRALMENTE,AUTOG PEQ. ESCALA,GNCC,RAD SOLAR,2026-01-01,OPERACION
5ISV,AGPE JERONIMO MARTINS COLOMBIA SAS TIENDA 633 PARAISO BARRANQUILLA,SOLAR,NO DESPACHADO CENTRALMENTE,AUTOG PEQ. ESCALA,GNCC,RAD SOLAR,2026-01-01,OPERACION
5ISW,AGPE JERONIMO MARTINS COLOMBIA SAS TIENDA 591 BUENOS AIRES BARRANQUILLA,SOLAR,NO DESPACHADO CENTRALMENTE,AUTOG PEQ. ESCALA,GNCC,RAD SOLAR,2026-01-01,OPERACION
5ISX,PLANTA SOLAR SAN FRANCISCO,SOLAR,NO DESPACHADO CENTRALMENTE,NORMAL,EPMG,RAD SOLAR,2026-07-27,OPERACION
5ISY,GD BLANCA ENERGY III,SOLAR,NO DESPACHADO CENTRALMENTE,GEN. DISTRIBUIDA,DUCG,RAD SOLAR,2026-02-08,OPERACION
5ISZ,AGPE COMPANIA DE FINANCIAMIENTO LEASING ITAU SA SOLICITUD 25283,SOLAR,NO DESPACHADO CENTRALMENTE,AUTOG PEQ. ESCALA,GNCC,RAD SOLAR,2026-01-01,OPERACION
5IT1,GD ALAMO SOLAR,SOLAR,NO DESPACHADO CENTRALMENTE,GEN. DISTRIBUIDA,ERRG,RAD SOLAR,2026-01-30,OPERACION
5IT2,GD SEMILLA DEL PASO IA,SOLAR,NO DESPACHADO CENTRALMENTE,GEN. DISTRIBUIDA,ERRG,RAD SOLAR,2026-01-09,OPERACION
5IT3,GD SEMILLA DEL PASO III,SOLAR,NO DESPACHADO CENTRALMENTE,GEN. DISTRIBUIDA,ERRG,RAD SOLAR,2026-01-09,OPERACION
5IT4,AGPE LASMA1,SOLAR,NO DESPACHADO CENTRALMENTE,AUTOG PEQ. ESCALA,ETTC,RAD SOLAR,2026-01-01,OPERACION
5IT5,AGPE LADRILLERA SANTALUCIA,SOLAR,NO DESPACHADO CENTRALMENTE,AUTOG PEQ. ESCALA,GNCC,RAD SOLAR,2026-01-01,OPERACION
5IVU,AGPE ALTIPAL SAS,SOLAR,NO DESPACHADO CENTRALMENTE,AUTOG PEQ. ESCALA,BIAC,RAD SOLAR,2026-01-03,OPERACION
5IVV,AGPE LADRILLERA LA TOSCANA,SOLAR,NO DESPACHADO CENTRALMENTE,AUTOG PEQ. ESCALA,BIAC,RAD SOLAR,2026-01-03,OPERACION
5IVZ,GD CORALITO,SOLAR,NO DESPACHADO CENTRALMENTE,GEN. DISTRIBUIDA,SNCG,RAD SOLAR,2026-01-18,OPERACION
5IW1,GD EMPERATRIZ I,SOLAR,NO DESPACHADO CENTRALMENTE,GEN. DISTRIBUIDA,SNCG,RAD SOLAR,2026-02-19,OPERACION
5J84,AGPE ACEIS FIC48 ZC,SOLAR,NO DESPACHADO CENTRALMENTE,AUTOG PEQ. ESCALA,NEUC,RAD SOLAR,2026-01-08,OPERACION
5J85,AGPE OPAV LA SEMILLA,SOLAR,NO DESPACHADO CENTRALMENTE,AUTOG PEQ. ESCALA,EPMC,RAD SOLAR,2026-01-08,OPERACION
5J86,AGPE MARIA ANGELICA BORJA RUEDA,SOLAR,NO DESPACHADO CENTRALMENTE,AUTOG PEQ. ESCALA,ENBC,RAD SOLAR,2026-01-08,OPERACION
5J87,AGPE SOLO MODAS BAZURTO,SOLAR,NO DESPACHADO CENTRALMENTE,AUTOG PEQ. ESCALA,GNCC,RAD SOLAR,2026-01-08,OPERACION
5J88,AGPE CIA DE FINANCIAMIENTO LEASING ITAU SA SOLICITUD 21875,SOLAR,NO DESPACHADO CENTRALMENTE,AUTOG PEQ. ESCALA,GNCC,RAD SOLAR,2026-01-08,OPERACION
5J89,AGPE JERONIMO MARTINS COLOMBIA SAS TIENDA 945 SANTA MARTA GAIRA CENTRO,SOLAR,NO DESPACHADO CENTRALMENTE,AUTOG PEQ. ESCALA,GNCC,RAD SOLAR,2026-01-08,OPERACION
5J8A,AGPE JERONIMO MARTINS COLOMBIA SAS TIENDA 649 BOSTON BARRANQUILLA,SOLAR,NO DESPACHADO CENTRALMENTE,AUTOG PEQ. ESCALA,GNCC,RAD SOLAR,2026-01-08,OPERACION
5J8B,AGPE JERONIMO MARTINS COLOMBIA SAS TIENDA 810 VILLA TAREL BARRANQUILLA,SOLAR,NO DESPACHADO CENTRALMENTE,AUTOG PEQ. ESCALA,GNCC,RAD SOLAR,2026-01-08,OPERACION
5J8C,AGPE JERONIMO MARTINS COLOMBIA SAS TIENDA 1091 CENTRO FONSECA,SOLAR,NO DESPACHADO CENTRALMENTE,AUTOG PEQ. ESCALA,GNCC,RAD SOLAR,2026-01-08,OPERACION
5J8D,AGPE CORPLASTICOS,SOLAR,NO DESPACHADO CENTRALMENTE,AUTOG PEQ. ESCALA,GNCC,RAD SOLAR,2026-01-08,OPERACION
5J8E,AGPE LABORATORIOS ASEPTIC SAS,SOLAR,NO DESPACHADO CENTRALMENTE,AUTOG PEQ. ESCALA,GNCC,RAD SOLAR,2026-01-08,OPERACION
5J8F,AGPE EDIFICIO MIRADOR DE SANTA MARIA SAS HOTEL QUO,SOLAR,NO DESPACHADO CENTRALMENTE,AUTOG PEQ. ESCALA,GNCC,RAD SOLAR,2026-01-08,OPERACION
5J8G,AGPE SSFV INCOLAB SERVICES COLOMBIA SAS,SOLAR,NO DESPACHADO CENTRALMENTE,AUTOG PEQ. ESCALA,GNCC,RAD SOLAR,2026-01-08,OPERACION
5J8H,GRANJA SOLAR ASTURIAS,SOLAR,NO DESPACHADO CENTRALMENTE,NORMAL,GRCG,RAD SOLAR,2024-10-31,PRUEBAS
5J8H,GRANJA SOLAR ASTURIAS,SOLAR,NO DESPACHADO CENTRALMENTE,NORMAL,GRCG,RAD SOLAR,2024-10-31,PRUEBAS
5J8I,GD GOLONDRINA,SOLAR,NO DESPACHADO CENTRALMENTE,GEN. DISTRIBUIDA,SNCG,RAD SOLAR,2026-01-18,OPERACION
5J8J,GD EMPERATRIZ II,SOLAR,NO DESPACHADO CENTRALMENTE,GEN. DISTRIBUIDA,SNCG,RAD SOLAR,2026-02-19,OPERACION
5J8K,PARQUE SOLAR HATO GRANDE,SOLAR,NO DESPACHADO CENTRALMENTE,NORMAL,GNYG,RAD SOLAR,2025-08-31,PRUEBAS
5J8L,AGPE GRUPO FIRENZE SAS,SOLAR,NO DESPACHADO CENTRALMENTE,AUTOG PEQ. ESCALA,SCEC,RAD SOLAR,2026-01-08,OPERACION
5J8M,AGPE FRASSER DEL FUTURO SAS,SOLAR,NO DESPACHADO CENTRALMENTE,AUTOG PEQ. ESCALA,SCEC,RAD SOLAR,2026-01-08,OPERACION
5J8N,AGPE CACOM NO6 FAC,SOLAR,NO DESPACHADO CENTRALMENTE,AUTOG PEQ. ESCALA,EPMC,RAD SOLAR,2026-01-08,OPERACION
5JDI,AGPE ALFONSO JOSE GOMEZ GALLON,SOLAR,NO DESPACHADO CENTRALMENTE,AUTOG PEQ. ESCALA,SCEC,RAD SOLAR,2026-01-15,OPERACION
5JDJ,AGPE SABAR1,SOLAR,NO DESPACHADO CENTRALMENTE,AUTOG PEQ. ESCALA,ETTC,RAD SOLAR,2026-01-15,OPERACION
5JDK,AGPE ABRLIN1,SOLAR,NO DESPACHADO CENTRALMENTE,AUTOG PEQ. ESCALA,ETTC,RAD SOLAR,2026-01-15,OPERACION
5JDL,PARQUE SOLAR EL JARDIN,SOLAR,NO DESPACHADO CENTRALMENTE,NORMAL,GNYG,RAD SOLAR,2025-09-30,PRUEBAS
5JDM,AGPE TUCURINCA MOBILIARIOS SAS,SOLAR,NO DESPACHADO CENTRALMENTE,AUTOG PEQ. ESCALA,BIAC,RAD SOLAR,2026-01-15,OPERACION
5JG6,GD SOLYCIELO 9,SOLAR,NO DESPACHADO CENTRALMENTE,GEN. DISTRIBUIDA,UNGG,RAD SOLAR,2026-02-20,OPERACION
5JG7,AGPE PATRICIA BRAVO ARIZA,SOLAR,NO DESPACHADO CENTRALMENTE,AUTOG PEQ. ESCALA,NEUC,RAD SOLAR,2026-01-22,OPERACION
5JG8,AGPE EDGAR RICARDO ROJAS ECHEVERRY,SOLAR,NO DESPACHADO CENTRALMENTE,AUTOG PEQ. ESCALA,ENBC,RAD SOLAR,2026-01-22,OPERACION
5JG9,AGPE NELSON ALBERTO HENAO MAYA,SOLAR,NO DESPACHADO CENTRALMENTE,AUTOG PEQ. ESCALA,ENBC,RAD SOLAR,2026-01-22,OPERACION
5JGA,AGPE ANTENA RCN RADIO SAN JOSE,SOLAR,NO DESPACHADO CENTRALMENTE,AUTOG PEQ. ESCALA,GNCC,RAD SOLAR,2026-01-22,OPERACION
5JGB,AGPE MORICHAL PLAZA CENTRO COMERCIAL,SOLAR,NO DESPACHADO CENTRALMENTE,AUTOG PEQ. ESCALA,QIEC,RAD SOLAR,2026-01-22,OPERACION
5JGC,AGPE SODETRANS,SOLAR,NO DESPACHADO CENTRALMENTE,AUTOG PEQ. ESCALA,RTQC,RAD SOLAR,2026-01-22,OPERACION
5JGD,AGPE INVERSIONES NASCAR Y ASOCIADOS SAS,SOLAR,NO DESPACHADO CENTRALMENTE,AUTOG PEQ. ESCALA,SCEC,RAD SOLAR,2026-01-22,OPERACION
5JGE,GD ERCO LAS PIEDRAS II,SOLAR,NO DESPACHADO CENTRALMENTE,GEN. DISTRIBUIDA,ERRG,RAD SOLAR,2026-01-31,OPERACION
5JJA,GD CHIRIGUANA NORTE I,SOLAR,NO DESPACHADO CENTRALMENTE,GEN. DISTRIBUIDA,COXG,RAD SOLAR,2026-06-23,OPERACION
5JJB,AGPE VICAFRM1,SOLAR,NO DESPACHADO CENTRALMENTE,AUTOG PEQ. ESCALA,ETTC,RAD SOLAR,2026-01-29,OPERACION
5JJC,GD ERCO LAS PIEDRAS I,SOLAR,NO DESPACHADO CENTRALMENTE,GEN. DISTRIBUIDA,ERRG,RAD SOLAR,2026-02-19,OPERACION
5JJE,AGPE AGRICOLA CACTUS FINCA 2 75 POSTCOSECHA,SOLAR,NO DESPACHADO CENTRALMENTE,AUTOG PEQ. ESCALA,GNCC,RAD SOLAR,2026-01-29,OPERACION
5JJF,AGPE CARNES SANTACRUZ EL CONCORD MALAMBO,SOLAR,NO DESPACHADO CENTRALMENTE,AUTOG PEQ. ESCALA,GNCC,RAD SOLAR,2026-01-29,OPERACION
5JJG,AGPE TECNOGRANJAS POLO NUEVO,SOLAR,NO DESPACHADO CENTRALMENTE,AUTOG PEQ. ESCALA,GNCC,RAD SOLAR,2026-01-29,OPERACION
5JJH,AGPE AGRICOLA CACTUS FINCA 2 30 BOMBAS,SOLAR,NO DESPACHADO CENTRALMENTE,AUTOG PEQ. ESCALA,GNCC,RAD SOLAR,2026-01-29,OPERACION
5JQL,GD POLARIS III,SOLAR,NO DESPACHADO CENTRALMENTE,GEN. DISTRIBUIDA,BIAG,RAD SOLAR,2026-02-06,OPERACION
5JR6,AGPE IDM SOLAR BOGOTA,SOLAR,NO DESPACHADO CENTRALMENTE,AUTOG PEQ. ESCALA,ENDC,RAD SOLAR,2026-02-01,OPERACION
5JR7,AGPE AVICOLA DEL MAGDALENA SA,SOLAR,NO DESPACHADO CENTRALMENTE,AUTOG PEQ. ESCALA,EXEC,RAD SOLAR,2026-02-01,OPERACION
5JR8,AGPE INDUCON,SOLAR,NO DESPACHADO CENTRALMENTE,AUTOG PEQ. ESCALA,EXEC,RAD SOLAR,2026-02-01,OPERACION
5JR9,AGPE VANTI SAN ANDRES,TERMICA,NO DESPACHADO CENTRALMENTE,AUTOG PEQ. ESCALA,ENDC,GAS,2026-02-01,OPERACION
5JRA,AGPE VANTI PROSPERIDAD,TERMICA,NO DESPACHADO CENTRALMENTE,AUTOG PEQ. ESCALA,ENDC,GAS,2026-02-01,OPERACION
5JRB,AGPE VANTI SAN BERNARDINO,TERMICA,NO DESPACHADO CENTRALMENTE,AUTOG PEQ. ESCALA,ENDC,GAS,2026-02-01,OPERACION
5JRO,GD EDEQ SOLAR LA TEBAIDA,SOLAR,NO DESPACHADO CENTRALMENTE,GEN. DISTRIBUIDA,EDQG,RAD SOLAR,2026-02-10,OPERACION
5JRP,GD EDEQ SOLAR MONTENEGRO,SOLAR,NO DESPACHADO CENTRALMENTE,GEN. DISTRIBUIDA,EDQG,RAD SOLAR,2026-02-10,OPERACION
5JRW,AGPE JERONIMO MARTINS COLOMBIA SAS TIENDA 357 CHIA VARIANTE,SOLAR,NO DESPACHADO CENTRALMENTE,AUTOG PEQ. ESCALA,GNCC,RAD SOLAR,2026-02-05,OPERACION
5JRX,AGPE TIENDA ARA MOSQUERA,SOLAR,NO DESPACHADO CENTRALMENTE,AUTOG PEQ. ESCALA,GNCC,RAD SOLAR,2026-02-05,OPERACION
5JRY,AGPE TRANSDIAZ,SOLAR,NO DESPACHADO CENTRALMENTE,AUTOG PEQ. ESCALA,RTQC,RAD SOLAR,2026-02-05,OPERACION
5JRZ,AGPE MARIA EMILIA GARCIA MENDEZ,SOLAR,NO DESPACHADO CENTRALMENTE,AUTOG PEQ. ESCALA,SCEC,RAD SOLAR,2026-02-05,OPERACION
5JS1,AGPE JERONIMO MARTINS COL SAS TIENDA 279 LUCERO BAJO BOG,SOLAR,NO DESPACHADO CENTRALMENTE,AUTOG PEQ. ESCALA,GNCC,RAD SOLAR,2026-02-05,OPERACION
5JS2,AGPE PROTECCION CATODICA DE COLOMBIA SAS 1,SOLAR,NO DESPACHADO CENTRALMENTE,AUTOG PEQ. ESCALA,ENBC,RAD SOLAR,2026-02-05,OPERACION
5JS3,AGPE TEMPLAR SAS,SOLAR,NO DESPACHADO CENTRALMENTE,AUTOG PEQ. ESCALA,BIAC,RAD SOLAR,2026-02-05,OPERACION
5JS4,AGPE PLANTA TEMPLAR SEDE CARACOLI,SOLAR,NO DESPACHADO CENTRALMENTE,AUTOG PEQ. ESCALA,BIAC,RAD SOLAR,2026-02-05,OPERACION
5JS5,AGPE CUCINARE SAS,SOLAR,NO DESPACHADO CENTRALMENTE,AUTOG PEQ. ESCALA,BIAC,RAD SOLAR,2026-02-05,OPERACION
5JS6,AGPE FARMATODO HAYUELOS,SOLAR,NO DESPACHADO CENTRALMENTE,AUTOG PEQ. ESCALA,BIAC,RAD SOLAR,2026-02-05,OPERACION
5JS7,AGPE SURTIDELICIAS FOOD SERVICE SAS MONTERIA,SOLAR,NO DESPACHADO CENTRALMENTE,AUTOG PEQ. ESCALA,SCEC,RAD SOLAR,2026-02-05,OPERACION
5JS8,AGPE SURTIDELICIAS FOOD SERVICE SAS DORADO,SOLAR,NO DESPACHADO CENTRALMENTE,AUTOG PEQ. ESCALA,SCEC,RAD SOLAR,2026-02-05,OPERACION
5JS9,AGPE PUERTO 125 ZC,SOLAR,NO DESPACHADO CENTRALMENTE,AUTOG PEQ. ESCALA,ENBC,RAD SOLAR,2026-02-05,OPERACION
5JSA,AGPE AVICOLA COMERCIAL L SAS MANIZALES,SOLAR,NO DESPACHADO CENTRALMENTE,AUTOG PEQ. ESCALA,GNCC,RAD SOLAR,2026-02-05,OPERACION
5JSB,AGPE SOLUCIONES INFORMATICAS CORPORATIVAS SIC SAS,SOLAR,NO DESPACHADO CENTRALMENTE,AUTOG PEQ. ESCALA,SCEC,RAD SOLAR,2026-02-05,OPERACION
5JSC,AGPE PROYECTO SEVILLANA SAS CASA 45,SOLAR,NO DESPACHADO CENTRALMENTE,AUTOG PEQ. ESCALA,SCEC,RAD SOLAR,2026-02-05,OPERACION
5JSD,AGPE PROYECTO SEVILLANA SAS CASA 47,SOLAR,NO DESPACHADO CENTRALMENTE,AUTOG PEQ. ESCALA,SCEC,RAD SOLAR,2026-02-05,OPERACION
5JSE,AGPE PROYECTO SEVILLANA SAS CASA 46,SOLAR,NO DESPACHADO CENTRALMENTE,AUTOG PEQ. ESCALA,SCEC,RAD SOLAR,2026-02-05,OPERACION
5JSF,AGPE TIENDA ARA CHOCONTA,SOLAR,NO DESPACHADO CENTRALMENTE,AUTOG PEQ. ESCALA,GNCC,RAD SOLAR,2026-02-05,OPERACION
5JSG,AGPE PROYECTO SEVILLANA SAS CASA 31,SOLAR,NO DESPACHADO CENTRALMENTE,AUTOG PEQ. ESCALA,SCEC,RAD SOLAR,2026-02-05,OPERACION
5JSH,AGPE PROYECTO SEVILLANA SAS CASA 50,SOLAR,NO DESPACHADO CENTRALMENTE,AUTOG PEQ. ESCALA,SCEC,RAD SOLAR,2026-02-05,OPERACION
5JSI,AGPE PROYECTO SEVILLANA SAS CASA 48,SOLAR,NO DESPACHADO CENTRALMENTE,AUTOG PEQ. ESCALA,SCEC,RAD SOLAR,2026-02-05,OPERACION
5JSJ,AGPE PAOLA ALEXANDRA GUARNIZO SOTOMAYOR,SOLAR,NO DESPACHADO CENTRALMENTE,AUTOG PEQ. ESCALA,SCEC,RAD SOLAR,2026-02-05,OPERACION
5JSK,AGPE PROYECTO SEVILLANA SAS CASA 33,SOLAR,NO DESPACHADO CENTRALMENTE,AUTOG PEQ. ESCALA,SCEC,RAD SOLAR,2026-02-05,OPERACION
5K7C,AGPE DEPOTR1,SOLAR,NO DESPACHADO CENTRALMENTE,AUTOG PEQ. ESCALA,ETTC,RAD SOLAR,2026-02-12,OPERACION
5K7D,AGPE FARMATODO 1018544,SOLAR,NO DESPACHADO CENTRALMENTE,AUTOG PEQ. ESCALA,NEUC,RAD SOLAR,2026-02-12,OPERACION
5K7E,AGPE VITELSA118,SOLAR,NO DESPACHADO CENTRALMENTE,AUTOG PEQ. ESCALA,EPMC,RAD SOLAR,2026-02-12,OPERACION
5K7F,AGPE IPS MOLINOS,SOLAR,NO DESPACHADO CENTRALMENTE,AUTOG PEQ. ESCALA,EPMC,RAD SOLAR,2026-02-12,OPERACION
5K7G,AGPE STO 689 PEPE SIERRA,SOLAR,NO DESPACHADO CENTRALMENTE,AUTOG PEQ. ESCALA,NEUC,RAD SOLAR,2026-02-12,OPERACION
5K7H,GD PEGASUS SOLAR,SOLAR,NO DESPACHADO CENTRALMENTE,GEN. DISTRIBUIDA,GNYG,RAD SOLAR,2026-03-03,OPERACION
5K7I,GD PARQUE SOLAR LA ESPERANZA,SOLAR,NO DESPACHADO CENTRALMENTE,GEN. DISTRIBUIDA,EMSG,RAD SOLAR,2026-02-20,OPERACION
5K7J,AGPE UNAL MINAS,SOLAR,NO DESPACHADO CENTRALMENTE,AUTOG PEQ. ESCALA,EPMC,RAD SOLAR,2026-02-12,OPERACION
5K7K,AGPE SCALPI,SOLAR,NO DESPACHADO CENTRALMENTE,AUTOG PEQ. ESCALA,EPMC,RAD SOLAR,2026-02-12,OPERACION
5K7L,AGPE COLEGIO PANAMERICANO,SOLAR,NO DESPACHADO CENTRALMENTE,AUTOG PEQ. ESCALA,RTQC,RAD SOLAR,2026-02-12,OPERACION
5K7M,AGPE KFC GIRARDOT EL LEON,SOLAR,NO DESPACHADO CENTRALMENTE,AUTOG PEQ. ESCALA,EXEC,RAD SOLAR,2026-02-12,OPERACION
5K7N,GD SEMILLA DE EL PASO IVA,SOLAR,NO DESPACHADO CENTRALMENTE,GEN. DISTRIBUIDA,ERRG,RAD SOLAR,2026-02-20,OPERACION
5K7O,GD SEMILLA DE EL PASO IIIA,SOLAR,NO DESPACHADO CENTRALMENTE,GEN. DISTRIBUIDA,ERRG,RAD SOLAR,2026-02-20,OPERACION
5L9R,AGPE PRT100,SOLAR,NO DESPACHADO CENTRALMENTE,AUTOG PEQ. ESCALA,ETTC,RAD SOLAR,2026-02-19,OPERACION
5L9S,AGPE COSIM1,SOLAR,NO DESPACHADO CENTRALMENTE,AUTOG PEQ. ESCALA,ETTC,RAD SOLAR,2026-02-19,OPERACION
5L9T,GD PARQUE SOLAR TRONCAL,SOLAR,NO DESPACHADO CENTRALMENTE,GEN. DISTRIBUIDA,EMSG,RAD SOLAR,2026-02-22,OPERACION
5L9U,AGPE PROYECTO SEVILLANA SAS CASA 41,SOLAR,NO DESPACHADO CENTRALMENTE,AUTOG PEQ. ESCALA,SCEC,RAD SOLAR,2026-02-19,OPERACION
5L9V,AGPE PROYECTO SEVILLANA SAS CASA 53,SOLAR,NO DESPACHADO CENTRALMENTE,AUTOG PEQ. ESCALA,SCEC,RAD SOLAR,2026-02-19,OPERACION
5L9W,AGPE PROYECTO SEVILLANA SAS CASA 52,SOLAR,NO DESPACHADO CENTRALMENTE,AUTOG PEQ. ESCALA,SCEC,RAD SOLAR,2026-02-19,OPERACION
5L9X,AGPE JESUS ANTONIO PEREZ GARCIA,SOLAR,NO DESPACHADO CENTRALMENTE,AUTOG PEQ. ESCALA,ENBC,RAD SOLAR,2026-02-19,OPERACION
5L9Z,AGPE 567 ARA ORIHUECA CALLE 5,SOLAR,NO DESPACHADO CENTRALMENTE,AUTOG PEQ. ESCALA,NEUC,RAD SOLAR,2026-02-19,OPERACION
5LA1,AGPE ARA SEDE 344 PLAZA SIMON BOLIVAR,SOLAR,NO DESPACHADO CENTRALMENTE,AUTOG PEQ. ESCALA,GNCC,RAD SOLAR,2026-02-19,OPERACION
5LA2,AGPE JERONIMO MARTINS COLOMBIA SAS TIENDA 907 SAN JUAN DE BETULIA,SOLAR,NO DESPACHADO CENTRALMENTE,AUTOG PEQ. ESCALA,GNCC,RAD SOLAR,2026-02-19,OPERACION
5LA3,AGPE COMBITA 2 BODEGA,SOLAR,NO DESPACHADO CENTRALMENTE,AUTOG PEQ. ESCALA,GNCC,RAD SOLAR,2026-02-19,OPERACION
5LA4,AGPE CC PLAZA 90,SOLAR,NO DESPACHADO CENTRALMENTE,AUTOG PEQ. ESCALA,GNCC,RAD SOLAR,2026-02-19,OPERACION
5LA9,AGPE 524 ARA PALMAR DE LA VARELA CENTRO,SOLAR,NO DESPACHADO CENTRALMENTE,AUTOG PEQ. ESCALA,NEUC,RAD SOLAR,2026-02-19,OPERACION
5LAA,GD SEVILLANO RURAL II,SOLAR,NO DESPACHADO CENTRALMENTE,GEN. DISTRIBUIDA,GNYG,RAD SOLAR,2026-02-27,OPERACION
5LAB,AGPE PROYECTO SEVILLANA SAS CASA 51,SOLAR,NO DESPACHADO CENTRALMENTE,AUTOG PEQ. ESCALA,SCEC,RAD SOLAR,2026-02-19,OPERACION
5LAC,AGPE RAFAEL CESAR SANTIAGO NAAR,SOLAR,NO DESPACHADO CENTRALMENTE,AUTOG PEQ. ESCALA,SCEC,RAD SOLAR,2026-02-19,OPERACION
5LAD,AGPE SHARON ELIZABETH NISPERUZA LLORENTE,SOLAR,NO DESPACHADO CENTRALMENTE,AUTOG PEQ. ESCALA,SCEC,RAD SOLAR,2026-02-19,OPERACION
5LAE,AGPE SUGEY ELENA NADER ALEMAN,SOLAR,NO DESPACHADO CENTRALMENTE,AUTOG PEQ. ESCALA,SCEC,RAD SOLAR,2026-02-19,OPERACION
5LNV,AGPE INVERSIONES ZULUAGA RUEDA,SOLAR,NO DESPACHADO CENTRALMENTE,AUTOG PEQ. ESCALA,RTQC,RAD SOLAR,2026-02-21,OPERACION
5LNW,AGPE FARMATODO LIBERTADORES,SOLAR,NO DESPACHADO CENTRALMENTE,AUTOG PEQ. ESCALA,RTQC,RAD SOLAR,2026-02-21,OPERACION
5LOL,AGPE LADRILLERA LOS IKA,SOLAR,NO DESPACHADO CENTRALMENTE,AUTOG PEQ. ESCALA,EPSC,RAD SOLAR,2026-02-26,OPERACION
5LOM,AGPE FUNTEC2,SOLAR,NO DESPACHADO CENTRALMENTE,AUTOG PEQ. ESCALA,ETTC,RAD SOLAR,2026-02-26,OPERACION
5LON,GD MEISSA II,SOLAR,NO DESPACHADO CENTRALMENTE,GEN. DISTRIBUIDA,GNYG,RAD SOLAR,2026-03-20,OPERACION
5LOO,GD SEVILLANO RURAL I,SOLAR,NO DESPACHADO CENTRALMENTE,GEN. DISTRIBUIDA,GNYG,RAD SOLAR,2026-03-03,OPERACION
5LOP,AGPE TERPEL PIEDECUESTA,SOLAR,NO DESPACHADO CENTRALMENTE,AUTOG PEQ. ESCALA,BIAC,RAD SOLAR,2026-02-26,OPERACION
5LOQ,AGPE HOTEL CORAL SANTA MARTA,SOLAR,NO DESPACHADO CENTRALMENTE,AUTOG PEQ. ESCALA,BIAC,RAD SOLAR,2026-02-26,OPERACION
5LOR,AGPE TERPEL EL RECREO,SOLAR,NO DESPACHADO CENTRALMENTE,AUTOG PEQ. ESCALA,BIAC,RAD SOLAR,2026-02-26,OPERACION
5LOS,AGPE FERNANDO MUNARRIZ SALCEDO CASA 20,SOLAR,NO DESPACHADO CENTRALMENTE,AUTOG PEQ. ESCALA,ENBC,RAD SOLAR,2026-02-26,OPERACION
5LOT,AGPE DIANA AMPARO BRITTO,SOLAR,NO DESPACHADO CENTRALMENTE,AUTOG PEQ. ESCALA,ENBC,RAD SOLAR,2026-02-26,OPERACION
5LQS,AGPE AGROPECUARIA TABAIDA SAS SANTA MARTA,SOLAR,NO DESPACHADO CENTRALMENTE,AUTOG PEQ. ESCALA,SCEC,RAD SOLAR,2026-02-27,OPERACION
5LQT,AGPE SS LA SANTA VM SAS,SOLAR,NO DESPACHADO CENTRALMENTE,AUTOG PEQ. ESCALA,SCEC,RAD SOLAR,2026-02-27,OPERACION
5LQU,AGPE MARIA OLINDA VEGA MILANE,SOLAR,NO DESPACHADO CENTRALMENTE,AUTOG PEQ. ESCALA,SCEC,RAD SOLAR,2026-02-27,OPERACION
5LRE,AGPE EDUARDO PATRON PEREZ,SOLAR,NO DESPACHADO CENTRALMENTE,AUTOG PEQ. ESCALA,SCEC,RAD SOLAR,2026-03-02,OPERACION
5LRF,AGPE TIENDA ARA ZIPAQUIRA,SOLAR,NO DESPACHADO CENTRALMENTE,AUTOG PEQ. ESCALA,GNCC,RAD SOLAR,2026-02-26,OPERACION
5LRG,AGPE FRIGORIFICO LA PARISIENE,SOLAR,NO DESPACHADO CENTRALMENTE,AUTOG PEQ. ESCALA,GNCC,RAD SOLAR,2026-02-26,OPERACION
5LRH,AGPE SOCIAL SOLAR SAS,SOLAR,NO DESPACHADO CENTRALMENTE,AUTOG PEQ. ESCALA,GNCC,RAD SOLAR,2026-02-26,OPERACION
5LRI,AGPE NEUROAVACES ELITE,SOLAR,NO DESPACHADO CENTRALMENTE,AUTOG PEQ. ESCALA,GNCC,RAD SOLAR,2026-02-26,OPERACION
5LRJ,AGPE SUIMTEC SAS,SOLAR,NO DESPACHADO CENTRALMENTE,AUTOG PEQ. ESCALA,GNCC,RAD SOLAR,2026-02-26,OPERACION
5LSN,GD CHIRIGUANA NORTE II,SOLAR,NO DESPACHADO CENTRALMENTE,GEN. DISTRIBUIDA,UNGG,RAD SOLAR,2026-05-23,OPERACION
5LSO,GD CHIRIGUANA NORTE IV,SOLAR,NO DESPACHADO CENTRALMENTE,GEN. DISTRIBUIDA,UNGG,RAD SOLAR,2026-05-23,OPERACION
5LSP,AGPE PROYECTO SEVILLANA SAS CASA 49,SOLAR,NO DESPACHADO CENTRALMENTE,AUTOG PEQ. ESCALA,SCEC,RAD SOLAR,2026-03-05,OPERACION
5LSQ,AGPE WIEDII SAS,SOLAR,NO DESPACHADO CENTRALMENTE,AUTOG PEQ. ESCALA,GNCC,RAD SOLAR,2026-03-05,OPERACION
5LSR,AGPE AMANDA LUCIA ACEVEDO ROJAS,SOLAR,NO DESPACHADO CENTRALMENTE,AUTOG PEQ. ESCALA,SCEC,RAD SOLAR,2026-03-05,OPERACION
5LSS,AGPE COLEGIO DIVINO NINO JESUS,SOLAR,NO DESPACHADO CENTRALMENTE,AUTOG PEQ. ESCALA,GNCC,RAD SOLAR,2026-03-05,OPERACION
5LST,AGPE HENRY MEDINA TORRES Y CIA SAS,SOLAR,NO DESPACHADO CENTRALMENTE,AUTOG PEQ. ESCALA,SCEC,RAD SOLAR,2026-03-05,OPERACION
5LSU,AGPE ELENA IVETTE DIAZ DE BOOM,SOLAR,NO DESPACHADO CENTRALMENTE,AUTOG PEQ. ESCALA,SCEC,RAD SOLAR,2026-03-05,OPERACION
5LSV,AGPE SSFV OZONO STORE 5,SOLAR,NO DESPACHADO CENTRALMENTE,AUTOG PEQ. ESCALA,GNCC,RAD SOLAR,2026-03-05,OPERACION
5LSW,AGPE CLARA INES OCHOA,SOLAR,NO DESPACHADO CENTRALMENTE,AUTOG PEQ. ESCALA,ENBC,RAD SOLAR,2026-03-05,OPERACION
5LSX,AGPE SSFV MADECENTRO CLL 19,SOLAR,NO DESPACHADO CENTRALMENTE,AUTOG PEQ. ESCALA,GNCC,RAD SOLAR,2026-03-05,OPERACION
5LSY,AGPE LAB FARMACEUTICO Y COSMETICA PINEDA DE COLOMBIA SAS,SOLAR,NO DESPACHADO CENTRALMENTE,AUTOG PEQ. ESCALA,GNCC,RAD SOLAR,2026-03-05,OPERACION
5LSZ,AGPE ARA SEDE 356 CR10 CHIQUINQUIRA PLAZA SOGAMOSO,SOLAR,NO DESPACHADO CENTRALMENTE,AUTOG PEQ. ESCALA,GNCC,RAD SOLAR,2026-03-05,OPERACION
5LT1,AGPE AGRINSA,SOLAR,NO DESPACHADO CENTRALMENTE,AUTOG PEQ. ESCALA,EPMC,RAD SOLAR,2026-03-05,OPERACION
5LT2,AGPE YOHANNA RODRIGUEZ GONZALEZ,SOLAR,NO DESPACHADO CENTRALMENTE,AUTOG PEQ. ESCALA,SCEC,RAD SOLAR,2026-03-05,OPERACION
5LT3,AGPE MEDINA JULIO PROFESIONALES EN C,SOLAR,NO DESPACHADO CENTRALMENTE,AUTOG PEQ. ESCALA,SCEC,RAD SOLAR,2026-03-05,OPERACION
5LT4,AGPE SOLOCAUCHO2,SOLAR,NO DESPACHADO CENTRALMENTE,AUTOG PEQ. ESCALA,EPMC,RAD SOLAR,2026-03-05,OPERACION
5LT5,AGPE CC SAN FERNANDO,SOLAR,NO DESPACHADO CENTRALMENTE,AUTOG PEQ. ESCALA,BIAC,RAD SOLAR,2026-03-05,OPERACION
5LT6,PLANTA FV DONA JUANA,SOLAR,NO DESPACHADO CENTRALMENTE,NORMAL,EPMG,RAD SOLAR,2026-07-03,OPERACION
5LT7,AGPE CCPA ETAPA 3,SOLAR,NO DESPACHADO CENTRALMENTE,AUTOG PEQ. ESCALA,EXEC,RAD SOLAR,2026-03-05,OPERACION
5LT8,AGPE CCPA ETAPA 8,SOLAR,NO DESPACHADO CENTRALMENTE,AUTOG PEQ. ESCALA,EXEC,RAD SOLAR,2026-03-05,OPERACION
5LT9,AGPE RANSA CALDAS,SOLAR,NO DESPACHADO CENTRALMENTE,AUTOG PEQ. ESCALA,ENDC,RAD SOLAR,2026-03-05,OPERACION
5LTA,GD ERCO GOLONDRINA I,SOLAR,NO DESPACHADO CENTRALMENTE,GEN. DISTRIBUIDA,ERRG,RAD SOLAR,2025-12-31,PRUEBAS
5LTB,GD ERCO ISIDORI,SOLAR,NO DESPACHADO CENTRALMENTE,GEN. DISTRIBUIDA,ERRG,RAD SOLAR,2026-03-13,OPERACION
5LTC,AGPE CCPA ETAPA 9,SOLAR,NO DESPACHADO CENTRALMENTE,AUTOG PEQ. ESCALA,EXEC,RAD SOLAR,2026-03-05,OPERACION
5M9V,AGPE MALL ZONA DOS SUR,SOLAR,NO DESPACHADO CENTRALMENTE,AUTOG PEQ. ESCALA,GNCC,RAD SOLAR,2026-03-08,OPERACION
5M9X,AGPE SOCIEDAD EDUCAR SAS,SOLAR,NO DESPACHADO CENTRALMENTE,AUTOG PEQ. ESCALA,SCEC,RAD SOLAR,2026-03-09,OPERACION
5MA2,AGPE INES ELVIRA HOLGUIN RAMOS,SOLAR,NO DESPACHADO CENTRALMENTE,AUTOG PEQ. ESCALA,DLRC,RAD SOLAR,2026-03-11,OPERACION
5MA4,GD GALILEO SOLAR,SOLAR,NO DESPACHADO CENTRALMENTE,GEN. DISTRIBUIDA,GNYG,RAD SOLAR,2026-03-17,OPERACION
5MA5,AGPE MARMISOL SAS,SOLAR,NO DESPACHADO CENTRALMENTE,AUTOG PEQ. ESCALA,BIAC,RAD SOLAR,2026-03-12,OPERACION
5MA6,AGPE DEPOSITOS URBANOS SAS CLL 144,SOLAR,NO DESPACHADO CENTRALMENTE,AUTOG PEQ. ESCALA,BIAC,RAD SOLAR,2026-03-12,OPERACION
5MA7,AGPE SAN RAFAEL CLINICA VETERINARIA,SOLAR,NO DESPACHADO CENTRALMENTE,AUTOG PEQ. ESCALA,BIAC,RAD SOLAR,2026-03-12,OPERACION
5MA8,AGPE DEPOSITOS URBANOS SAS,SOLAR,NO DESPACHADO CENTRALMENTE,AUTOG PEQ. ESCALA,BIAC,RAD SOLAR,2026-03-12,OPERACION
5MA9,AGPE CARTONAL,SOLAR,NO DESPACHADO CENTRALMENTE,AUTOG PEQ. ESCALA,EPSC,RAD SOLAR,2026-03-12,OPERACION
5MAA,AGPE STEVE1,SOLAR,NO DESPACHADO CENTRALMENTE,AUTOG PEQ. ESCALA,ETTC,RAD SOLAR,2026-03-12,OPERACION
5MAB,AGPE GRANJA AVICOLA EL CALAMAR,SOLAR,NO DESPACHADO CENTRALMENTE,AUTOG PEQ. ESCALA,RTQC,RAD SOLAR,2026-03-12,OPERACION
5MAC,AGPE COMPLASESA SAS,SOLAR,NO DESPACHADO CENTRALMENTE,AUTOG PEQ. ESCALA,FERC,RAD SOLAR,2026-03-12,OPERACION
5MAD,GD BONILLA A III,SOLAR,NO DESPACHADO CENTRALMENTE,GEN. DISTRIBUIDA,OTAG,RAD SOLAR,2026-03-17,OPERACION
5MAE,GD BONILLA A I,SOLAR,NO DESPACHADO CENTRALMENTE,GEN. DISTRIBUIDA,OTAG,RAD SOLAR,2026-03-17,OPERACION
5MAF,GD BONILLA A V,SOLAR,NO DESPACHADO CENTRALMENTE,GEN. DISTRIBUIDA,OTAG,RAD SOLAR,2026-03-17,OPERACION
5MAG,GD BONILLA A II,SOLAR,NO DESPACHADO CENTRALMENTE,GEN. DISTRIBUIDA,OTAG,RAD SOLAR,2026-03-17,OPERACION
5MAH,GD BONILLA A IV,SOLAR,NO DESPACHADO CENTRALMENTE,GEN. DISTRIBUIDA,OTAG,RAD SOLAR,2026-03-17,OPERACION
5MAI,AGPE CAJASAN LAGOS,SOLAR,NO DESPACHADO CENTRALMENTE,AUTOG PEQ. ESCALA,RTQC,RAD SOLAR,2026-03-12,OPERACION
5MAJ,AGPE JUAN CARLOS DEGIOVANNI BEHAINE,SOLAR,NO DESPACHADO CENTRALMENTE,AUTOG PEQ. ESCALA,SCEC,RAD SOLAR,2026-03-12,OPERACION
5MAK,GD SINAI,SOLAR,NO DESPACHADO CENTRALMENTE,GEN. DISTRIBUIDA,NEXG,RAD SOLAR,2026-06-22,OPERACION
5MAL,AGPE CECH1,SOLAR,NO DESPACHADO CENTRALMENTE,AUTOG PEQ. ESCALA,ETTC,RAD SOLAR,2026-03-12,OPERACION
5MSD,AGPE OPORTUNIDAD DE CASINO ESPANA FUNDACION,SOLAR,NO DESPACHADO CENTRALMENTE,AUTOG PEQ. ESCALA,BIAC,RAD SOLAR,2026-03-19,OPERACION
5MSE,AGPE SERVIBARRAS SAS,SOLAR,NO DESPACHADO CENTRALMENTE,AUTOG PEQ. ESCALA,BIAC,RAD SOLAR,2026-03-19,OPERACION
5MSF,AGPE HOTEL MACONDO MAG,SOLAR,NO DESPACHADO CENTRALMENTE,AUTOG PEQ. ESCALA,BIAC,RAD SOLAR,2026-03-19,OPERACION
5MSG,AGPE BURICA SA CR 60 CL 77 21,SOLAR,NO DESPACHADO CENTRALMENTE,AUTOG PEQ. ESCALA,BIAC,RAD SOLAR,2026-03-19,OPERACION
5MSH,AGPE INVERAL SAS,SOLAR,NO DESPACHADO CENTRALMENTE,AUTOG PEQ. ESCALA,BIAC,RAD SOLAR,2026-03-19,OPERACION
5MUX,AGPE HARRY ETHIEL BEJARANO ARROYO,SOLAR,NO DESPACHADO CENTRALMENTE,AUTOG PEQ. ESCALA,SCEC,RAD SOLAR,2026-03-19,OPERACION
5MUY,AGPE PROYECTO SEVILLANA SAS CASA 38,SOLAR,NO DESPACHADO CENTRALMENTE,AUTOG PEQ. ESCALA,SCEC,RAD SOLAR,2026-03-19,OPERACION
5MUZ,AGPE LILIAN ESTHER ESPITIA CONTRERAS,SOLAR,NO DESPACHADO CENTRALMENTE,AUTOG PEQ. ESCALA,SCEC,RAD SOLAR,2026-03-19,OPERACION
5MV1,AGPE PROYECTO SEVILLANA SAS CASA 36,SOLAR,NO DESPACHADO CENTRALMENTE,AUTOG PEQ. ESCALA,SCEC,RAD SOLAR,2026-03-19,OPERACION
5MV2,AGPE PROYECTO SEVILLANA SAS CASA 44,SOLAR,NO DESPACHADO CENTRALMENTE,AUTOG PEQ. ESCALA,SCEC,RAD SOLAR,2026-03-19,OPERACION
5MV3,AGPE PROYECTO SEVILLANA SAS CASA 55,SOLAR,NO DESPACHADO CENTRALMENTE,AUTOG PEQ. ESCALA,SCEC,RAD SOLAR,2026-03-19,OPERACION
5MV4,AGPE PROYECTO SEVILLANA SAS CASA 56,SOLAR,NO DESPACHADO CENTRALMENTE,AUTOG PEQ. ESCALA,SCEC,RAD SOLAR,2026-03-19,OPERACION
5MWW,AGPE DINIS1,SOLAR,NO DESPACHADO CENTRALMENTE,AUTOG PEQ. ESCALA,ETTC,RAD SOLAR,2026-03-19,OPERACION
5MXY,AGPE VP GLOBAL BAQ,SOLAR,NO DESPACHADO CENTRALMENTE,AUTOG PEQ. ESCALA,BIAC,RAD SOLAR,2026-03-19,OPERACION
5MY6,GD SOL Y CIELO X,SOLAR,NO DESPACHADO CENTRALMENTE,GEN. DISTRIBUIDA,SCEG,RAD SOLAR,2026-06-04,OPERACION
5N1H,AGPE NATURAL BODY LUISA LOZANO SAS,SOLAR,NO DESPACHADO CENTRALMENTE,AUTOG PEQ. ESCALA,SCEC,RAD SOLAR,2026-03-19,OPERACION
5N1I,AGPE MEDIMARCAS SAS,SOLAR,NO DESPACHADO CENTRALMENTE,AUTOG PEQ. ESCALA,SCEC,RAD SOLAR,2026-03-19,OPERACION
5N1Z,AGPE LLANTAS Y FILTROS SINU SAS,SOLAR,NO DESPACHADO CENTRALMENTE,AUTOG PEQ. ESCALA,SCEC,RAD SOLAR,2026-03-19,OPERACION
5N2D,AGPE LUIS EDUARDO GARCIA CARDENAS,SOLAR,NO DESPACHADO CENTRALMENTE,AUTOG PEQ. ESCALA,SCEC,RAD SOLAR,2026-03-19,OPERACION
5N2I,AGPE MARIA INES PINEDA CONTRERAS,SOLAR,NO DESPACHADO CENTRALMENTE,AUTOG PEQ. ESCALA,SCEC,RAD SOLAR,2026-03-19,OPERACION
5NK2,GD LA HORMIGUITA,SOLAR,NO DESPACHADO CENTRALMENTE,GEN. DISTRIBUIDA,UNGG,RAD SOLAR,2026-08-15,OPERACION
5NK3,AGPE CL 9D CR 7 45 NOVALITO VALLEDUPAR,SOLAR,NO DESPACHADO CENTRALMENTE,AUTOG PEQ. ESCALA,NEUC,RAD SOLAR,2026-03-19,OPERACION
5NK4,AGPE ZULMA CRISTINA USTARIZ MORA,SOLAR,NO DESPACHADO CENTRALMENTE,AUTOG PEQ. ESCALA,NEUC,RAD SOLAR,2026-03-19,OPERACION
5NKA,AGPE CR 6A 9A 74 NOVALITO VALLEDUPAR,SOLAR,NO DESPACHADO CENTRALMENTE,AUTOG PEQ. ESCALA,NEUC,RAD SOLAR,2026-03-19,OPERACION
5NKL,AGPE EDUARDO CADAVID,Solar,NO DESPACHADO CENTRALMENTE,AUTOG PEQ. ESCALA,GNCC,RAD SOLAR,2026-03-21,Operacion
5NKM,AGPE AVICOLA EL MADRONO FINCA TORCOROMA,Solar,NO DESPACHADO CENTRALMENTE,AUTOG PEQ. ESCALA,GNCC,RAD SOLAR,2026-03-21,Operacion
5NKN,AGPE SSCR 1469 ESPUMAS DE SANTANDER PLANTA,Solar,NO DESPACHADO CENTRALMENTE,AUTOG PEQ. ESCALA,GNCC,RAD SOLAR,2026-03-21,Operacion
5NKP,AGPE TECNOGRANJAS COLOMBIA SAS BIOAGRO INDUAGRICOLA,Solar,NO DESPACHADO CENTRALMENTE,AUTOG PEQ. ESCALA,GNCC,RAD SOLAR,2026-03-21,Operacion
5NKQ,AGPE EVELIO COY CARO,Solar,NO DESPACHADO CENTRALMENTE,AUTOG PEQ. ESCALA,GNCC,RAD SOLAR,2026-03-21,Operacion
5NKR,AGPE TIENDA ARA FUSAGASUGA,Solar,NO DESPACHADO CENTRALMENTE,AUTOG PEQ. ESCALA,GNCC,RAD SOLAR,2026-03-21,Operacion
5NKV,AGPE MARIO SEBASTIAN VIERA,Solar,NO DESPACHADO CENTRALMENTE,AUTOG PEQ. ESCALA,GNCC,RAD SOLAR,2026-03-21,Operacion
5NKZ,AGPE CC CANAVERAL,Solar,NO DESPACHADO CENTRALMENTE,AUTOG PEQ. ESCALA,RTQC,RAD SOLAR,2026-03-21,Operacion
5NPR,AGPE UNICENTRO PALMIRA,Solar,NO DESPACHADO CENTRALMENTE,AUTOG PEQ. ESCALA,EPSC,RAD SOLAR,2026-03-26,Operacion
5NPS,AGPE AVICOLA PILENA,Solar,NO DESPACHADO CENTRALMENTE,AUTOG PEQ. ESCALA,EPSC,RAD SOLAR,2026-03-26,Operacion
5NPT,GD SUAMOX,SOLAR,NO DESPACHADO CENTRALMENTE,GEN. DISTRIBUIDA,EBSG,RAD SOLAR,2026-04-08,OPERACION
5NPU,AGPE GERMANIA ZONAS COMUNES,Solar,NO DESPACHADO CENTRALMENTE,AUTOG PEQ. ESCALA,RTQC,RAD SOLAR,2026-03-26,Operacion
5NPV,AGPE BODEGA 5C APC,Solar,NO DESPACHADO CENTRALMENTE,AUTOG PEQ. ESCALA,GNCC,RAD SOLAR,2026-03-26,Operacion
5NPW,AGPE NELLY BAYONA,Solar,NO DESPACHADO CENTRALMENTE,AUTOG PEQ. ESCALA,GNCC,RAD SOLAR,2026-03-26,Operacion
5NPX,AGPE BURICA SA SIMAN H SIMAN,Solar,NO DESPACHADO CENTRALMENTE,AUTOG PEQ. ESCALA,BIAC,RAD SOLAR,2026-03-26,Operacion
5NPY,AGPE TRANSPORTES EXPRESO PALMIRA,Solar,NO DESPACHADO CENTRALMENTE,AUTOG PEQ. ESCALA,BIAC,RAD SOLAR,2026-03-26,Operacion
5NPZ,AGPE HABITAT ADULTO MAYOR SAS BERNAL,Solar,NO DESPACHADO CENTRALMENTE,AUTOG PEQ. ESCALA,ENBC,RAD SOLAR,2026-03-26,Operacion
5NQ1,AGPE JORGE ELIECER VILLALBA ARRIETA,Solar,NO DESPACHADO CENTRALMENTE,AUTOG PEQ. ESCALA,SCEC,RAD SOLAR,2026-03-26,Operacion
5NQ2,AGPE MARIA CECILIA REVUELTAS GONZALEZ,Solar,NO DESPACHADO CENTRALMENTE,AUTOG PEQ. ESCALA,SCEC,RAD SOLAR,2026-03-26,Operacion
5NQ3,AGPE SOLYCIELO SAS OFICINAS NUEVAS,Solar,NO DESPACHADO CENTRALMENTE,AUTOG PEQ. ESCALA,SCEC,RAD SOLAR,2026-03-26,Operacion
5NQ4,AGPE JOHN JAIRO MEJIA MOLINA,Solar,NO DESPACHADO CENTRALMENTE,AUTOG PEQ. ESCALA,SCEC,RAD SOLAR,2026-03-26,Operacion
5NQ5,AGPE LILIANA CAROLINA CALA CASTRO,Solar,NO DESPACHADO CENTRALMENTE,AUTOG PEQ. ESCALA,SCEC,RAD SOLAR,2026-03-26,Operacion
5NQ6,AGPE CARTAGENA INTERNACIONAL SCHOOL Y CIA LTD,Solar,NO DESPACHADO CENTRALMENTE,AUTOG PEQ. ESCALA,SCEC,RAD SOLAR,2026-03-26,Operacion
5NQ7,AGPE EDIFICIO VIVENZA PROPIEDAD HORIZONTAL,Solar,NO DESPACHADO CENTRALMENTE,AUTOG PEQ. ESCALA,SCEC,RAD SOLAR,2026-03-26,Operacion
5NQ8,AGPE DORIS ESTHER BENAVIDES TIRADO,Solar,NO DESPACHADO CENTRALMENTE,AUTOG PEQ. ESCALA,SCEC,RAD SOLAR,2026-03-26,Operacion
5O12,AGPE PRODUCTOS FORESTALES,SOLAR,NO DESPACHADO CENTRALMENTE,AUTOG PEQ. ESCALA,EPSC,RAD SOLAR,2026-04-02,OPERACION
5O13,AGPE CL 12 8 42 OFICINA 221 NOVALITO VALLEDUPAR,SOLAR,NO DESPACHADO CENTRALMENTE,AUTOG PEQ. ESCALA,NEUC,RAD SOLAR,2026-04-02,OPERACION
5O14,GD EL PASO NORTE,SOLAR,NO DESPACHADO CENTRALMENTE,GEN. DISTRIBUIDA,COXG,RAD SOLAR,2025-12-31,PRUEBAS
5O15,GD EL CASTILLO I,SOLAR,NO DESPACHADO CENTRALMENTE,GEN. DISTRIBUIDA,OTAG,RAD SOLAR,2026-06-20,OPERACION
5O16,GD EL CASTILLO III,SOLAR,NO DESPACHADO CENTRALMENTE,GEN. DISTRIBUIDA,OTAG,RAD SOLAR,2026-06-20,OPERACION
5O17,GD EL CASTILLO V,SOLAR,NO DESPACHADO CENTRALMENTE,GEN. DISTRIBUIDA,OTAG,RAD SOLAR,2026-06-20,OPERACION
5O18,AGPE PERFIACEROS BODEGA 4,SOLAR,NO DESPACHADO CENTRALMENTE,AUTOG PEQ. ESCALA,GNCC,RAD SOLAR,2026-04-02,OPERACION
5O19,AGPE PERFIACEROS BODEGA 5,SOLAR,NO DESPACHADO CENTRALMENTE,AUTOG PEQ. ESCALA,GNCC,RAD SOLAR,2026-04-02,OPERACION
5O1A,GD EL CASTILLO II,SOLAR,NO DESPACHADO CENTRALMENTE,GEN. DISTRIBUIDA,OTAG,RAD SOLAR,2026-06-20,OPERACION
5O1B,AGPE RUBEN DARIO MARTINEZ ESPARZA,SOLAR,NO DESPACHADO CENTRALMENTE,AUTOG PEQ. ESCALA,SCEC,RAD SOLAR,2026-04-02,OPERACION
5O1C,GD EL CASTILLO IV,SOLAR,NO DESPACHADO CENTRALMENTE,GEN. DISTRIBUIDA,OTAG,RAD SOLAR,2026-06-20,OPERACION
5O1R,AGPE COMFANDI GUADALUPE,Solar,NO DESPACHADO CENTRALMENTE,AUTOG PEQ. ESCALA,EPSC,RAD SOLAR,2026-04-09,Operacion
5O1S,AGPE BLUEBERRIES,Solar,NO DESPACHADO CENTRALMENTE,AUTOG PEQ. ESCALA,GNCC,RAD SOLAR,2026-04-09,Operacion
5O1T,AGPE ARA SEDE 339 SUAREZ RENDON TUNJA,Solar,NO DESPACHADO CENTRALMENTE,AUTOG PEQ. ESCALA,GNCC,RAD SOLAR,2026-04-09,Operacion
5O1U,GD CANARIOS I,SOLAR,NO DESPACHADO CENTRALMENTE,GEN. DISTRIBUIDA,OTAG,RAD SOLAR,2026-06-20,OPERACION
5O1V,GD LOS MANGOS I,SOLAR,NO DESPACHADO CENTRALMENTE,GEN. DISTRIBUIDA,OTAG,RAD SOLAR,2026-07-22,OPERACION
5O1W,GD CANARIOS II,SOLAR,NO DESPACHADO CENTRALMENTE,GEN. DISTRIBUIDA,OTAG,RAD SOLAR,2026-06-20,OPERACION
5O49,PARQUE SOLAR CRLI,SOLAR,NO DESPACHADO CENTRALMENTE,NORMAL,GNCG,RAD SOLAR,2025-06-30,PRUEBAS
5OFX,AGPE ARA SEDE 316 CENTRO DUITAMA,Solar,NO DESPACHADO CENTRALMENTE,AUTOG PEQ. ESCALA,GNCC,RAD SOLAR,2026-04-09,Operacion
5OFY,AGPE CC EJECUTIVOS 2,Solar,NO DESPACHADO CENTRALMENTE,AUTOG PEQ. ESCALA,GNCC,RAD SOLAR,2026-04-09,Operacion
5OFZ,AGPE RIBAI SAS 2,Solar,NO DESPACHADO CENTRALMENTE,AUTOG PEQ. ESCALA,GNCC,RAD SOLAR,2026-04-09,Operacion
5OG1,AGPE OPERACIONES 4M 1 SAS MOTEL CAPRI 4M,Solar,NO DESPACHADO CENTRALMENTE,AUTOG PEQ. ESCALA,GNCC,RAD SOLAR,2026-04-09,Operacion
5OWK,GD LOS MANGOS II,SOLAR,NO DESPACHADO CENTRALMENTE,GEN. DISTRIBUIDA,OTAG,RAD SOLAR,2026-07-22,OPERACION
5OWN,GD LOS MANGOS III,SOLAR,NO DESPACHADO CENTRALMENTE,GEN. DISTRIBUIDA,OTAG,RAD SOLAR,2026-07-22,OPERACION
5OWO,AGPE GABRIEL ALBERTO JIMENEZ ALVAREZ,Solar,NO DESPACHADO CENTRALMENTE,AUTOG PEQ. ESCALA,ENBC,RAD SOLAR,2026-04-09,Operacion
5OWP,AGPE ISMAEL BARRIOS BARRIO,Solar,NO DESPACHADO CENTRALMENTE,AUTOG PEQ. ESCALA,SCEC,RAD SOLAR,2026-04-09,Operacion
5OWQ,AGPE JOHN JAIRO CIFUENTES SARRIA,Solar,NO DESPACHADO CENTRALMENTE,AUTOG PEQ. ESCALA,ENBC,RAD SOLAR,2026-04-09,Operacion
5OWY,GD CANARIOS III,SOLAR,NO DESPACHADO CENTRALMENTE,GEN. DISTRIBUIDA,OTAG,RAD SOLAR,2026-06-20,OPERACION
5OZV,AGPE MONICA ANDREA PINEROS CORREA MONTEVERDE,Solar,NO DESPACHADO CENTRALMENTE,AUTOG PEQ. ESCALA,SCEC,RAD SOLAR,2026-04-09,Operacion
5P1I,AGPE CUCINARE SAS 2,Solar,NO DESPACHADO CENTRALMENTE,AUTOG PEQ. ESCALA,BIAC,RAD SOLAR,2026-04-16,Operacion
5P1J,AGPE PRODE1,Solar,NO DESPACHADO CENTRALMENTE,AUTOG PEQ. ESCALA,ETTC,RAD SOLAR,2026-04-16,Operacion
5P43,AGPE LA CONCEPCION,SOLAR,NO DESPACHADO CENTRALMENTE,AUTOG PEQ. ESCALA,EPSC,RAD SOLAR,2026-04-23,OPERACION
5P44,AUTOG CELSIA SOLAR TQ TECNOSUR,SOLAR,NO DESPACHADO CENTRALMENTE,AUTOGENERADOR,EPSG,RAD SOLAR,2025-09-30,PRUEBAS
5P45,AGPE ABASTECIMIENTOS INDUSTRIALES SAS,SOLAR,NO DESPACHADO CENTRALMENTE,AUTOG PEQ. ESCALA,EPSC,RAD SOLAR,2026-04-23,OPERACION
5P46,AGPE ANDRES HOLGUIN RAMOS,SOLAR,NO DESPACHADO CENTRALMENTE,AUTOG PEQ. ESCALA,DLRC,RAD SOLAR,2026-04-23,OPERACION
5P47,AGPE NAVITRANS AMERICAS 2,SOLAR,NO DESPACHADO CENTRALMENTE,AUTOG PEQ. ESCALA,NEUC,RAD SOLAR,2026-04-23,OPERACION
5P48,AGPE JORGE ANDRES BALLESTEROS VALDIVIESO,SOLAR,NO DESPACHADO CENTRALMENTE,AUTOG PEQ. ESCALA,GNCC,RAD SOLAR,2026-04-23,OPERACION
5P49,AGPE GRANJA PORVENIR NUCLEO 2,SOLAR,NO DESPACHADO CENTRALMENTE,AUTOG PEQ. ESCALA,GNCC,RAD SOLAR,2026-04-23,OPERACION
5P4A,AGPE JULIO CESAR MADARIAGA SIERRA,SOLAR,NO DESPACHADO CENTRALMENTE,AUTOG PEQ. ESCALA,SCEC,RAD SOLAR,2026-04-23,OPERACION
5P4B,AGPE JUAN JOSE VARGAS VERGARA,SOLAR,NO DESPACHADO CENTRALMENTE,AUTOG PEQ. ESCALA,SCEC,RAD SOLAR,2026-04-23,OPERACION
5P4C,AGPE HOUSEGRES,SOLAR,NO DESPACHADO CENTRALMENTE,AUTOG PEQ. ESCALA,EPMC,RAD SOLAR,2026-04-23,OPERACION
5P4D,AGPE TEJARES TERRACOTA,SOLAR,NO DESPACHADO CENTRALMENTE,AUTOG PEQ. ESCALA,EPMC,RAD SOLAR,2026-04-23,OPERACION
5P4E,AGPE AEROPUERTO CUCUTA,SOLAR,NO DESPACHADO CENTRALMENTE,AUTOG PEQ. ESCALA,EPMC,RAD SOLAR,2026-04-23,OPERACION
5P4F,AGPE CR QUINTAS DEL LILI,SOLAR,NO DESPACHADO CENTRALMENTE,AUTOG PEQ. ESCALA,ENBC,RAD SOLAR,2026-04-23,OPERACION
5P4G,AGPE UFINET SAN JUAN DEL CESAR,SOLAR,NO DESPACHADO CENTRALMENTE,AUTOG PEQ. ESCALA,ENBC,RAD SOLAR,2026-04-23,OPERACION
5P4H,AGPE IVAN ALBERTO JIMENEZ AGUIRRE,SOLAR,NO DESPACHADO CENTRALMENTE,AUTOG PEQ. ESCALA,ENBC,RAD SOLAR,2026-04-23,OPERACION
5P4I,AGPE AGOFER,SOLAR,NO DESPACHADO CENTRALMENTE,AUTOG PEQ. ESCALA,EXEC,RAD SOLAR,2026-04-23,OPERACION
5P4J,AGPE INMOBILIARIA CASAS MARIN,SOLAR,NO DESPACHADO CENTRALMENTE,AUTOG PEQ. ESCALA,RTQC,RAD SOLAR,2026-04-23,OPERACION
5P4K,AGPE JACAR1,SOLAR,NO DESPACHADO CENTRALMENTE,AUTOG PEQ. ESCALA,ETTC,RAD SOLAR,2026-04-23,OPERACION
5P4L,AGPE FARMATODO 7702318,SOLAR,NO DESPACHADO CENTRALMENTE,AUTOG PEQ. ESCALA,NEUC,RAD SOLAR,2026-04-23,OPERACION
5P4M,AGPE QUESERA LA PAZ,SOLAR,NO DESPACHADO CENTRALMENTE,AUTOG PEQ. ESCALA,NEUC,RAD SOLAR,2026-04-23,OPERACION
5P4N,AGPE 488 ARA MALAMBO EL CARMEN,SOLAR,NO DESPACHADO CENTRALMENTE,AUTOG PEQ. ESCALA,NEUC,RAD SOLAR,2026-04-23,OPERACION
5P4O,AGPE 582 ARA BARRANQUILLA LA CAMPINA,SOLAR,NO DESPACHADO CENTRALMENTE,AUTOG PEQ. ESCALA,NEUC,RAD SOLAR,2026-04-23,OPERACION
5PO1,GD VITERBO I,SOLAR,NO DESPACHADO CENTRALMENTE,GEN. DISTRIBUIDA,ELIG,RAD SOLAR,2026-03-31,PRUEBAS
5PO2,GD VITERBO II,SOLAR,NO DESPACHADO CENTRALMENTE,GEN. DISTRIBUIDA,ELIG,RAD SOLAR,2026-03-31,PRUEBAS
5PTU,GD SAN ONOFRE III,SOLAR,NO DESPACHADO CENTRALMENTE,GEN. DISTRIBUIDA,DUCG,RAD SOLAR,2026-05-28,OPERACION
5PTW,GD SAN ONOFRE II,SOLAR,NO DESPACHADO CENTRALMENTE,GEN. DISTRIBUIDA,DUCG,RAD SOLAR,2026-05-28,OPERACION
5PU1,GD SAN ONOFRE I,SOLAR,NO DESPACHADO CENTRALMENTE,GEN. DISTRIBUIDA,DUCG,RAD SOLAR,2026-05-28,OPERACION
5PUN,LA PAZ,SOLAR,NO DESPACHADO CENTRALMENTE,NORMAL,GRCG,RAD SOLAR,2024-10-31,PRUEBAS
5PUN,LA PAZ,SOLAR,NO DESPACHADO CENTRALMENTE,NORMAL,GRCG,RAD SOLAR,2024-10-31,PRUEBAS
5PUP,GD ESPERANZA I ETAPA II,SOLAR,NO DESPACHADO CENTRALMENTE,GEN. DISTRIBUIDA,NEXG,RAD SOLAR,2026-04-30,PRUEBAS
5QFE,GD SABANA DE TORRES,SOLAR,NO DESPACHADO CENTRALMENTE,GEN. DISTRIBUIDA,UNGG,RAD SOLAR,2026-04-30,PRUEBAS
5QFG,GD TAURUS VIII,SOLAR,NO DESPACHADO CENTRALMENTE,GEN. DISTRIBUIDA,UNGG,RAD SOLAR,2026-01-31,PRUEBAS
5QFI,GD TAURUS IX,SOLAR,NO DESPACHADO CENTRALMENTE,GEN. DISTRIBUIDA,UNGG,RAD SOLAR,2026-01-31,PRUEBAS
5QFK,GD TAURUS X,SOLAR,NO DESPACHADO CENTRALMENTE,GEN. DISTRIBUIDA,UNGG,RAD SOLAR,2026-01-31,PRUEBAS
5QFM,GD AGUSTIN II,SOLAR,NO DESPACHADO CENTRALMENTE,GEN. DISTRIBUIDA,UNGG,RAD SOLAR,2026-06-19,OPERACION
5QFO,GD CAPILLA I,SOLAR,NO DESPACHADO CENTRALMENTE,GEN. DISTRIBUIDA,NEXG,RAD SOLAR,2026-04-30,PRUEBAS
5QP8,GD GRANJA SOLAR EL BOTE,SOLAR,NO DESPACHADO CENTRALMENTE,GEN. DISTRIBUIDA,HLAG,RAD SOLAR,2026-08-29,OPERACION
5QSX,AGPE MANUEL ENRIQUE GOLZALEZ FERNANDEZ,SOLAR,NO DESPACHADO CENTRALMENTE,AUTOG PEQ. ESCALA,SCEC,RAD SOLAR,2024-11-30,PRUEBAS
5QT6,DRUMMOND,TERMICA,DESPACHADO CENTRALMENTE,NORMAL,DRUG,GAS,2026-05-31,PRUEBAS
5QTA,GD AGUSTIN III,SOLAR,NO DESPACHADO CENTRALMENTE,GEN. DISTRIBUIDA,UNGG,RAD SOLAR,2026-06-19,OPERACION
5QTJ,GD GRANJA SOLAR SAN AGUSTIN,SOLAR,NO DESPACHADO CENTRALMENTE,GEN. DISTRIBUIDA,UNGG,RAD SOLAR,2026-06-19,OPERACION
5QUE,GD ERCO PALMAS II,SOLAR,NO DESPACHADO CENTRALMENTE,GEN. DISTRIBUIDA,ERRG,RAD SOLAR,2026-05-31,PRUEBAS
5QUG,GD GUADALUPE I,SOLAR,NO DESPACHADO CENTRALMENTE,GEN. DISTRIBUIDA,NTCG,RAD SOLAR,2026-05-31,PRUEBAS
5SCK,GD VEGA II,SOLAR,NO DESPACHADO CENTRALMENTE,GEN. DISTRIBUIDA,BIAG,RAD SOLAR,2026-07-09,OPERACION
5SCX,GD VEGA I,SOLAR,NO DESPACHADO CENTRALMENTE,GEN. DISTRIBUIDA,BIAG,RAD SOLAR,2026-07-09,OPERACION
5SE7,GD SOL Y CIELO XII,SOLAR,NO DESPACHADO CENTRALMENTE,GEN. DISTRIBUIDA,EYCG,RAD SOLAR,2026-07-12,OPERACION
5SE9,GD SOL Y CIELO XIII,SOLAR,NO DESPACHADO CENTRALMENTE,GEN. DISTRIBUIDA,EYCG,RAD SOLAR,2026-08-03,OPERACION
5SEB,GD SOL Y CIELO XI,SOLAR,NO DESPACHADO CENTRALMENTE,GEN. DISTRIBUIDA,EYCG,RAD SOLAR,2026-07-12,OPERACION
5SED,GD SOL Y CIELO XIV,SOLAR,NO DESPACHADO CENTRALMENTE,GEN. DISTRIBUIDA,EYCG,RAD SOLAR,2026-08-03,OPERACION
5SEF,CHENCHE PURIFICACION,SOLAR,NO DESPACHADO CENTRALMENTE,NORMAL,ERRG,RAD SOLAR,2025-06-30,PRUEBAS
5SEL,GD PISINGO II,SOLAR,NO DESPACHADO CENTRALMENTE,GEN. DISTRIBUIDA,GNCG,RAD SOLAR,2026-07-31,OPERACION
5SEN,GD PISINGO I,SOLAR,NO DESPACHADO CENTRALMENTE,GEN. DISTRIBUIDA,GNCG,RAD SOLAR,2026-07-31,OPERACION
5SHN,GD PIEDECUESTA II,SOLAR,NO DESPACHADO CENTRALMENTE,GEN. DISTRIBUIDA,DEPG,RAD SOLAR,2026-07-31,OPERACION
5SHV,GD PIEDECUESTA I,SOLAR,NO DESPACHADO CENTRALMENTE,GEN. DISTRIBUIDA,DEPG,RAD SOLAR,2026-07-31,OPERACION
5SHY,GD PIEDECUESTA III,SOLAR,NO DESPACHADO CENTRALMENTE,GEN. DISTRIBUIDA,DEPG,RAD SOLAR,2026-08-22,OPERACION
5TG6,GD GALERAS OCCIDENTE,SOLAR,NO DESPACHADO CENTRALMENTE,GEN. DISTRIBUIDA,COXG,RAD SOLAR,2026-08-24,OPERACION
5TG8,GD ERCO GOLONDRINA II,SOLAR,NO DESPACHADO CENTRALMENTE,GEN. DISTRIBUIDA,ERRG,RAD SOLAR,2026-04-30,PRUEBAS
5TJN,GD SEMILLAS DE CERETE II,SOLAR,NO DESPACHADO CENTRALMENTE,GEN. DISTRIBUIDA,GYPG,RAD SOLAR,2026-07-29,OPERACION
5TNK,GD ROCKY II,SOLAR,NO DESPACHADO CENTRALMENTE,GEN. DISTRIBUIDA,ERRG,RAD SOLAR,2026-06-30,PRUEBAS
5TNL,GD PXV II,SOLAR,NO DESPACHADO CENTRALMENTE,GEN. DISTRIBUIDA,ESNG,RAD SOLAR,2026-04-30,PRUEBAS
5TNM,GD LYRA II,SOLAR,NO DESPACHADO CENTRALMENTE,GEN. DISTRIBUIDA,BIAG,RAD SOLAR,2026-06-30,PRUEBAS
5TNV,GD NAOS V,SOLAR,NO DESPACHADO CENTRALMENTE,GEN. DISTRIBUIDA,BIAG,RAD SOLAR,2026-05-31,PRUEBAS
5TO2,GD NAOS IV,SOLAR,NO DESPACHADO CENTRALMENTE,GEN. DISTRIBUIDA,BIAG,RAD SOLAR,2026-01-31,PRUEBAS
5TQN,GD NOVA I,SOLAR,NO DESPACHADO CENTRALMENTE,GEN. DISTRIBUIDA,BIAG,RAD SOLAR,2026-04-30,PRUEBAS
5TQQ,PLANTA SOLAR SGDE,SOLAR,NO DESPACHADO CENTRALMENTE,NORMAL,GNCG,RAD SOLAR,2025-12-31,PRUEBAS
5U9S,GD SAN MARTIN I,SOLAR,NO DESPACHADO CENTRALMENTE,GEN. DISTRIBUIDA,GNYG,RAD SOLAR,2026-08-12,OPERACION
5U9U,AUTOG LADRILLERA DEL META 1,SOLAR,NO DESPACHADO CENTRALMENTE,AUTOGENERADOR,GNYG,RAD SOLAR,2025-11-30,PRUEBAS
5U9W,SUAREZ,SOLAR,NO DESPACHADO CENTRALMENTE,NORMAL,ERRG,RAD SOLAR,2025-09-30,PRUEBAS
5UHA,PARQUE SOLAR INTI II,SOLAR,NO DESPACHADO CENTRALMENTE,NORMAL,EMUG,RAD SOLAR,2025-09-30,PRUEBAS
5UW5,GD EL MANDARINO,SOLAR,NO DESPACHADO CENTRALMENTE,GEN. DISTRIBUIDA,UNGG,RAD SOLAR,2026-04-30,PRUEBAS
5UW9,GD CALIPSO SOLAR,SOLAR,NO DESPACHADO CENTRALMENTE,GEN. DISTRIBUIDA,BIAG,RAD SOLAR,2026-07-31,PRUEBAS
5UWB,GD RIGEL SOLAR,SOLAR,NO DESPACHADO CENTRALMENTE,GEN. DISTRIBUIDA,BIAG,RAD SOLAR,2026-07-31,PRUEBAS
5UWF,GD TITAN SOLAR,SOLAR,NO DESPACHADO CENTRALMENTE,GEN. DISTRIBUIDA,BIAG,RAD SOLAR,2026-07-31,PRUEBAS
5VZ2,AGPE JOSEFINA RUIZ DE PINEDA,SOLAR,NO DESPACHADO CENTRALMENTE,AUTOG PEQ. ESCALA,ENBC,RAD SOLAR,2026-07-30,OPERACION
5W4C,AGPE SILVANA ECHEVERRY ECHEVERRY FEGALY,SOLAR,NO DESPACHADO CENTRALMENTE,AUTOG PEQ. ESCALA,ENBC,RAD SOLAR,2026-07-30,OPERACION
5W4E,AGPE PRROC1,SOLAR,NO DESPACHADO CENTRALMENTE,AUTOG PEQ. ESCALA,ETTC,RAD SOLAR,2026-07-30,OPERACION
5W4I,AGPE LA CARAMELA,SOLAR,NO DESPACHADO CENTRALMENTE,AUTOG PEQ. ESCALA,EPMC,RAD SOLAR,2026-07-30,OPERACION
5W4K,AUTOG EXTRACTORA MONTERREY 1,TERMICA,NO DESPACHADO CENTRALMENTE,AUTOGENERADOR,UNGG,BIOGAS,2026-08-21,OPERACION
5W4M,AGPE CENTRO CARDIOLOGICO DE CORDOBA SAS,SOLAR,NO DESPACHADO CENTRALMENTE,AUTOG PEQ. ESCALA,SCEC,RAD SOLAR,2026-07-30,OPERACION
5W4Q,GD LEGACY,SOLAR,NO DESPACHADO CENTRALMENTE,GEN. DISTRIBUIDA,SFEG,RAD SOLAR,2026-07-31,PRUEBAS
5WSM,AGPE DISTRIBUIDORA BETMAN SAS,SOLAR,NO DESPACHADO CENTRALMENTE,AUTOG PEQ. ESCALA,GNCC,RAD SOLAR,2026-07-31,OPERACION
5WT1,AGPE PRODUCTOS ALIMENTICIOS LA LOCURA PLANTA SA,SOLAR,NO DESPACHADO CENTRALMENTE,AUTOG PEQ. ESCALA,GNCC,RAD SOLAR,2026-07-31,OPERACION
5WT3,AGPE SUPERMERCADO JM PLUS SAS,SOLAR,NO DESPACHADO CENTRALMENTE,AUTOG PEQ. ESCALA,GNCC,RAD SOLAR,2026-07-31,OPERACION
5WT5,AGPE JULIO CONTRERAS,SOLAR,NO DESPACHADO CENTRALMENTE,AUTOG PEQ. ESCALA,GNCC,RAD SOLAR,2026-07-31,OPERACION
5WT7,AGPE COLEGIO LA MERCED,SOLAR,NO DESPACHADO CENTRALMENTE,AUTOG PEQ. ESCALA,GNCC,RAD SOLAR,2026-07-31,OPERACION
5WUA,TOLU SOLAR,SOLAR,NO DESPACHADO CENTRALMENTE,NORMAL,GRCG,RAD SOLAR,2026-07-31,PRUEBAS
5WUV,GD NOVA II,SOLAR,NO DESPACHADO CENTRALMENTE,GEN. DISTRIBUIDA,BIAG,RAD SOLAR,2026-04-30,PRUEBAS
5WUX,GD DELTA III,SOLAR,NO DESPACHADO CENTRALMENTE,GEN. DISTRIBUIDA,BIAG,RAD SOLAR,2026-05-31,PRUEBAS
5WUZ,GD MARIANGEL,SOLAR,NO DESPACHADO CENTRALMENTE,GEN. DISTRIBUIDA,SFEG,RAD SOLAR,2026-07-31,PRUEBAS
5XA5,GD EL TRIUNFO,SOLAR,NO DESPACHADO CENTRALMENTE,GEN. DISTRIBUIDA,SFEG,RAD SOLAR,2026-07-31,PRUEBAS
5XBY,GD LURUACO I A I,SOLAR,NO DESPACHADO CENTRALMENTE,GEN. DISTRIBUIDA,OTAG,RAD SOLAR,2026-08-25,OPERACION
5XC1,GD LURUACO I A II,SOLAR,NO DESPACHADO CENTRALMENTE,GEN. DISTRIBUIDA,OTAG,RAD SOLAR,2026-08-25,OPERACION
5XOI,GD LURUACO I A III,SOLAR,NO DESPACHADO CENTRALMENTE,GEN. DISTRIBUIDA,OTAG,RAD SOLAR,2026-08-25,OPERACION
5XOK,GD LURUACO I A IV,SOLAR,NO DESPACHADO CENTRALMENTE,GEN. DISTRIBUIDA,OTAG,RAD SOLAR,2026-08-25,OPERACION
5XOU,GD GY SAN MARTIN II,SOLAR,NO DESPACHADO CENTRALMENTE,GEN. DISTRIBUIDA,GNYG,RAD SOLAR,2026-08-26,OPERACION
5XOW,GD EVOLTI I,SOLAR,NO DESPACHADO CENTRALMENTE,GEN. DISTRIBUIDA,BIAG,RAD SOLAR,2026-07-31,PRUEBAS
5XQS,AUTOG ENKA DE COLOMBIA 1,TERMICA,NO DESPACHADO CENTRALMENTE,AUTOGENERADOR,EPMG,CARBON,2026-08-31,PRUEBAS
5XSB,GD ATTIE KAI PRINCESA NEGRA,SOLAR,NO DESPACHADO CENTRALMENTE,GEN. DISTRIBUIDA,GADG,RAD SOLAR,2026-08-31,PRUEBAS
ABJ1,LA CASCADA ( ABEJORRAL),HIDRAULICA,NO DESPACHADO CENTRALMENTE,NORMAL,GPEG,AGUA,2007-09-17,OPERACION
AFR1,AGUA FRESCA,HIDRAULICA,NO DESPACHADO CENTRALMENTE,NORMAL,ADCG,AGUA,2008-04-10,OPERACION
ALBG,ALBAN,HIDRAULICA,DESPACHADO CENTRALMENTE,NORMAL,EPSG,AGUA,2000-12-15,OPERACION
ALTG,ALTO TULUA,HIDRAULICA,NO DESPACHADO CENTRALMENTE,NORMAL,EPSG,AGUA,2012-05-28,OPERACION
AMA1,AMAIME,HIDRAULICA,NO DESPACHADO CENTRALMENTE,NORMAL,EPSG,AGUA,2011-01-06,OPERACION
AMF1,AMALFI,HIDRAULICA,NO DESPACHADO CENTRALMENTE,GEN. DISTRIBUIDA,HZEG,AGUA,2007-08-05,OPERACION
AMR1,AMERICA,HIDRAULICA,NO DESPACHADO CENTRALMENTE,GEN. DISTRIBUIDA,EPMG,AGUA,1997-01-01,OPERACION
APHA,FUTURA - PARQUE ALPHA,EOLICA,DESPACHADO CENTRALMENTE,NORMAL,VNRG,VIENTO,2022-12-01,PRUEBAS
APLU,FUTURA - APOTOLORRU,EOLICA,DESPACHADO CENTRALMENTE,NORMAL,CHVG,VIENTO,2022-12-01,PRUEBAS
ARG1,TERMOFENIX I 1,TERMICA,NO DESPACHADO CENTRALMENTE,NORMAL,DEPG,GAS,2016-03-15,OPERACION
ASN1,ASNAZU,HIDRAULICA,NO DESPACHADO CENTRALMENTE,NORMAL,CDIG,AGUA,1934-01-01,OPERACION
ATLP,ATLANTICO,SOLAR,DESPACHADO CENTRALMENTE,NORMAL,ENDG,RAD SOLAR,2025-09-30,PRUEBAS
AYR1,AUTOG AYURA,HIDRAULICA,NO DESPACHADO CENTRALMENTE,AUTOGENERADOR,EPMG,AGUA,1983-10-26,OPERACION
BAR1,BARROSO,HIDRAULICA,NO DESPACHADO CENTRALMENTE,NORMAL,ISGG,AGUA,2012-11-30,OPERACION
BETA,FUTURA - PARQUE BETA,EOLICA,DESPACHADO CENTRALMENTE,NORMAL,EOEG,VIENTO,2022-12-01,PRUEBAS
BLL3,BELLO,HIDRAULICA,NO DESPACHADO CENTRALMENTE,NORMAL,EPMG,AGUA,1997-01-01,OPERACION
BLM1,BELMONTE,HIDRAULICA,NO DESPACHADO CENTRALMENTE,NORMAL,EEPG,AGUA,1939-01-01,OPERACION
BSQ1,EL BOSQUE,HIDRAULICA,NO DESPACHADO CENTRALMENTE,NORMAL,ERCG,AGUA,1935-01-01,OPERACION
BYN1,BAYONA,HIDRAULICA,NO DESPACHADO CENTRALMENTE,GEN. DISTRIBUIDA,CALG,AGUA,1943-01-01,OPERACION
CAS1,CENTRAL CASTILLA 1,COGENERADOR,NO DESPACHADO CENTRALMENTE,COGENERADOR,RPEG,BAGAZO,2004-08-15,OPERACION
CCN1,COCONUCO,HIDRAULICA,NO DESPACHADO CENTRALMENTE,NORMAL,EMEG,AGUA,2000-09-27,OPERACION
CELE,FUTURA - CASA ELECTRICA,EOLICA,DESPACHADO CENTRALMENTE,NORMAL,CHVG,VIENTO,2022-12-01,PRUEBAS
CGM1,MAYAGUEZ 1,COGENERADOR,NO DESPACHADO CENTRALMENTE,COGENERADOR,EPSG,BAGAZO,2010-08-17,OPERACION
CHBG,BETANIA,HIDRAULICA,DESPACHADO CENTRALMENTE,NORMAL,ENDG,AGUA,1987-11-01,OPERACION
CHVR,CHIVOR,HIDRAULICA,DESPACHADO CENTRALMENTE,NORMAL,CHVG,AGUA,1977-05-23,OPERACION
CIP1,INGENIO PROVIDENCIA 2,COGENERADOR,NO DESPACHADO CENTRALMENTE,COGENERADOR,NTCG,BAGAZO,2009-05-18,OPERACION
CIS1,INGENIO SAN CARLOS 1,COGENERADOR,NO DESPACHADO CENTRALMENTE,COGENERADOR,EPSG,BAGAZO,2011-07-23,OPERACION
CIVG,NIMA II,HIDRAULICA,NO DESPACHADO CENTRALMENTE,FILO DE AGUA,CIVG,AGUA,2023-03-31,PRUEBAS
CLDR,CALDERAS,HIDRAULICA,NO DESPACHADO CENTRALMENTE,NORMAL,ISGG,AGUA,2006-06-30,OPERACION
CLL1,CARLOS LLERAS,HIDRAULICA,DESPACHADO CENTRALMENTE,FILO AGUA ESPECIAL,HDPG,AGUA,2015-11-22,OPERACION
CLMG,CALIMA,HIDRAULICA,DESPACHADO CENTRALMENTE,NORMAL,EPSG,AGUA,1967-01-01,OPERACION
CMN1,AUTOG CEMENTOS DEL NARE,HIDRAULICA,NO DESPACHADO CENTRALMENTE,AUTOGENERADOR,SOCG,AGUA,2004-09-01,OPERACION
CMP2,CAMPESTRE (EPM),HIDRAULICA,NO DESPACHADO CENTRALMENTE,NORMAL,EPMG,AGUA,1997-01-01,OPERACION
COE1,COELLO,HIDRAULICA,NO DESPACHADO CENTRALMENTE,NORMAL,ENGG,AGUA,2016-12-10,OPERACION
CPT1,CAMPESTRE (CALARCA),HIDRAULICA,NO DESPACHADO CENTRALMENTE,NORMAL,CALG,AGUA,1956-01-01,OPERACION
CQT1,CHARQUITO,HIDRAULICA,NO DESPACHADO CENTRALMENTE,NORMAL,ENDG,AGUA,2003-08-22,OPERACION
CRC1,CARACOLI,HIDRAULICA,NO DESPACHADO CENTRALMENTE,FILO DE AGUA,EPMG,AGUA,1935-01-01,OPERACION
CSC1,CASCADA,HIDRAULICA,NO DESPACHADO CENTRALMENTE,NORMAL,EPMG,AGUA,1954-01-01,OPERACION
CTG1,CARTAGENA 1,TERMICA,DESPACHADO CENTRALMENTE,NORMAL,NTCG,COMBUSTOLEO,1995-07-20,OPERACION
CTG2,CARTAGENA 2,TERMICA,DESPACHADO CENTRALMENTE,NORMAL,NTCG,COMBUSTOLEO,1980-01-01,OPERACION
CTG3,CARTAGENA 3,TERMICA,DESPACHADO CENTRALMENTE,NORMAL,NTCG,COMBUSTOLEO,1980-01-01,OPERACION
CUC1,CUCUANA,HIDRAULICA,DESPACHADO CENTRALMENTE,FILO DE AGUA,EPSG,AGUA,2015-07-29,OPERACION
CUR1,CURRUCUCUES,HIDRAULICA,NO DESPACHADO CENTRALMENTE,NORMAL,NRCG,AGUA,2010-08-18,OPERACION
DVS1,DARIO VALENCIA SAMPER,HIDRAULICA,DESPACHADO CENTRALMENTE,FILO DE AGUA,ENDG,AGUA,2013-11-10,OPERACION
EBAL,ESCOBAL VI,SOLAR,DESPACHADO CENTRALMENTE,NORMAL,EPSG,RAD SOLAR,2026-05-31,PRUEBAS
EPFV,EL PASO,SOLAR,DESPACHADO CENTRALMENTE,NORMAL,ENDG,RAD SOLAR,2024-03-23,OPERACION
ESMR,ESMERALDA,HIDRAULICA,DESPACHADO CENTRALMENTE,FILO DE AGUA,EPMG,AGUA,1963-01-01,OPERACION
FLRD,FLORIDA,HIDRAULICA,NO DESPACHADO CENTRALMENTE,NORMAL,CDIG,AGUA,1975-01-01,OPERACION
GAPC,AGPE AGROINDUSTRIAL MOLINO SONORA AP SAS,SOLAR,NO DESPACHADO CENTRALMENTE,AUTOG PEQ. ESCALA,GAPC,RAD SOLAR,2023-11-09,OPERACION
GCA1,CARUQUIA,HIDRAULICA,NO DESPACHADO CENTRALMENTE,NORMAL,ISGG,AGUA,2010-01-28,OPERACION
GCC1,GUACAICA,HIDRAULICA,NO DESPACHADO CENTRALMENTE,GEN. DISTRIBUIDA,EPMG,AGUA,1992-01-01,OPERACION
GE32,GECELCA 32,TERMICA,DESPACHADO CENTRALMENTE,NORMAL,GECG,CARBON,2018-09-28,OPERACION
GEC3,GECELCA 3,TERMICA,DESPACHADO CENTRALMENTE,NORMAL,GECG,CARBON,2015-09-17,OPERACION
GQA1,GUANAQUITAS,HIDRAULICA,NO DESPACHADO CENTRALMENTE,NORMAL,ISGG,AGUA,2010-06-30,OPERACION
GTPE,GUATAPE,HIDRAULICA,DESPACHADO CENTRALMENTE,NORMAL,EPMG,AGUA,1972-01-01,OPERACION
GTRG,GUATRON,HIDRAULICA,DESPACHADO CENTRALMENTE,NORMAL,EPMG,AGUA,1966-01-01,OPERACION
GVIO,GUAVIO,HIDRAULICA,DESPACHADO CENTRALMENTE,NORMAL,ENDG,AGUA,1993-03-19,OPERACION
GYP3,GUAYEPO III,SOLAR,DESPACHADO CENTRALMENTE,NORMAL,ENDG,RAD SOLAR,2026-02-25,OPERACION
GYPO,GUAYEPO,SOLAR,DESPACHADO CENTRALMENTE,NORMAL,ENDG,RAD SOLAR,2024-11-30,OPERACION
HMIN,ESCUELA DE MINAS,HIDRAULICA,DESPACHADO CENTRALMENTE,FILO DE AGUA,HDPG,AGUA,2019-09-30,OPERACION
HMLG,MIEL I,HIDRAULICA,DESPACHADO CENTRALMENTE,NORMAL,ISGG,AGUA,2002-12-01,OPERACION
HMO1,HIDROMONTAÑITAS,HIDRAULICA,NO DESPACHADO CENTRALMENTE,NORMAL,EPSG,AGUA,2012-06-14,OPERACION
HRD1,LA HERRADURA,HIDRAULICA,NO DESPACHADO CENTRALMENTE,FILO DE AGUA,EPMG,AGUA,2004-09-03,OPERACION
INC1,INCAUCA 1,COGENERADOR,NO DESPACHADO CENTRALMENTE,COGENERADOR,NTCG,BAGAZO,1998-10-21,OPERACION
INS1,INSULA,HIDRAULICA,NO DESPACHADO CENTRALMENTE,NORMAL,EPMG,AGUA,1995-07-20,OPERACION
INT1,INTERMEDIA,HIDRAULICA,NO DESPACHADO CENTRALMENTE,GEN. DISTRIBUIDA,EPMG,AGUA,1974-01-01,OPERACION
INZ1,INZA,HIDRAULICA,NO DESPACHADO CENTRALMENTE,NORMAL,CDIG,AGUA,2009-02-05,OPERACION
IQU1,IQUIRA I,HIDRAULICA,NO DESPACHADO CENTRALMENTE,NORMAL,HLAG,AGUA,1955-01-01,OPERACION
IQU2,IQUIRA II,HIDRAULICA,NO DESPACHADO CENTRALMENTE,NORMAL,HLAG,AGUA,1965-01-01,OPERACION
IRG1,INGENIO RISARALDA 1,COGENERADOR,NO DESPACHADO CENTRALMENTE,COGENERADOR,ERRG,BAGAZO,2003-08-15,OPERACION
JAGS,JAGUAS,HIDRAULICA,DESPACHADO CENTRALMENTE,NORMAL,ISGG,AGUA,1988-07-01,OPERACION
LBR1,NUEVO LIBARE,HIDRAULICA,NO DESPACHADO CENTRALMENTE,NORMAL,EEPG,AGUA,1994-01-01,OPERACION
LCS1,LA CASCADA (ANTIOQUIA),HIDRAULICA,NO DESPACHADO CENTRALMENTE,NORMAL,GNCG,AGUA,2007-07-17,OPERACION
LMR1,EL LIMONAR,HIDRAULICA,NO DESPACHADO CENTRALMENTE,NORMAL,ENDG,AGUA,2003-12-06,OPERACION
LPLO,RIO PALO,HIDRAULICA,NO DESPACHADO CENTRALMENTE,NORMAL,CDIG,AGUA,1960-01-01,OPERACION
LTSJ,LA TASAJERA,HIDRAULICA,DESPACHADO CENTRALMENTE,NORMAL,EPMG,AGUA,1994-05-20,OPERACION
MATA,LA MATA,SOLAR,DESPACHADO CENTRALMENTE,NORMAL,SLMG,RAD SOLAR,2024-06-27,OPERACION
MIR1,MIROLINDO,HIDRAULICA,NO DESPACHADO CENTRALMENTE,NORMAL,HDTG,AGUA,2004-11-03,OPERACION
MNC1,MUNICIPAL,HIDRAULICA,NO DESPACHADO CENTRALMENTE,NORMAL,EPMG,AGUA,1935-01-01,OPERACION
MND1,MONDOMO,HIDRAULICA,NO DESPACHADO CENTRALMENTE,NORMAL,CDIG,AGUA,1958-01-01,OPERACION
MNT1,MANANTIALES,HIDRAULICA,NO DESPACHADO CENTRALMENTE,NORMAL,EPMG,AGUA,1992-01-01,OPERACION
MOY1,AMOYA LA ESPERANZA,HIDRAULICA,DESPACHADO CENTRALMENTE,FILO DE AGUA,ISGG,AGUA,2013-05-24,OPERACION
MRL1,MERILECTRICA 1,TERMICA,DESPACHADO CENTRALMENTE,NORMAL,EPSG,GAS,1998-02-05,OPERACION
NAV1,LA NAVETA,HIDRAULICA,NO DESPACHADO CENTRALMENTE,NORMAL,IACG,AGUA,2014-11-27,OPERACION
NIM1,NIMA,HIDRAULICA,NO DESPACHADO CENTRALMENTE,NORMAL,SOCG,AGUA,1942-01-01,OPERACION
NQU1,NIQUIA,HIDRAULICA,NO DESPACHADO CENTRALMENTE,NORMAL,EPMG,AGUA,1993-06-28,OPERACION
NTB1,NUTIBARA,HIDRAULICA,NO DESPACHADO CENTRALMENTE,GEN. DISTRIBUIDA,EPMG,AGUA,1997-01-01,OPERACION
OVJ1,OVEJAS,HIDRAULICA,NO DESPACHADO CENTRALMENTE,GEN. DISTRIBUIDA,CDIG,AGUA,1939-01-01,OPERACION
PES1,ITUANGO,HIDRAULICA,DESPACHADO CENTRALMENTE,NORMAL,EPMG,AGUA,2022-12-01,OPERACION
PGUG,PAGUA,HIDRAULICA,DESPACHADO CENTRALMENTE,NORMAL,ENDG,AGUA,1986-12-01,OPERACION
PIC1,INGENIO PICHICHI 1,COGENERADOR,NO DESPACHADO CENTRALMENTE,COGENERADOR,EEPG,BAGAZO,2010-01-26,OPERACION
PJR1,PAJARITO,HIDRAULICA,NO DESPACHADO CENTRALMENTE,NORMAL,EPMG,AGUA,1999-11-25,OPERACION
PLM1,PALMAS SAN GIL,HIDRAULICA,NO DESPACHADO CENTRALMENTE,NORMAL,EPMG,AGUA,1954-01-01,OPERACION
PLU1,URRAO,HIDRAULICA,NO DESPACHADO CENTRALMENTE,NORMAL,SFEG,AGUA,2007-07-30,OPERACION
PLYS,PLAYAS,HIDRAULICA,DESPACHADO CENTRALMENTE,NORMAL,EPMG,AGUA,1988-08-01,OPERACION
PMR1,REMEDIOS,HIDRAULICA,NO DESPACHADO CENTRALMENTE,GEN. DISTRIBUIDA,CIEG,AGUA,2007-09-19,OPERACION
PNC1,COGENERADOR PROENCA,COGENERADOR,NO DESPACHADO CENTRALMENTE,COGENERADOR,PECG,BAGAZO,2014-04-29,OPERACION
PORO,PARQUE SOLAR PUERTA DE ORO,SOLAR,DESPACHADO CENTRALMENTE,NORMAL,OROG,RAD SOLAR,2026-07-04,OPERACION
PPA1,PAIPA 1,TERMICA,DESPACHADO CENTRALMENTE,NORMAL,HIMG,CARBON,1963-01-01,OPERACION
PPA2,PAIPA 2,TERMICA,DESPACHADO CENTRALMENTE,NORMAL,HIMG,CARBON,1975-01-01,OPERACION
PPA3,PAIPA 3,TERMICA,DESPACHADO CENTRALMENTE,NORMAL,HIMG,CARBON,1982-05-06,OPERACION
PPA4,PAIPA 4,TERMICA,DESPACHADO CENTRALMENTE,NORMAL,SOCG,CARBON,1999-01-08,OPERACION
PPN1,PAPELES NACIONALES,COGENERADOR,NO DESPACHADO CENTRALMENTE,COGENERADOR,NRCG,GAS,2009-02-05,OPERACION
PRC2,PORCE II,HIDRAULICA,DESPACHADO CENTRALMENTE,NORMAL,EPMG,AGUA,2001-04-08,OPERACION
PRC3,PORCE III,HIDRAULICA,DESPACHADO CENTRALMENTE,NORMAL,EPMG,AGUA,2011-02-09,OPERACION
PRD4,PRADO IV,HIDRAULICA,NO DESPACHADO CENTRALMENTE,NORMAL,EPSG,AGUA,1973-03-01,OPERACION
PRDO,PRADO,HIDRAULICA,DESPACHADO CENTRALMENTE,NORMAL,EPSG,AGUA,1973-03-01,OPERACION
PRG1,PROELECTRICA 1,TERMICA,DESPACHADO CENTRALMENTE,NORMAL,PRIG,GAS,1993-07-01,OPERACION
PRG2,PROELECTRICA 2,TERMICA,DESPACHADO CENTRALMENTE,NORMAL,PRIG,GAS,1993-07-01,OPERACION
PRMA,PLANTA SOLAR LA PRIMAVERA,SOLAR,DESPACHADO CENTRALMENTE,NORMAL,SOLG,RAD SOLAR,2026-03-31,PRUEBAS
PRV1,PROVIDENCIA,HIDRAULICA,NO DESPACHADO CENTRALMENTE,NORMAL,HZEG,AGUA,2015-09-30,OPERACION
PST1,PASTALES,HIDRAULICA,NO DESPACHADO CENTRALMENTE,GEN. DISTRIBUIDA,HDTG,AGUA,2004-02-18,OPERACION
PSUA,PARQUE SOLAR URRA,SOLAR,DESPACHADO CENTRALMENTE,NORMAL,EMUG,RAD SOLAR,2025-01-31,PRUEBAS
PTA1,LA PITA,HIDRAULICA,NO DESPACHADO CENTRALMENTE,NORMAL,HLAG,AGUA,1965-01-01,OPERACION
PTC1,PATICO - LA CABRERA,HIDRAULICA,NO DESPACHADO CENTRALMENTE,NORMAL,FERG,AGUA,1930-01-01,OPERACION
PTG1,PUENTE GUILLERMO,HIDRAULICA,NO DESPACHADO CENTRALMENTE,NORMAL,NRCG,AGUA,2001-09-01,OPERACION
PTR1,FUTURA - PTAR 1,TERMICA,NO DESPACHADO CENTRALMENTE,NORMAL,EMIG,GAS,2005-11-01,PRUEBAS
QUI1,EL QUIMBO,HIDRAULICA,DESPACHADO CENTRALMENTE,NORMAL,ENDG,AGUA,2015-11-16,OPERACION
RBB1,RIO BOBO,HIDRAULICA,NO DESPACHADO CENTRALMENTE,NORMAL,CDNG,AGUA,1960-01-01,OPERACION
RCIO,RIO RECIO,HIDRAULICA,NO DESPACHADO CENTRALMENTE,GEN. DISTRIBUIDA,HDTG,AGUA,1958-11-01,OPERACION
RCL1,RIO CALI,HIDRAULICA,NO DESPACHADO CENTRALMENTE,NORMAL,SOCG,AGUA,1925-01-01,OPERACION
RFR1,RIO FRIO I,HIDRAULICA,NO DESPACHADO CENTRALMENTE,NORMAL,SOCG,AGUA,1954-01-01,OPERACION
RFR2,RIO FRIO II,HIDRAULICA,NO DESPACHADO CENTRALMENTE,FILO DE AGUA,CETG,AGUA,1996-01-01,OPERACION
RGR1,RIO GRANDE,HIDRAULICA,NO DESPACHADO CENTRALMENTE,GEN. DISTRIBUIDA,EPMG,AGUA,2007-12-01,OPERACION
RGRN,RIOGRANDE I,HIDRAULICA,NO DESPACHADO CENTRALMENTE,NORMAL,EPMG,AGUA,1956-01-01,OPERACION
RMR1,RUMOR,HIDRAULICA,NO DESPACHADO CENTRALMENTE,NORMAL,SOCG,AGUA,1999-01-01,OPERACION
RMYO,RIO MAYO,HIDRAULICA,NO DESPACHADO CENTRALMENTE,FILO DE AGUA,CDNG,AGUA,1995-07-20,OPERACION
RNG1,RIONEGRO,HIDRAULICA,NO DESPACHADO CENTRALMENTE,NORMAL,SPRG,AGUA,1975-01-01,OPERACION
RPD1,RIO PIEDRAS,HIDRAULICA,NO DESPACHADO CENTRALMENTE,NORMAL,EPSG,AGUA,2000-03-31,OPERACION
RPL1,INGENIO RIOPAILA 1,COGENERADOR,NO DESPACHADO CENTRALMENTE,COGENERADOR,RPEG,BAGAZO,2018-05-21,OPERACION
SBA1,SUBA,HIDRAULICA,NO DESPACHADO CENTRALMENTE,NORMAL,ENDG,AGUA,2013-04-15,OPERACION
SFC1,SAN FRANCISCO (PUTUMAYO),HIDRAULICA,NO DESPACHADO CENTRALMENTE,NORMAL,SGMG,AGUA,2012-12-15,OPERACION
SJM1,SAN JOSE DE LA MONTAÑA,HIDRAULICA,NO DESPACHADO CENTRALMENTE,GEN. DISTRIBUIDA,GPEG,AGUA,2007-07-30,OPERACION
SJN1,SAJANDI,HIDRAULICA,NO DESPACHADO CENTRALMENTE,NORMAL,CDIG,AGUA,1995-01-01,OPERACION
SJOG,SAN JOSE,HIDRAULICA,NO DESPACHADO CENTRALMENTE,GEN. DISTRIBUIDA,GCEG,AGUA,2003-11-16,OPERACION
SLV1,SILVIA,HIDRAULICA,NO DESPACHADO CENTRALMENTE,NORMAL,CDIG,AGUA,1994-01-01,OPERACION
SLVJ,SALVAJINA,HIDRAULICA,DESPACHADO CENTRALMENTE,NORMAL,EPSG,AGUA,1995-07-20,OPERACION
SMI1,SAN MIGUEL,HIDRAULICA,DESPACHADO CENTRALMENTE,FILO DE AGUA,ISGG,AGUA,2015-12-23,OPERACION
SNC1,SAN CANCIO,HIDRAULICA,NO DESPACHADO CENTRALMENTE,NORMAL,EPMG,AGUA,1929-01-01,OPERACION
SNCR,SAN CARLOS,HIDRAULICA,DESPACHADO CENTRALMENTE,NORMAL,ISGG,AGUA,1984-01-20,OPERACION
SNFR,SAN FRANCISCO,HIDRAULICA,DESPACHADO CENTRALMENTE,FILO DE AGUA,EPMG,AGUA,1969-01-01,OPERACION
SNS1,SONSON,HIDRAULICA,NO DESPACHADO CENTRALMENTE,NORMAL,EPMG,AGUA,2002-06-01,OPERACION
SNT1,SANTA ANA,HIDRAULICA,NO DESPACHADO CENTRALMENTE,NORMAL,ENDG,AGUA,2005-06-09,OPERACION
SOG1,SOGAMOSO,HIDRAULICA,DESPACHADO CENTRALMENTE,NORMAL,ISGG,AGUA,2014-12-20,OPERACION
SPY1,RIO SAPUYES,HIDRAULICA,NO DESPACHADO CENTRALMENTE,NORMAL,CDNG,AGUA,1954-01-01,OPERACION
SRA1,SANTA RITA,HIDRAULICA,NO DESPACHADO CENTRALMENTE,NORMAL,GPEG,AGUA,2010-08-18,OPERACION
STG1,SANTIAGO,HIDRAULICA,NO DESPACHADO CENTRALMENTE,NORMAL,HDTG,AGUA,2011-01-08,OPERACION
SUV1,SUEVA 2,HIDRAULICA,NO DESPACHADO CENTRALMENTE,NORMAL,CMXG,AGUA,2002-05-24,OPERACION
TBQ3,BARRANQUILLA 3,TERMICA,DESPACHADO CENTRALMENTE,NORMAL,TBSG,GAS,1980-01-01,OPERACION
TBQ4,BARRANQUILLA 4,TERMICA,DESPACHADO CENTRALMENTE,NORMAL,TBSG,GAS,1980-01-01,OPERACION
TBST,TEBSAB CC,TERMICA,DESPACHADO CENTRALMENTE,CICLO COMBINADO,TBSG,GAS,1989-10-21,OPERACION
TCBE,TERMOCARIBE III 1,TERMICA,DESPACHADO CENTRALMENTE,NORMAL,TCBG,GLP,2024-03-21,OPERACION
TCD1,TERMOCANDELARIA CC 1,TERMICA,DESPACHADO CENTRALMENTE,CICLO COMBINADO,TCIG,GAS,2000-05-18,OPERACION
TCD2,TERMOCANDELARIA CC 2,TERMICA,DESPACHADO CENTRALMENTE,CICLO COMBINADO,TCIG,GAS,2000-07-13,OPERACION
TCDT,TERMOCANDELARIA CC,TERMICA,DESPACHADO CENTRALMENTE,CICLO COMBINADO,TCIG,GAS,2023-10-27,OPERACION
TDR1,TERMODORADA 1,TERMICA,DESPACHADO CENTRALMENTE,NORMAL,EPMG,JET-A1,1997-08-11,OPERACION
TEC1,TERMOEMCALI CC,TERMICA,DESPACHADO CENTRALMENTE,CICLO COMBINADO,TEMG,ACPM,1999-07-16,OPERACION
TFL1,FLORES I CC,TERMICA,DESPACHADO CENTRALMENTE,CICLO COMBINADO,TMFG,GAS,1993-11-01,OPERACION
TFL4,FLORES 4 CC,TERMICA,DESPACHADO CENTRALMENTE,CICLO COMBINADO,TMFG,GAS,2010-12-01,OPERACION
TGJ1,GUAJIRA 1,TERMICA,DESPACHADO CENTRALMENTE,NORMAL,GECG,CARBON,1983-08-08,OPERACION
TGJ2,GUAJIRA 2,TERMICA,DESPACHADO CENTRALMENTE,NORMAL,GECG,CARBON,1987-11-23,OPERACION
TMB1,TERMOBOLIVAR 1,TERMICA,NO DESPACHADO CENTRALMENTE,NORMAL,GSAG,GAS,2016-03-04,OPERACION
TMS1,RIOFRIO (TAMESIS),HIDRAULICA,NO DESPACHADO CENTRALMENTE,GEN. DISTRIBUIDA,EPMG,AGUA,1951-01-01,OPERACION
TPD1,TERMOPIEDRAS 1,TERMICA,NO DESPACHADO CENTRALMENTE,NORMAL,TRPG,GAS,1999-12-30,OPERACION
TPUY,PARQUE SOLAR TEPUY,SOLAR,DESPACHADO CENTRALMENTE,NORMAL,EPMG,RAD SOLAR,2024-06-12,OPERACION
TR2G,TRINA-VATIA BSLII,SOLAR,NO DESPACHADO CENTRALMENTE,NORMAL,ISGG,RAD SOLAR,2021-01-22,PRUEBAS
TR3G,TRINA-VATIA BSLIII,SOLAR,NO DESPACHADO CENTRALMENTE,NORMAL,ISGG,RAD SOLAR,2020-11-30,PRUEBAS
TRM1,TERMOCENTRO CC,TERMICA,DESPACHADO CENTRALMENTE,CICLO COMBINADO,TCNG,GAS,2000-11-30,OPERACION
TRN1,TERMONORTE,TERMICA,DESPACHADO CENTRALMENTE,NORMAL,TMNG,COMBUSTOLEO,2018-12-01,OPERACION
TSJ1,TASAJERO 1,TERMICA,DESPACHADO CENTRALMENTE,NORMAL,TRMG,CARBON,1985-02-20,OPERACION
TSJ2,TASAJERO 2,TERMICA,DESPACHADO CENTRALMENTE,NORMAL,TERG,CARBON,2015-11-30,OPERACION
TSR1,TERMOSIERRA CC,TERMICA,DESPACHADO CENTRALMENTE,CICLO COMBINADO,EPMG,ACPM,1998-02-07,OPERACION
TUJ1,TUNJITA,HIDRAULICA,DESPACHADO CENTRALMENTE,FILO DE AGUA,CHVG,AGUA,2016-06-30,OPERACION
TVL1,TERMOVALLE CC,TERMICA,DESPACHADO CENTRALMENTE,CICLO COMBINADO,TMVG,ACPM,2011-12-17,OPERACION
TYP1,TERMOYOPAL 1,TERMICA,DESPACHADO CENTRALMENTE,NORMAL,TYPG,GAS,2005-03-11,OPERACION
TYP2,TERMOYOPAL 2,TERMICA,DESPACHADO CENTRALMENTE,NORMAL,TYPG,GAS,2004-07-29,OPERACION
TYP3,TERMOYOPAL G3,TERMICA,DESPACHADO CENTRALMENTE,NORMAL,TYPG,GAS,2020-08-31,OPERACION
TYP4,TERMOYOPAL G4,TERMICA,DESPACHADO CENTRALMENTE,NORMAL,TYPG,GAS,2020-08-31,OPERACION
TYP5,TERMOYOPAL G5,TERMICA,DESPACHADO CENTRALMENTE,NORMAL,TYPG,GAS,2021-02-11,OPERACION
UNN1,UNION,HIDRAULICA,NO DESPACHADO CENTRALMENTE,GEN. DISTRIBUIDA,CALG,AGUA,1935-01-01,OPERACION
URA1,URRA,HIDRAULICA,DESPACHADO CENTRALMENTE,NORMAL,EMUG,AGUA,2000-02-14,OPERACION
USQ1,USAQUEN,HIDRAULICA,NO DESPACHADO CENTRALMENTE,NORMAL,ENDG,AGUA,2013-04-15,OPERACION
VLT1,LA VUELTA,HIDRAULICA,NO DESPACHADO CENTRALMENTE,NORMAL,EPMG,AGUA,2004-11-22,OPERACION
VNTA,VENTANA A,HIDRAULICA,NO DESPACHADO CENTRALMENTE,NORMAL,HDTG,AGUA,1957-11-01,OPERACION
VNTB,VENTANA B,HIDRAULICA,NO DESPACHADO CENTRALMENTE,NORMAL,HDTG,AGUA,1957-11-01,OPERACION
ZPA2,ZIPAEMG 2,TERMICA,DESPACHADO CENTRALMENTE,NORMAL,ENDG,CARBON,1964-01-01,OPERACION
ZPA3,ZIPAEMG 3,TERMICA,DESPACHADO CENTRALMENTE,NORMAL,ENDG,CARBON,1976-01-01,OPERACION
ZPA4,ZIPAEMG 4,TERMICA,DESPACHADO CENTRALMENTE,NORMAL,ENDG,CARBON,1981-04-01,OPERACION
ZPA5,ZIPAEMG 5,TERMICA,DESPACHADO CENTRALMENTE,NORMAL,ENDG,CARBON,1985-12-14,OPERACION
